ggml_cuda_init: found 1 CUDA devices (Total VRAM: 7800 MiB):
  Device 0: NVIDIA GeForce RTX 2060 SUPER, compute capability 7.5, VMM: yes, VRAM: 7800 MiB
llama_model_loader: loaded meta data with 56 key-value pairs and 720 tensors from /opt/sinobuz/copula/openjev-ggml/models/e4b/gemma-4-E4B-it-Q4_K_M.gguf (version GGUF V3 (latest))
llama_model_loader: Dumping metadata keys/values. Note: KV overrides do not apply in this output.
llama_model_loader: - kv   0:                       general.architecture str              = gemma4
llama_model_loader: - kv   1:                               general.type str              = model
llama_model_loader: - kv   2:                     general.sampling.top_k i32              = 64
llama_model_loader: - kv   3:                     general.sampling.top_p f32              = 0.950000
llama_model_loader: - kv   4:                      general.sampling.temp f32              = 1.000000
llama_model_loader: - kv   5:                               general.name str              = Gemma-4-E4B-It
llama_model_loader: - kv   6:                           general.basename str              = Gemma-4-E4B-It
llama_model_loader: - kv   7:                       general.quantized_by str              = Unsloth
llama_model_loader: - kv   8:                         general.size_label str              = 7.5B
llama_model_loader: - kv   9:                            general.license str              = apache-2.0
llama_model_loader: - kv  10:                       general.license.link str              = https://ai.google.dev/gemma/docs/gemm...
llama_model_loader: - kv  11:                           general.repo_url str              = https://huggingface.co/unsloth
llama_model_loader: - kv  12:                   general.base_model.count u32              = 1
llama_model_loader: - kv  13:                  general.base_model.0.name str              = Gemma 4 E4B It
llama_model_loader: - kv  14:          general.base_model.0.organization str              = Google
llama_model_loader: - kv  15:              general.base_model.0.repo_url str              = https://huggingface.co/google/gemma-4...
llama_model_loader: - kv  16:                               general.tags arr[str,2]       = ["unsloth", "any-to-any"]
llama_model_loader: - kv  17:                         gemma4.block_count u32              = 42
llama_model_loader: - kv  18:                      gemma4.context_length u32              = 131072
llama_model_loader: - kv  19:                    gemma4.embedding_length u32              = 2560
llama_model_loader: - kv  20:                 gemma4.feed_forward_length u32              = 10240
llama_model_loader: - kv  21:                gemma4.attention.head_count u32              = 8
llama_model_loader: - kv  22:             gemma4.attention.head_count_kv u32              = 2
llama_model_loader: - kv  23:                      gemma4.rope.freq_base f32              = 1000000.000000
llama_model_loader: - kv  24:                  gemma4.rope.freq_base_swa f32              = 10000.000000
llama_model_loader: - kv  25:    gemma4.attention.layer_norm_rms_epsilon f32              = 0.000001
llama_model_loader: - kv  26:                gemma4.attention.key_length u32              = 512
llama_model_loader: - kv  27:              gemma4.attention.value_length u32              = 512
llama_model_loader: - kv  28:             gemma4.final_logit_softcapping f32              = 30.000000
llama_model_loader: - kv  29:            gemma4.attention.sliding_window u32              = 512
llama_model_loader: - kv  30:          gemma4.attention.shared_kv_layers u32              = 18
llama_model_loader: - kv  31:    gemma4.embedding_length_per_layer_input u32              = 256
llama_model_loader: - kv  32:    gemma4.attention.sliding_window_pattern arr[bool,42]     = [true, true, true, true, true, false,...
llama_model_loader: - kv  33:            gemma4.attention.key_length_swa u32              = 256
llama_model_loader: - kv  34:          gemma4.attention.value_length_swa u32              = 256
llama_model_loader: - kv  35:                gemma4.rope.dimension_count u32              = 512
llama_model_loader: - kv  36:            gemma4.rope.dimension_count_swa u32              = 256
llama_model_loader: - kv  37:                       tokenizer.ggml.model str              = gemma4
llama_model_loader: - kv  38:                      tokenizer.ggml.tokens arr[str,262144]  = ["<pad>", "<eos>", "<bos>", "<unk>", ...
llama_model_loader: - kv  39:                      tokenizer.ggml.scores arr[f32,262144]  = [-1000.000000, -1000.000000, -1000.00...
llama_model_loader: - kv  40:                  tokenizer.ggml.token_type arr[i32,262144]  = [3, 1, 3, 3, 3, 1, 1, 1, 1, 1, 1, 1, ...
llama_model_loader: - kv  41:                      tokenizer.ggml.merges arr[str,514906]  = ["\n\n\n\n\n\n\n\n\n\n\n\n\n\n\n\n\n\n\n\n\n\n\n\n\n\n\n\n\n\n \n", ...
llama_model_loader: - kv  42:                tokenizer.ggml.bos_token_id u32              = 2
llama_model_loader: - kv  43:                tokenizer.ggml.eos_token_id u32              = 106
llama_model_loader: - kv  44:            tokenizer.ggml.unknown_token_id u32              = 3
llama_model_loader: - kv  45:            tokenizer.ggml.padding_token_id u32              = 0
llama_model_loader: - kv  46:               tokenizer.ggml.mask_token_id u32              = 4
llama_model_loader: - kv  47:            tokenizer.ggml.add_space_prefix bool             = false
llama_model_loader: - kv  48:               tokenizer.ggml.add_bos_token bool             = true
llama_model_loader: - kv  49:               general.quantization_version u32              = 2
llama_model_loader: - kv  50:                          general.file_type u32              = 15
llama_model_loader: - kv  51:                      quantize.imatrix.file str              = gemma-4-E4B-it-GGUF/imatrix_unsloth.gguf
llama_model_loader: - kv  52:                   quantize.imatrix.dataset str              = unsloth_calibration_gemma-4-E4B-it.txt
llama_model_loader: - kv  53:             quantize.imatrix.entries_count u32              = 342
llama_model_loader: - kv  54:              quantize.imatrix.chunks_count u32              = 141
llama_model_loader: - kv  55:                    tokenizer.chat_template str              = {%- macro format_parameters(propertie...
llama_model_loader: - type  f32:  423 tensors
llama_model_loader: - type q4_K:  253 tensors
llama_model_loader: - type q5_K:    1 tensors
llama_model_loader: - type q6_K:   42 tensors
llama_model_loader: - type bf16:    1 tensors
print_info: file format = GGUF V3 (latest)
print_info: file type   = Q4_K - Medium
print_info: file size   = 4.62 GiB (5.28 BPW) 
llama_prepare_model_devices: using device CUDA0 (NVIDIA GeForce RTX 2060 SUPER) (0000:af:00.0) - 7707 MiB free
init_tokenizer: initializing tokenizer for type 2
load: 0 unused tokens
load: control token: 258884 '<|video|>' is not marked as EOG
load: control token: 255999 '<|image>' is not marked as EOG
load: control token: 258882 '<image|>' is not marked as EOG
load: control token: 258883 '<audio|>' is not marked as EOG
load: control token:     98 '<|think|>' is not marked as EOG
load: control token:    105 '<|turn>' is not marked as EOG
load: control token: 258880 '<|image|>' is not marked as EOG
load: control token:      2 '<bos>' is not marked as EOG
load: control-looking token:    212 '</s>' was not control-type; this is probably a bug in the model. its type will be overridden
load: control token:      0 '<pad>' is not marked as EOG
load: control-looking token:     50 '<|tool_response>' was not control-type; this is probably a bug in the model. its type will be overridden
load: control token:     46 '<|tool>' is not marked as EOG
load: control token:     47 '<tool|>' is not marked as EOG
load: control token: 256000 '<|audio>' is not marked as EOG
load: control token:      3 '<unk>' is not marked as EOG
load: control token: 258881 '<|audio|>' is not marked as EOG
load: control-looking token:      1 '<eos>' was not control-type; this is probably a bug in the model. its type will be overridden
load: control token:      4 '<mask>' is not marked as EOG
load: printing all EOG tokens:
load:   - 1 ('<eos>')
load:   - 50 ('<|tool_response>')
load:   - 106 ('<turn|>')
load:   - 212 ('</s>')
load: '</s>' is a normal token here, removing it from EOG list
load: special tokens cache size = 24
load: token to piece cache size = 1.9445 MB
print_info: arch                  = gemma4
print_info: vocab_only            = 0
print_info: no_alloc              = 0
print_info: n_ctx_train           = 131072
print_info: n_embd_inp            = 2560
print_info: n_embd                = 2560
print_info: n_embd_out            = 2560
print_info: n_layer               = 42
print_info: n_layer_all           = 42
print_info: n_head                = 8
print_info: n_head_kv             = 2
print_info: n_rot                 = 512
print_info: n_swa                 = 512
print_info: is_swa_any            = 1
print_info: non_causal_type       = 1
print_info: n_embd_head_k         = 512
print_info: n_embd_head_v         = 512
print_info: n_gqa                 = 4
print_info: n_embd_k_gqa          = [512, 512, 512, 512, 512, 1024, 512, 512, 512, 512, 512, 1024, 512, 512, 512, 512, 512, 1024, 512, 512, 512, 512, 512, 1024, 512, 512, 512, 512, 512, 1024, 512, 512, 512, 512, 512, 1024, 512, 512, 512, 512, 512, 1024]
print_info: n_embd_v_gqa          = [512, 512, 512, 512, 512, 1024, 512, 512, 512, 512, 512, 1024, 512, 512, 512, 512, 512, 1024, 512, 512, 512, 512, 512, 1024, 512, 512, 512, 512, 512, 1024, 512, 512, 512, 512, 512, 1024, 512, 512, 512, 512, 512, 1024]
print_info: f_norm_eps            = 0.0e+00
print_info: f_norm_rms_eps        = 1.0e-06
print_info: f_clamp_kqv           = 0.0e+00
print_info: f_max_alibi_bias      = 0.0e+00
print_info: f_logit_scale         = 0.0e+00
print_info: f_attn_scale          = 1.0e+00
print_info: f_attn_value_scale    = 0.0000
print_info: n_ff                  = 10240
print_info: n_expert              = 0
print_info: n_expert_used         = 0
print_info: n_expert_groups       = 0
print_info: n_group_used          = 0
print_info: causal attn           = 1
print_info: pooling type          = -1
print_info: rope type             = 2
print_info: rope scaling          = linear
print_info: freq_base_train       = 1000000.0
print_info: freq_scale_train      = 1
print_info: freq_base_swa         = 10000.0
print_info: freq_scale_swa        = 1
print_info: n_embd_head_k_swa     = 256
print_info: n_embd_head_v_swa     = 256
print_info: n_rot_swa             = 256
print_info: n_ctx_orig_yarn       = 131072
print_info: rope_yarn_log_mul     = 0.0000
print_info: rope_finetuned        = unknown
print_info: model type            = E4B
print_info: model params          = 7.52 B
print_info: general.name          = Gemma-4-E4B-It
print_info: vocab type            = BPE
print_info: n_vocab               = 262144
print_info: n_merges              = 514906
print_info: BOS token             = 2 '<bos>'
print_info: EOS token             = 106 '<turn|>'
print_info: UNK token             = 3 '<unk>'
print_info: PAD token             = 0 '<pad>'
print_info: MASK token            = 4 '<mask>'
print_info: LF token              = 107 '
'
print_info: EOG token             = 1 '<eos>'
print_info: EOG token             = 50 '<|tool_response>'
print_info: EOG token             = 106 '<turn|>'
print_info: max token length      = 93
load_tensors: loading model tensors, this can take a while... (load_mode = mmap)
load_tensors: layer   0 assigned to device CUDA0, is_swa = 1
load_tensors: layer   1 assigned to device CUDA0, is_swa = 1
load_tensors: layer   2 assigned to device CUDA0, is_swa = 1
load_tensors: layer   3 assigned to device CUDA0, is_swa = 1
load_tensors: layer   4 assigned to device CUDA0, is_swa = 1
load_tensors: layer   5 assigned to device CUDA0, is_swa = 0
load_tensors: layer   6 assigned to device CUDA0, is_swa = 1
load_tensors: layer   7 assigned to device CUDA0, is_swa = 1
load_tensors: layer   8 assigned to device CUDA0, is_swa = 1
load_tensors: layer   9 assigned to device CUDA0, is_swa = 1
load_tensors: layer  10 assigned to device CUDA0, is_swa = 1
load_tensors: layer  11 assigned to device CUDA0, is_swa = 0
load_tensors: layer  12 assigned to device CUDA0, is_swa = 1
load_tensors: layer  13 assigned to device CUDA0, is_swa = 1
load_tensors: layer  14 assigned to device CUDA0, is_swa = 1
load_tensors: layer  15 assigned to device CUDA0, is_swa = 1
load_tensors: layer  16 assigned to device CUDA0, is_swa = 1
load_tensors: layer  17 assigned to device CUDA0, is_swa = 0
load_tensors: layer  18 assigned to device CUDA0, is_swa = 1
load_tensors: layer  19 assigned to device CUDA0, is_swa = 1
load_tensors: layer  20 assigned to device CUDA0, is_swa = 1
load_tensors: layer  21 assigned to device CUDA0, is_swa = 1
load_tensors: layer  22 assigned to device CUDA0, is_swa = 1
load_tensors: layer  23 assigned to device CUDA0, is_swa = 0
load_tensors: layer  24 assigned to device CUDA0, is_swa = 1
load_tensors: layer  25 assigned to device CUDA0, is_swa = 1
load_tensors: layer  26 assigned to device CUDA0, is_swa = 1
load_tensors: layer  27 assigned to device CUDA0, is_swa = 1
load_tensors: layer  28 assigned to device CUDA0, is_swa = 1
load_tensors: layer  29 assigned to device CUDA0, is_swa = 0
load_tensors: layer  30 assigned to device CUDA0, is_swa = 1
load_tensors: layer  31 assigned to device CUDA0, is_swa = 1
load_tensors: layer  32 assigned to device CUDA0, is_swa = 1
load_tensors: layer  33 assigned to device CUDA0, is_swa = 1
load_tensors: layer  34 assigned to device CUDA0, is_swa = 1
load_tensors: layer  35 assigned to device CUDA0, is_swa = 0
load_tensors: layer  36 assigned to device CUDA0, is_swa = 1
load_tensors: layer  37 assigned to device CUDA0, is_swa = 1
load_tensors: layer  38 assigned to device CUDA0, is_swa = 1
load_tensors: layer  39 assigned to device CUDA0, is_swa = 1
load_tensors: layer  40 assigned to device CUDA0, is_swa = 1
load_tensors: layer  41 assigned to device CUDA0, is_swa = 0
load_tensors: layer  42 assigned to device CUDA0, is_swa = 0
create_tensor: loading tensor output.weight
create_tensor: loading tensor token_embd.weight
tensor token_embd.weight (360 MiB q4_K) buffer type overridden to CUDA0
create_tensor: loading tensor token_embd.weight
tensor token_embd.weight (360 MiB q4_K) buffer type overridden to CUDA0
create_tensor: loading tensor per_layer_token_embd.weight
tensor per_layer_token_embd.weight (1848 MiB q5_K) buffer type overridden to CUDA0
create_tensor: loading tensor per_layer_model_proj.weight
tensor per_layer_model_proj.weight (52 MiB bf16) buffer type overridden to CUDA0
create_tensor: loading tensor per_layer_proj_norm.weight
tensor per_layer_proj_norm.weight (0 MiB f32) buffer type overridden to CUDA0
create_tensor: loading tensor output_norm.weight
tensor output_norm.weight (0 MiB f32) buffer type overridden to CUDA0
create_tensor: loading tensor blk.0.attn_norm.weight
tensor blk.0.attn_norm.weight (0 MiB f32) buffer type overridden to CUDA0
create_tensor: loading tensor blk.0.attn_qkv.weight
create_tensor: loading tensor blk.0.attn_q.weight
tensor blk.0.attn_q.weight (2 MiB q4_K) buffer type overridden to CUDA0
create_tensor: loading tensor blk.0.attn_k.weight
tensor blk.0.attn_k.weight (0 MiB q4_K) buffer type overridden to CUDA0
create_tensor: loading tensor blk.0.attn_v.weight
tensor blk.0.attn_v.weight (1 MiB q6_K) buffer type overridden to CUDA0
create_tensor: loading tensor blk.0.attn_output.weight
tensor blk.0.attn_output.weight (2 MiB q4_K) buffer type overridden to CUDA0
create_tensor: loading tensor blk.0.attn_q_norm.weight
tensor blk.0.attn_q_norm.weight (0 MiB f32) buffer type overridden to CUDA0
create_tensor: loading tensor blk.0.attn_k_norm.weight
tensor blk.0.attn_k_norm.weight (0 MiB f32) buffer type overridden to CUDA0
create_tensor: loading tensor blk.0.post_attention_norm.weight
tensor blk.0.post_attention_norm.weight (0 MiB f32) buffer type overridden to CUDA0
create_tensor: loading tensor blk.0.layer_output_scale.weight
tensor blk.0.layer_output_scale.weight (0 MiB f32) buffer type overridden to CUDA0
create_tensor: loading tensor blk.0.ffn_norm.weight
tensor blk.0.ffn_norm.weight (0 MiB f32) buffer type overridden to CUDA0
create_tensor: loading tensor blk.0.ffn_gate.weight
tensor blk.0.ffn_gate.weight (14 MiB q4_K) buffer type overridden to CUDA0
create_tensor: loading tensor blk.0.ffn_up.weight
tensor blk.0.ffn_up.weight (14 MiB q4_K) buffer type overridden to CUDA0
create_tensor: loading tensor blk.0.ffn_down.weight
tensor blk.0.ffn_down.weight (20 MiB q6_K) buffer type overridden to CUDA0
create_tensor: loading tensor blk.0.post_ffw_norm.weight
tensor blk.0.post_ffw_norm.weight (0 MiB f32) buffer type overridden to CUDA0
create_tensor: loading tensor blk.0.ffn_gate_inp.weight
create_tensor: loading tensor blk.0.inp_gate.weight
tensor blk.0.inp_gate.weight (2 MiB f32) buffer type overridden to CUDA0
create_tensor: loading tensor blk.0.proj.weight
tensor blk.0.proj.weight (2 MiB f32) buffer type overridden to CUDA0
create_tensor: loading tensor blk.0.post_norm.weight
tensor blk.0.post_norm.weight (0 MiB f32) buffer type overridden to CUDA0
create_tensor: loading tensor blk.1.attn_norm.weight
tensor blk.1.attn_norm.weight (0 MiB f32) buffer type overridden to CUDA0
create_tensor: loading tensor blk.1.attn_qkv.weight
create_tensor: loading tensor blk.1.attn_q.weight
tensor blk.1.attn_q.weight (2 MiB q4_K) buffer type overridden to CUDA0
create_tensor: loading tensor blk.1.attn_k.weight
tensor blk.1.attn_k.weight (0 MiB q4_K) buffer type overridden to CUDA0
create_tensor: loading tensor blk.1.attn_v.weight
tensor blk.1.attn_v.weight (1 MiB q6_K) buffer type overridden to CUDA0
create_tensor: loading tensor blk.1.attn_output.weight
tensor blk.1.attn_output.weight (2 MiB q4_K) buffer type overridden to CUDA0
create_tensor: loading tensor blk.1.attn_q_norm.weight
tensor blk.1.attn_q_norm.weight (0 MiB f32) buffer type overridden to CUDA0
create_tensor: loading tensor blk.1.attn_k_norm.weight
tensor blk.1.attn_k_norm.weight (0 MiB f32) buffer type overridden to CUDA0
create_tensor: loading tensor blk.1.post_attention_norm.weight
tensor blk.1.post_attention_norm.weight (0 MiB f32) buffer type overridden to CUDA0
create_tensor: loading tensor blk.1.layer_output_scale.weight
tensor blk.1.layer_output_scale.weight (0 MiB f32) buffer type overridden to CUDA0
create_tensor: loading tensor blk.1.ffn_norm.weight
tensor blk.1.ffn_norm.weight (0 MiB f32) buffer type overridden to CUDA0
create_tensor: loading tensor blk.1.ffn_gate.weight
tensor blk.1.ffn_gate.weight (14 MiB q4_K) buffer type overridden to CUDA0
create_tensor: loading tensor blk.1.ffn_up.weight
tensor blk.1.ffn_up.weight (14 MiB q4_K) buffer type overridden to CUDA0
create_tensor: loading tensor blk.1.ffn_down.weight
tensor blk.1.ffn_down.weight (20 MiB q6_K) buffer type overridden to CUDA0
create_tensor: loading tensor blk.1.post_ffw_norm.weight
tensor blk.1.post_ffw_norm.weight (0 MiB f32) buffer type overridden to CUDA0
create_tensor: loading tensor blk.1.ffn_gate_inp.weight
create_tensor: loading tensor blk.1.inp_gate.weight
tensor blk.1.inp_gate.weight (2 MiB f32) buffer type overridden to CUDA0
create_tensor: loading tensor blk.1.proj.weight
tensor blk.1.proj.weight (2 MiB f32) buffer type overridden to CUDA0
create_tensor: loading tensor blk.1.post_norm.weight
tensor blk.1.post_norm.weight (0 MiB f32) buffer type overridden to CUDA0
create_tensor: loading tensor blk.2.attn_norm.weight
tensor blk.2.attn_norm.weight (0 MiB f32) buffer type overridden to CUDA0
create_tensor: loading tensor blk.2.attn_qkv.weight
create_tensor: loading tensor blk.2.attn_q.weight
tensor blk.2.attn_q.weight (2 MiB q4_K) buffer type overridden to CUDA0
create_tensor: loading tensor blk.2.attn_k.weight
tensor blk.2.attn_k.weight (0 MiB q4_K) buffer type overridden to CUDA0
create_tensor: loading tensor blk.2.attn_v.weight
tensor blk.2.attn_v.weight (1 MiB q6_K) buffer type overridden to CUDA0
create_tensor: loading tensor blk.2.attn_output.weight
tensor blk.2.attn_output.weight (2 MiB q4_K) buffer type overridden to CUDA0
create_tensor: loading tensor blk.2.attn_q_norm.weight
tensor blk.2.attn_q_norm.weight (0 MiB f32) buffer type overridden to CUDA0
create_tensor: loading tensor blk.2.attn_k_norm.weight
tensor blk.2.attn_k_norm.weight (0 MiB f32) buffer type overridden to CUDA0
create_tensor: loading tensor blk.2.post_attention_norm.weight
tensor blk.2.post_attention_norm.weight (0 MiB f32) buffer type overridden to CUDA0
create_tensor: loading tensor blk.2.layer_output_scale.weight
tensor blk.2.layer_output_scale.weight (0 MiB f32) buffer type overridden to CUDA0
create_tensor: loading tensor blk.2.ffn_norm.weight
tensor blk.2.ffn_norm.weight (0 MiB f32) buffer type overridden to CUDA0
create_tensor: loading tensor blk.2.ffn_gate.weight
tensor blk.2.ffn_gate.weight (14 MiB q4_K) buffer type overridden to CUDA0
create_tensor: loading tensor blk.2.ffn_up.weight
tensor blk.2.ffn_up.weight (14 MiB q4_K) buffer type overridden to CUDA0
create_tensor: loading tensor blk.2.ffn_down.weight
tensor blk.2.ffn_down.weight (20 MiB q6_K) buffer type overridden to CUDA0
create_tensor: loading tensor blk.2.post_ffw_norm.weight
tensor blk.2.post_ffw_norm.weight (0 MiB f32) buffer type overridden to CUDA0
create_tensor: loading tensor blk.2.ffn_gate_inp.weight
create_tensor: loading tensor blk.2.inp_gate.weight
tensor blk.2.inp_gate.weight (2 MiB f32) buffer type overridden to CUDA0
create_tensor: loading tensor blk.2.proj.weight
tensor blk.2.proj.weight (2 MiB f32) buffer type overridden to CUDA0
create_tensor: loading tensor blk.2.post_norm.weight
tensor blk.2.post_norm.weight (0 MiB f32) buffer type overridden to CUDA0
create_tensor: loading tensor blk.3.attn_norm.weight
tensor blk.3.attn_norm.weight (0 MiB f32) buffer type overridden to CUDA0
create_tensor: loading tensor blk.3.attn_qkv.weight
create_tensor: loading tensor blk.3.attn_q.weight
tensor blk.3.attn_q.weight (2 MiB q4_K) buffer type overridden to CUDA0
create_tensor: loading tensor blk.3.attn_k.weight
tensor blk.3.attn_k.weight (0 MiB q4_K) buffer type overridden to CUDA0
create_tensor: loading tensor blk.3.attn_v.weight
tensor blk.3.attn_v.weight (1 MiB q6_K) buffer type overridden to CUDA0
create_tensor: loading tensor blk.3.attn_output.weight
tensor blk.3.attn_output.weight (2 MiB q4_K) buffer type overridden to CUDA0
create_tensor: loading tensor blk.3.attn_q_norm.weight
tensor blk.3.attn_q_norm.weight (0 MiB f32) buffer type overridden to CUDA0
create_tensor: loading tensor blk.3.attn_k_norm.weight
tensor blk.3.attn_k_norm.weight (0 MiB f32) buffer type overridden to CUDA0
create_tensor: loading tensor blk.3.post_attention_norm.weight
tensor blk.3.post_attention_norm.weight (0 MiB f32) buffer type overridden to CUDA0
create_tensor: loading tensor blk.3.layer_output_scale.weight
tensor blk.3.layer_output_scale.weight (0 MiB f32) buffer type overridden to CUDA0
create_tensor: loading tensor blk.3.ffn_norm.weight
tensor blk.3.ffn_norm.weight (0 MiB f32) buffer type overridden to CUDA0
create_tensor: loading tensor blk.3.ffn_gate.weight
tensor blk.3.ffn_gate.weight (14 MiB q4_K) buffer type overridden to CUDA0
create_tensor: loading tensor blk.3.ffn_up.weight
tensor blk.3.ffn_up.weight (14 MiB q4_K) buffer type overridden to CUDA0
create_tensor: loading tensor blk.3.ffn_down.weight
tensor blk.3.ffn_down.weight (20 MiB q6_K) buffer type overridden to CUDA0
create_tensor: loading tensor blk.3.post_ffw_norm.weight
tensor blk.3.post_ffw_norm.weight (0 MiB f32) buffer type overridden to CUDA0
create_tensor: loading tensor blk.3.ffn_gate_inp.weight
create_tensor: loading tensor blk.3.inp_gate.weight
tensor blk.3.inp_gate.weight (2 MiB f32) buffer type overridden to CUDA0
create_tensor: loading tensor blk.3.proj.weight
tensor blk.3.proj.weight (2 MiB f32) buffer type overridden to CUDA0
create_tensor: loading tensor blk.3.post_norm.weight
tensor blk.3.post_norm.weight (0 MiB f32) buffer type overridden to CUDA0
create_tensor: loading tensor blk.4.attn_norm.weight
tensor blk.4.attn_norm.weight (0 MiB f32) buffer type overridden to CUDA0
create_tensor: loading tensor blk.4.attn_qkv.weight
create_tensor: loading tensor blk.4.attn_q.weight
tensor blk.4.attn_q.weight (2 MiB q4_K) buffer type overridden to CUDA0
create_tensor: loading tensor blk.4.attn_k.weight
tensor blk.4.attn_k.weight (0 MiB q4_K) buffer type overridden to CUDA0
create_tensor: loading tensor blk.4.attn_v.weight
tensor blk.4.attn_v.weight (1 MiB q6_K) buffer type overridden to CUDA0
create_tensor: loading tensor blk.4.attn_output.weight
tensor blk.4.attn_output.weight (2 MiB q4_K) buffer type overridden to CUDA0
create_tensor: loading tensor blk.4.attn_q_norm.weight
tensor blk.4.attn_q_norm.weight (0 MiB f32) buffer type overridden to CUDA0
create_tensor: loading tensor blk.4.attn_k_norm.weight
tensor blk.4.attn_k_norm.weight (0 MiB f32) buffer type overridden to CUDA0
create_tensor: loading tensor blk.4.post_attention_norm.weight
tensor blk.4.post_attention_norm.weight (0 MiB f32) buffer type overridden to CUDA0
create_tensor: loading tensor blk.4.layer_output_scale.weight
tensor blk.4.layer_output_scale.weight (0 MiB f32) buffer type overridden to CUDA0
create_tensor: loading tensor blk.4.ffn_norm.weight
tensor blk.4.ffn_norm.weight (0 MiB f32) buffer type overridden to CUDA0
create_tensor: loading tensor blk.4.ffn_gate.weight
tensor blk.4.ffn_gate.weight (14 MiB q4_K) buffer type overridden to CUDA0
create_tensor: loading tensor blk.4.ffn_up.weight
tensor blk.4.ffn_up.weight (14 MiB q4_K) buffer type overridden to CUDA0
create_tensor: loading tensor blk.4.ffn_down.weight
tensor blk.4.ffn_down.weight (20 MiB q6_K) buffer type overridden to CUDA0
create_tensor: loading tensor blk.4.post_ffw_norm.weight
tensor blk.4.post_ffw_norm.weight (0 MiB f32) buffer type overridden to CUDA0
create_tensor: loading tensor blk.4.ffn_gate_inp.weight
create_tensor: loading tensor blk.4.inp_gate.weight
tensor blk.4.inp_gate.weight (2 MiB f32) buffer type overridden to CUDA0
create_tensor: loading tensor blk.4.proj.weight
tensor blk.4.proj.weight (2 MiB f32) buffer type overridden to CUDA0
create_tensor: loading tensor blk.4.post_norm.weight
tensor blk.4.post_norm.weight (0 MiB f32) buffer type overridden to CUDA0
create_tensor: loading tensor blk.5.attn_norm.weight
tensor blk.5.attn_norm.weight (0 MiB f32) buffer type overridden to CUDA0
create_tensor: loading tensor blk.5.attn_qkv.weight
create_tensor: loading tensor blk.5.attn_q.weight
tensor blk.5.attn_q.weight (5 MiB q4_K) buffer type overridden to CUDA0
create_tensor: loading tensor blk.5.attn_k.weight
tensor blk.5.attn_k.weight (1 MiB q4_K) buffer type overridden to CUDA0
create_tensor: loading tensor blk.5.attn_v.weight
tensor blk.5.attn_v.weight (1 MiB q4_K) buffer type overridden to CUDA0
create_tensor: loading tensor blk.5.attn_output.weight
tensor blk.5.attn_output.weight (5 MiB q4_K) buffer type overridden to CUDA0
create_tensor: loading tensor blk.5.attn_q_norm.weight
tensor blk.5.attn_q_norm.weight (0 MiB f32) buffer type overridden to CUDA0
create_tensor: loading tensor blk.5.attn_k_norm.weight
tensor blk.5.attn_k_norm.weight (0 MiB f32) buffer type overridden to CUDA0
create_tensor: loading tensor blk.5.post_attention_norm.weight
tensor blk.5.post_attention_norm.weight (0 MiB f32) buffer type overridden to CUDA0
create_tensor: loading tensor blk.5.layer_output_scale.weight
tensor blk.5.layer_output_scale.weight (0 MiB f32) buffer type overridden to CUDA0
create_tensor: loading tensor rope_freqs.weight
tensor rope_freqs.weight (0 MiB f32) buffer type overridden to CUDA0
create_tensor: loading tensor blk.5.ffn_norm.weight
tensor blk.5.ffn_norm.weight (0 MiB f32) buffer type overridden to CUDA0
create_tensor: loading tensor blk.5.ffn_gate.weight
tensor blk.5.ffn_gate.weight (14 MiB q4_K) buffer type overridden to CUDA0
create_tensor: loading tensor blk.5.ffn_up.weight
tensor blk.5.ffn_up.weight (14 MiB q4_K) buffer type overridden to CUDA0
create_tensor: loading tensor blk.5.ffn_down.weight
tensor blk.5.ffn_down.weight (14 MiB q4_K) buffer type overridden to CUDA0
create_tensor: loading tensor blk.5.post_ffw_norm.weight
tensor blk.5.post_ffw_norm.weight (0 MiB f32) buffer type overridden to CUDA0
create_tensor: loading tensor blk.5.ffn_gate_inp.weight
create_tensor: loading tensor blk.5.inp_gate.weight
tensor blk.5.inp_gate.weight (2 MiB f32) buffer type overridden to CUDA0
create_tensor: loading tensor blk.5.proj.weight
tensor blk.5.proj.weight (2 MiB f32) buffer type overridden to CUDA0
create_tensor: loading tensor blk.5.post_norm.weight
tensor blk.5.post_norm.weight (0 MiB f32) buffer type overridden to CUDA0
create_tensor: loading tensor blk.6.attn_norm.weight
tensor blk.6.attn_norm.weight (0 MiB f32) buffer type overridden to CUDA0
create_tensor: loading tensor blk.6.attn_qkv.weight
create_tensor: loading tensor blk.6.attn_q.weight
tensor blk.6.attn_q.weight (2 MiB q4_K) buffer type overridden to CUDA0
create_tensor: loading tensor blk.6.attn_k.weight
tensor blk.6.attn_k.weight (0 MiB q4_K) buffer type overridden to CUDA0
create_tensor: loading tensor blk.6.attn_v.weight
tensor blk.6.attn_v.weight (0 MiB q4_K) buffer type overridden to CUDA0
create_tensor: loading tensor blk.6.attn_output.weight
tensor blk.6.attn_output.weight (2 MiB q4_K) buffer type overridden to CUDA0
create_tensor: loading tensor blk.6.attn_q_norm.weight
tensor blk.6.attn_q_norm.weight (0 MiB f32) buffer type overridden to CUDA0
create_tensor: loading tensor blk.6.attn_k_norm.weight
tensor blk.6.attn_k_norm.weight (0 MiB f32) buffer type overridden to CUDA0
create_tensor: loading tensor blk.6.post_attention_norm.weight
tensor blk.6.post_attention_norm.weight (0 MiB f32) buffer type overridden to CUDA0
create_tensor: loading tensor blk.6.layer_output_scale.weight
tensor blk.6.layer_output_scale.weight (0 MiB f32) buffer type overridden to CUDA0
create_tensor: loading tensor blk.6.ffn_norm.weight
tensor blk.6.ffn_norm.weight (0 MiB f32) buffer type overridden to CUDA0
create_tensor: loading tensor blk.6.ffn_gate.weight
tensor blk.6.ffn_gate.weight (14 MiB q4_K) buffer type overridden to CUDA0
create_tensor: loading tensor blk.6.ffn_up.weight
tensor blk.6.ffn_up.weight (14 MiB q4_K) buffer type overridden to CUDA0
create_tensor: loading tensor blk.6.ffn_down.weight
tensor blk.6.ffn_down.weight (14 MiB q4_K) buffer type overridden to CUDA0
create_tensor: loading tensor blk.6.post_ffw_norm.weight
tensor blk.6.post_ffw_norm.weight (0 MiB f32) buffer type overridden to CUDA0
create_tensor: loading tensor blk.6.ffn_gate_inp.weight
create_tensor: loading tensor blk.6.inp_gate.weight
tensor blk.6.inp_gate.weight (2 MiB f32) buffer type overridden to CUDA0
create_tensor: loading tensor blk.6.proj.weight
tensor blk.6.proj.weight (2 MiB f32) buffer type overridden to CUDA0
create_tensor: loading tensor blk.6.post_norm.weight
tensor blk.6.post_norm.weight (0 MiB f32) buffer type overridden to CUDA0
create_tensor: loading tensor blk.7.attn_norm.weight
tensor blk.7.attn_norm.weight (0 MiB f32) buffer type overridden to CUDA0
create_tensor: loading tensor blk.7.attn_qkv.weight
create_tensor: loading tensor blk.7.attn_q.weight
tensor blk.7.attn_q.weight (2 MiB q4_K) buffer type overridden to CUDA0
create_tensor: loading tensor blk.7.attn_k.weight
tensor blk.7.attn_k.weight (0 MiB q4_K) buffer type overridden to CUDA0
create_tensor: loading tensor blk.7.attn_v.weight
tensor blk.7.attn_v.weight (1 MiB q6_K) buffer type overridden to CUDA0
create_tensor: loading tensor blk.7.attn_output.weight
tensor blk.7.attn_output.weight (2 MiB q4_K) buffer type overridden to CUDA0
create_tensor: loading tensor blk.7.attn_q_norm.weight
tensor blk.7.attn_q_norm.weight (0 MiB f32) buffer type overridden to CUDA0
create_tensor: loading tensor blk.7.attn_k_norm.weight
tensor blk.7.attn_k_norm.weight (0 MiB f32) buffer type overridden to CUDA0
create_tensor: loading tensor blk.7.post_attention_norm.weight
tensor blk.7.post_attention_norm.weight (0 MiB f32) buffer type overridden to CUDA0
create_tensor: loading tensor blk.7.layer_output_scale.weight
tensor blk.7.layer_output_scale.weight (0 MiB f32) buffer type overridden to CUDA0
create_tensor: loading tensor blk.7.ffn_norm.weight
tensor blk.7.ffn_norm.weight (0 MiB f32) buffer type overridden to CUDA0
create_tensor: loading tensor blk.7.ffn_gate.weight
tensor blk.7.ffn_gate.weight (14 MiB q4_K) buffer type overridden to CUDA0
create_tensor: loading tensor blk.7.ffn_up.weight
tensor blk.7.ffn_up.weight (14 MiB q4_K) buffer type overridden to CUDA0
create_tensor: loading tensor blk.7.ffn_down.weight
tensor blk.7.ffn_down.weight (20 MiB q6_K) buffer type overridden to CUDA0
create_tensor: loading tensor blk.7.post_ffw_norm.weight
tensor blk.7.post_ffw_norm.weight (0 MiB f32) buffer type overridden to CUDA0
create_tensor: loading tensor blk.7.ffn_gate_inp.weight
create_tensor: loading tensor blk.7.inp_gate.weight
tensor blk.7.inp_gate.weight (2 MiB f32) buffer type overridden to CUDA0
create_tensor: loading tensor blk.7.proj.weight
tensor blk.7.proj.weight (2 MiB f32) buffer type overridden to CUDA0
create_tensor: loading tensor blk.7.post_norm.weight
tensor blk.7.post_norm.weight (0 MiB f32) buffer type overridden to CUDA0
create_tensor: loading tensor blk.8.attn_norm.weight
tensor blk.8.attn_norm.weight (0 MiB f32) buffer type overridden to CUDA0
create_tensor: loading tensor blk.8.attn_qkv.weight
create_tensor: loading tensor blk.8.attn_q.weight
tensor blk.8.attn_q.weight (2 MiB q4_K) buffer type overridden to CUDA0
create_tensor: loading tensor blk.8.attn_k.weight
tensor blk.8.attn_k.weight (0 MiB q4_K) buffer type overridden to CUDA0
create_tensor: loading tensor blk.8.attn_v.weight
tensor blk.8.attn_v.weight (0 MiB q4_K) buffer type overridden to CUDA0
create_tensor: loading tensor blk.8.attn_output.weight
tensor blk.8.attn_output.weight (2 MiB q4_K) buffer type overridden to CUDA0
create_tensor: loading tensor blk.8.attn_q_norm.weight
tensor blk.8.attn_q_norm.weight (0 MiB f32) buffer type overridden to CUDA0
create_tensor: loading tensor blk.8.attn_k_norm.weight
tensor blk.8.attn_k_norm.weight (0 MiB f32) buffer type overridden to CUDA0
create_tensor: loading tensor blk.8.post_attention_norm.weight
tensor blk.8.post_attention_norm.weight (0 MiB f32) buffer type overridden to CUDA0
create_tensor: loading tensor blk.8.layer_output_scale.weight
tensor blk.8.layer_output_scale.weight (0 MiB f32) buffer type overridden to CUDA0
create_tensor: loading tensor blk.8.ffn_norm.weight
tensor blk.8.ffn_norm.weight (0 MiB f32) buffer type overridden to CUDA0
create_tensor: loading tensor blk.8.ffn_gate.weight
tensor blk.8.ffn_gate.weight (14 MiB q4_K) buffer type overridden to CUDA0
create_tensor: loading tensor blk.8.ffn_up.weight
tensor blk.8.ffn_up.weight (14 MiB q4_K) buffer type overridden to CUDA0
create_tensor: loading tensor blk.8.ffn_down.weight
tensor blk.8.ffn_down.weight (14 MiB q4_K) buffer type overridden to CUDA0
create_tensor: loading tensor blk.8.post_ffw_norm.weight
tensor blk.8.post_ffw_norm.weight (0 MiB f32) buffer type overridden to CUDA0
create_tensor: loading tensor blk.8.ffn_gate_inp.weight
create_tensor: loading tensor blk.8.inp_gate.weight
tensor blk.8.inp_gate.weight (2 MiB f32) buffer type overridden to CUDA0
create_tensor: loading tensor blk.8.proj.weight
tensor blk.8.proj.weight (2 MiB f32) buffer type overridden to CUDA0
create_tensor: loading tensor blk.8.post_norm.weight
tensor blk.8.post_norm.weight (0 MiB f32) buffer type overridden to CUDA0
create_tensor: loading tensor blk.9.attn_norm.weight
tensor blk.9.attn_norm.weight (0 MiB f32) buffer type overridden to CUDA0
create_tensor: loading tensor blk.9.attn_qkv.weight
create_tensor: loading tensor blk.9.attn_q.weight
tensor blk.9.attn_q.weight (2 MiB q4_K) buffer type overridden to CUDA0
create_tensor: loading tensor blk.9.attn_k.weight
tensor blk.9.attn_k.weight (0 MiB q4_K) buffer type overridden to CUDA0
create_tensor: loading tensor blk.9.attn_v.weight
tensor blk.9.attn_v.weight (0 MiB q4_K) buffer type overridden to CUDA0
create_tensor: loading tensor blk.9.attn_output.weight
tensor blk.9.attn_output.weight (2 MiB q4_K) buffer type overridden to CUDA0
create_tensor: loading tensor blk.9.attn_q_norm.weight
tensor blk.9.attn_q_norm.weight (0 MiB f32) buffer type overridden to CUDA0
create_tensor: loading tensor blk.9.attn_k_norm.weight
tensor blk.9.attn_k_norm.weight (0 MiB f32) buffer type overridden to CUDA0
create_tensor: loading tensor blk.9.post_attention_norm.weight
tensor blk.9.post_attention_norm.weight (0 MiB f32) buffer type overridden to CUDA0
create_tensor: loading tensor blk.9.layer_output_scale.weight
tensor blk.9.layer_output_scale.weight (0 MiB f32) buffer type overridden to CUDA0
create_tensor: loading tensor blk.9.ffn_norm.weight
tensor blk.9.ffn_norm.weight (0 MiB f32) buffer type overridden to CUDA0
create_tensor: loading tensor blk.9.ffn_gate.weight
tensor blk.9.ffn_gate.weight (14 MiB q4_K) buffer type overridden to CUDA0
create_tensor: loading tensor blk.9.ffn_up.weight
tensor blk.9.ffn_up.weight (14 MiB q4_K) buffer type overridden to CUDA0
create_tensor: loading tensor blk.9.ffn_down.weight
tensor blk.9.ffn_down.weight (14 MiB q4_K) buffer type overridden to CUDA0
create_tensor: loading tensor blk.9.post_ffw_norm.weight
tensor blk.9.post_ffw_norm.weight (0 MiB f32) buffer type overridden to CUDA0
create_tensor: loading tensor blk.9.ffn_gate_inp.weight
create_tensor: loading tensor blk.9.inp_gate.weight
tensor blk.9.inp_gate.weight (2 MiB f32) buffer type overridden to CUDA0
create_tensor: loading tensor blk.9.proj.weight
tensor blk.9.proj.weight (2 MiB f32) buffer type overridden to CUDA0
create_tensor: loading tensor blk.9.post_norm.weight
tensor blk.9.post_norm.weight (0 MiB f32) buffer type overridden to CUDA0
create_tensor: loading tensor blk.10.attn_norm.weight
tensor blk.10.attn_norm.weight (0 MiB f32) buffer type overridden to CUDA0
create_tensor: loading tensor blk.10.attn_qkv.weight
create_tensor: loading tensor blk.10.attn_q.weight
tensor blk.10.attn_q.weight (2 MiB q4_K) buffer type overridden to CUDA0
create_tensor: loading tensor blk.10.attn_k.weight
tensor blk.10.attn_k.weight (0 MiB q4_K) buffer type overridden to CUDA0
create_tensor: loading tensor blk.10.attn_v.weight
tensor blk.10.attn_v.weight (1 MiB q6_K) buffer type overridden to CUDA0
create_tensor: loading tensor blk.10.attn_output.weight
tensor blk.10.attn_output.weight (2 MiB q4_K) buffer type overridden to CUDA0
create_tensor: loading tensor blk.10.attn_q_norm.weight
tensor blk.10.attn_q_norm.weight (0 MiB f32) buffer type overridden to CUDA0
create_tensor: loading tensor blk.10.attn_k_norm.weight
tensor blk.10.attn_k_norm.weight (0 MiB f32) buffer type overridden to CUDA0
create_tensor: loading tensor blk.10.post_attention_norm.weight
tensor blk.10.post_attention_norm.weight (0 MiB f32) buffer type overridden to CUDA0
create_tensor: loading tensor blk.10.layer_output_scale.weight
tensor blk.10.layer_output_scale.weight (0 MiB f32) buffer type overridden to CUDA0
create_tensor: loading tensor blk.10.ffn_norm.weight
tensor blk.10.ffn_norm.weight (0 MiB f32) buffer type overridden to CUDA0
create_tensor: loading tensor blk.10.ffn_gate.weight
tensor blk.10.ffn_gate.weight (14 MiB q4_K) buffer type overridden to CUDA0
create_tensor: loading tensor blk.10.ffn_up.weight
tensor blk.10.ffn_up.weight (14 MiB q4_K) buffer type overridden to CUDA0
create_tensor: loading tensor blk.10.ffn_down.weight
tensor blk.10.ffn_down.weight (20 MiB q6_K) buffer type overridden to CUDA0
create_tensor: loading tensor blk.10.post_ffw_norm.weight
tensor blk.10.post_ffw_norm.weight (0 MiB f32) buffer type overridden to CUDA0
create_tensor: loading tensor blk.10.ffn_gate_inp.weight
create_tensor: loading tensor blk.10.inp_gate.weight
tensor blk.10.inp_gate.weight (2 MiB f32) buffer type overridden to CUDA0
create_tensor: loading tensor blk.10.proj.weight
tensor blk.10.proj.weight (2 MiB f32) buffer type overridden to CUDA0
create_tensor: loading tensor blk.10.post_norm.weight
tensor blk.10.post_norm.weight (0 MiB f32) buffer type overridden to CUDA0
create_tensor: loading tensor blk.11.attn_norm.weight
tensor blk.11.attn_norm.weight (0 MiB f32) buffer type overridden to CUDA0
create_tensor: loading tensor blk.11.attn_qkv.weight
create_tensor: loading tensor blk.11.attn_q.weight
tensor blk.11.attn_q.weight (5 MiB q4_K) buffer type overridden to CUDA0
create_tensor: loading tensor blk.11.attn_k.weight
tensor blk.11.attn_k.weight (1 MiB q4_K) buffer type overridden to CUDA0
create_tensor: loading tensor blk.11.attn_v.weight
tensor blk.11.attn_v.weight (1 MiB q4_K) buffer type overridden to CUDA0
create_tensor: loading tensor blk.11.attn_output.weight
tensor blk.11.attn_output.weight (5 MiB q4_K) buffer type overridden to CUDA0
create_tensor: loading tensor blk.11.attn_q_norm.weight
tensor blk.11.attn_q_norm.weight (0 MiB f32) buffer type overridden to CUDA0
create_tensor: loading tensor blk.11.attn_k_norm.weight
tensor blk.11.attn_k_norm.weight (0 MiB f32) buffer type overridden to CUDA0
create_tensor: loading tensor blk.11.post_attention_norm.weight
tensor blk.11.post_attention_norm.weight (0 MiB f32) buffer type overridden to CUDA0
create_tensor: loading tensor blk.11.layer_output_scale.weight
tensor blk.11.layer_output_scale.weight (0 MiB f32) buffer type overridden to CUDA0
create_tensor: loading tensor rope_freqs.weight
tensor rope_freqs.weight (0 MiB f32) buffer type overridden to CUDA0
create_tensor: loading tensor blk.11.ffn_norm.weight
tensor blk.11.ffn_norm.weight (0 MiB f32) buffer type overridden to CUDA0
create_tensor: loading tensor blk.11.ffn_gate.weight
tensor blk.11.ffn_gate.weight (14 MiB q4_K) buffer type overridden to CUDA0
create_tensor: loading tensor blk.11.ffn_up.weight
tensor blk.11.ffn_up.weight (14 MiB q4_K) buffer type overridden to CUDA0
create_tensor: loading tensor blk.11.ffn_down.weight
tensor blk.11.ffn_down.weight (14 MiB q4_K) buffer type overridden to CUDA0
create_tensor: loading tensor blk.11.post_ffw_norm.weight
tensor blk.11.post_ffw_norm.weight (0 MiB f32) buffer type overridden to CUDA0
create_tensor: loading tensor blk.11.ffn_gate_inp.weight
create_tensor: loading tensor blk.11.inp_gate.weight
tensor blk.11.inp_gate.weight (2 MiB f32) buffer type overridden to CUDA0
create_tensor: loading tensor blk.11.proj.weight
tensor blk.11.proj.weight (2 MiB f32) buffer type overridden to CUDA0
create_tensor: loading tensor blk.11.post_norm.weight
tensor blk.11.post_norm.weight (0 MiB f32) buffer type overridden to CUDA0
create_tensor: loading tensor blk.12.attn_norm.weight
tensor blk.12.attn_norm.weight (0 MiB f32) buffer type overridden to CUDA0
create_tensor: loading tensor blk.12.attn_qkv.weight
create_tensor: loading tensor blk.12.attn_q.weight
tensor blk.12.attn_q.weight (2 MiB q4_K) buffer type overridden to CUDA0
create_tensor: loading tensor blk.12.attn_k.weight
tensor blk.12.attn_k.weight (0 MiB q4_K) buffer type overridden to CUDA0
create_tensor: loading tensor blk.12.attn_v.weight
tensor blk.12.attn_v.weight (0 MiB q4_K) buffer type overridden to CUDA0
create_tensor: loading tensor blk.12.attn_output.weight
tensor blk.12.attn_output.weight (2 MiB q4_K) buffer type overridden to CUDA0
create_tensor: loading tensor blk.12.attn_q_norm.weight
tensor blk.12.attn_q_norm.weight (0 MiB f32) buffer type overridden to CUDA0
create_tensor: loading tensor blk.12.attn_k_norm.weight
tensor blk.12.attn_k_norm.weight (0 MiB f32) buffer type overridden to CUDA0
create_tensor: loading tensor blk.12.post_attention_norm.weight
tensor blk.12.post_attention_norm.weight (0 MiB f32) buffer type overridden to CUDA0
create_tensor: loading tensor blk.12.layer_output_scale.weight
tensor blk.12.layer_output_scale.weight (0 MiB f32) buffer type overridden to CUDA0
create_tensor: loading tensor blk.12.ffn_norm.weight
tensor blk.12.ffn_norm.weight (0 MiB f32) buffer type overridden to CUDA0
create_tensor: loading tensor blk.12.ffn_gate.weight
tensor blk.12.ffn_gate.weight (14 MiB q4_K) buffer type overridden to CUDA0
create_tensor: loading tensor blk.12.ffn_up.weight
tensor blk.12.ffn_up.weight (14 MiB q4_K) buffer type overridden to CUDA0
create_tensor: loading tensor blk.12.ffn_down.weight
tensor blk.12.ffn_down.weight (14 MiB q4_K) buffer type overridden to CUDA0
create_tensor: loading tensor blk.12.post_ffw_norm.weight
tensor blk.12.post_ffw_norm.weight (0 MiB f32) buffer type overridden to CUDA0
create_tensor: loading tensor blk.12.ffn_gate_inp.weight
create_tensor: loading tensor blk.12.inp_gate.weight
tensor blk.12.inp_gate.weight (2 MiB f32) buffer type overridden to CUDA0
create_tensor: loading tensor blk.12.proj.weight
tensor blk.12.proj.weight (2 MiB f32) buffer type overridden to CUDA0
create_tensor: loading tensor blk.12.post_norm.weight
tensor blk.12.post_norm.weight (0 MiB f32) buffer type overridden to CUDA0
create_tensor: loading tensor blk.13.attn_norm.weight
tensor blk.13.attn_norm.weight (0 MiB f32) buffer type overridden to CUDA0
create_tensor: loading tensor blk.13.attn_qkv.weight
create_tensor: loading tensor blk.13.attn_q.weight
tensor blk.13.attn_q.weight (2 MiB q4_K) buffer type overridden to CUDA0
create_tensor: loading tensor blk.13.attn_k.weight
tensor blk.13.attn_k.weight (0 MiB q4_K) buffer type overridden to CUDA0
create_tensor: loading tensor blk.13.attn_v.weight
tensor blk.13.attn_v.weight (1 MiB q6_K) buffer type overridden to CUDA0
create_tensor: loading tensor blk.13.attn_output.weight
tensor blk.13.attn_output.weight (2 MiB q4_K) buffer type overridden to CUDA0
create_tensor: loading tensor blk.13.attn_q_norm.weight
tensor blk.13.attn_q_norm.weight (0 MiB f32) buffer type overridden to CUDA0
create_tensor: loading tensor blk.13.attn_k_norm.weight
tensor blk.13.attn_k_norm.weight (0 MiB f32) buffer type overridden to CUDA0
create_tensor: loading tensor blk.13.post_attention_norm.weight
tensor blk.13.post_attention_norm.weight (0 MiB f32) buffer type overridden to CUDA0
create_tensor: loading tensor blk.13.layer_output_scale.weight
tensor blk.13.layer_output_scale.weight (0 MiB f32) buffer type overridden to CUDA0
create_tensor: loading tensor blk.13.ffn_norm.weight
tensor blk.13.ffn_norm.weight (0 MiB f32) buffer type overridden to CUDA0
create_tensor: loading tensor blk.13.ffn_gate.weight
tensor blk.13.ffn_gate.weight (14 MiB q4_K) buffer type overridden to CUDA0
create_tensor: loading tensor blk.13.ffn_up.weight
tensor blk.13.ffn_up.weight (14 MiB q4_K) buffer type overridden to CUDA0
create_tensor: loading tensor blk.13.ffn_down.weight
tensor blk.13.ffn_down.weight (20 MiB q6_K) buffer type overridden to CUDA0
create_tensor: loading tensor blk.13.post_ffw_norm.weight
tensor blk.13.post_ffw_norm.weight (0 MiB f32) buffer type overridden to CUDA0
create_tensor: loading tensor blk.13.ffn_gate_inp.weight
create_tensor: loading tensor blk.13.inp_gate.weight
tensor blk.13.inp_gate.weight (2 MiB f32) buffer type overridden to CUDA0
create_tensor: loading tensor blk.13.proj.weight
tensor blk.13.proj.weight (2 MiB f32) buffer type overridden to CUDA0
create_tensor: loading tensor blk.13.post_norm.weight
tensor blk.13.post_norm.weight (0 MiB f32) buffer type overridden to CUDA0
create_tensor: loading tensor blk.14.attn_norm.weight
tensor blk.14.attn_norm.weight (0 MiB f32) buffer type overridden to CUDA0
create_tensor: loading tensor blk.14.attn_qkv.weight
create_tensor: loading tensor blk.14.attn_q.weight
tensor blk.14.attn_q.weight (2 MiB q4_K) buffer type overridden to CUDA0
create_tensor: loading tensor blk.14.attn_k.weight
tensor blk.14.attn_k.weight (0 MiB q4_K) buffer type overridden to CUDA0
create_tensor: loading tensor blk.14.attn_v.weight
tensor blk.14.attn_v.weight (0 MiB q4_K) buffer type overridden to CUDA0
create_tensor: loading tensor blk.14.attn_output.weight
tensor blk.14.attn_output.weight (2 MiB q4_K) buffer type overridden to CUDA0
create_tensor: loading tensor blk.14.attn_q_norm.weight
tensor blk.14.attn_q_norm.weight (0 MiB f32) buffer type overridden to CUDA0
create_tensor: loading tensor blk.14.attn_k_norm.weight
tensor blk.14.attn_k_norm.weight (0 MiB f32) buffer type overridden to CUDA0
create_tensor: loading tensor blk.14.post_attention_norm.weight
tensor blk.14.post_attention_norm.weight (0 MiB f32) buffer type overridden to CUDA0
create_tensor: loading tensor blk.14.layer_output_scale.weight
tensor blk.14.layer_output_scale.weight (0 MiB f32) buffer type overridden to CUDA0
create_tensor: loading tensor blk.14.ffn_norm.weight
tensor blk.14.ffn_norm.weight (0 MiB f32) buffer type overridden to CUDA0
create_tensor: loading tensor blk.14.ffn_gate.weight
tensor blk.14.ffn_gate.weight (14 MiB q4_K) buffer type overridden to CUDA0
create_tensor: loading tensor blk.14.ffn_up.weight
tensor blk.14.ffn_up.weight (14 MiB q4_K) buffer type overridden to CUDA0
create_tensor: loading tensor blk.14.ffn_down.weight
tensor blk.14.ffn_down.weight (14 MiB q4_K) buffer type overridden to CUDA0
create_tensor: loading tensor blk.14.post_ffw_norm.weight
tensor blk.14.post_ffw_norm.weight (0 MiB f32) buffer type overridden to CUDA0
create_tensor: loading tensor blk.14.ffn_gate_inp.weight
create_tensor: loading tensor blk.14.inp_gate.weight
tensor blk.14.inp_gate.weight (2 MiB f32) buffer type overridden to CUDA0
create_tensor: loading tensor blk.14.proj.weight
tensor blk.14.proj.weight (2 MiB f32) buffer type overridden to CUDA0
create_tensor: loading tensor blk.14.post_norm.weight
tensor blk.14.post_norm.weight (0 MiB f32) buffer type overridden to CUDA0
create_tensor: loading tensor blk.15.attn_norm.weight
tensor blk.15.attn_norm.weight (0 MiB f32) buffer type overridden to CUDA0
create_tensor: loading tensor blk.15.attn_qkv.weight
create_tensor: loading tensor blk.15.attn_q.weight
tensor blk.15.attn_q.weight (2 MiB q4_K) buffer type overridden to CUDA0
create_tensor: loading tensor blk.15.attn_k.weight
tensor blk.15.attn_k.weight (0 MiB q4_K) buffer type overridden to CUDA0
create_tensor: loading tensor blk.15.attn_v.weight
tensor blk.15.attn_v.weight (0 MiB q4_K) buffer type overridden to CUDA0
create_tensor: loading tensor blk.15.attn_output.weight
tensor blk.15.attn_output.weight (2 MiB q4_K) buffer type overridden to CUDA0
create_tensor: loading tensor blk.15.attn_q_norm.weight
tensor blk.15.attn_q_norm.weight (0 MiB f32) buffer type overridden to CUDA0
create_tensor: loading tensor blk.15.attn_k_norm.weight
tensor blk.15.attn_k_norm.weight (0 MiB f32) buffer type overridden to CUDA0
create_tensor: loading tensor blk.15.post_attention_norm.weight
tensor blk.15.post_attention_norm.weight (0 MiB f32) buffer type overridden to CUDA0
create_tensor: loading tensor blk.15.layer_output_scale.weight
tensor blk.15.layer_output_scale.weight (0 MiB f32) buffer type overridden to CUDA0
create_tensor: loading tensor blk.15.ffn_norm.weight
tensor blk.15.ffn_norm.weight (0 MiB f32) buffer type overridden to CUDA0
create_tensor: loading tensor blk.15.ffn_gate.weight
tensor blk.15.ffn_gate.weight (14 MiB q4_K) buffer type overridden to CUDA0
create_tensor: loading tensor blk.15.ffn_up.weight
tensor blk.15.ffn_up.weight (14 MiB q4_K) buffer type overridden to CUDA0
create_tensor: loading tensor blk.15.ffn_down.weight
tensor blk.15.ffn_down.weight (14 MiB q4_K) buffer type overridden to CUDA0
create_tensor: loading tensor blk.15.post_ffw_norm.weight
tensor blk.15.post_ffw_norm.weight (0 MiB f32) buffer type overridden to CUDA0
create_tensor: loading tensor blk.15.ffn_gate_inp.weight
create_tensor: loading tensor blk.15.inp_gate.weight
tensor blk.15.inp_gate.weight (2 MiB f32) buffer type overridden to CUDA0
create_tensor: loading tensor blk.15.proj.weight
tensor blk.15.proj.weight (2 MiB f32) buffer type overridden to CUDA0
create_tensor: loading tensor blk.15.post_norm.weight
tensor blk.15.post_norm.weight (0 MiB f32) buffer type overridden to CUDA0
create_tensor: loading tensor blk.16.attn_norm.weight
tensor blk.16.attn_norm.weight (0 MiB f32) buffer type overridden to CUDA0
create_tensor: loading tensor blk.16.attn_qkv.weight
create_tensor: loading tensor blk.16.attn_q.weight
tensor blk.16.attn_q.weight (2 MiB q4_K) buffer type overridden to CUDA0
create_tensor: loading tensor blk.16.attn_k.weight
tensor blk.16.attn_k.weight (0 MiB q4_K) buffer type overridden to CUDA0
create_tensor: loading tensor blk.16.attn_v.weight
tensor blk.16.attn_v.weight (1 MiB q6_K) buffer type overridden to CUDA0
create_tensor: loading tensor blk.16.attn_output.weight
tensor blk.16.attn_output.weight (2 MiB q4_K) buffer type overridden to CUDA0
create_tensor: loading tensor blk.16.attn_q_norm.weight
tensor blk.16.attn_q_norm.weight (0 MiB f32) buffer type overridden to CUDA0
create_tensor: loading tensor blk.16.attn_k_norm.weight
tensor blk.16.attn_k_norm.weight (0 MiB f32) buffer type overridden to CUDA0
create_tensor: loading tensor blk.16.post_attention_norm.weight
tensor blk.16.post_attention_norm.weight (0 MiB f32) buffer type overridden to CUDA0
create_tensor: loading tensor blk.16.layer_output_scale.weight
tensor blk.16.layer_output_scale.weight (0 MiB f32) buffer type overridden to CUDA0
create_tensor: loading tensor blk.16.ffn_norm.weight
tensor blk.16.ffn_norm.weight (0 MiB f32) buffer type overridden to CUDA0
create_tensor: loading tensor blk.16.ffn_gate.weight
tensor blk.16.ffn_gate.weight (14 MiB q4_K) buffer type overridden to CUDA0
create_tensor: loading tensor blk.16.ffn_up.weight
tensor blk.16.ffn_up.weight (14 MiB q4_K) buffer type overridden to CUDA0
create_tensor: loading tensor blk.16.ffn_down.weight
tensor blk.16.ffn_down.weight (20 MiB q6_K) buffer type overridden to CUDA0
create_tensor: loading tensor blk.16.post_ffw_norm.weight
tensor blk.16.post_ffw_norm.weight (0 MiB f32) buffer type overridden to CUDA0
create_tensor: loading tensor blk.16.ffn_gate_inp.weight
create_tensor: loading tensor blk.16.inp_gate.weight
tensor blk.16.inp_gate.weight (2 MiB f32) buffer type overridden to CUDA0
create_tensor: loading tensor blk.16.proj.weight
tensor blk.16.proj.weight (2 MiB f32) buffer type overridden to CUDA0
create_tensor: loading tensor blk.16.post_norm.weight
tensor blk.16.post_norm.weight (0 MiB f32) buffer type overridden to CUDA0
create_tensor: loading tensor blk.17.attn_norm.weight
tensor blk.17.attn_norm.weight (0 MiB f32) buffer type overridden to CUDA0
create_tensor: loading tensor blk.17.attn_qkv.weight
create_tensor: loading tensor blk.17.attn_q.weight
tensor blk.17.attn_q.weight (5 MiB q4_K) buffer type overridden to CUDA0
create_tensor: loading tensor blk.17.attn_k.weight
tensor blk.17.attn_k.weight (1 MiB q4_K) buffer type overridden to CUDA0
create_tensor: loading tensor blk.17.attn_v.weight
tensor blk.17.attn_v.weight (1 MiB q4_K) buffer type overridden to CUDA0
create_tensor: loading tensor blk.17.attn_output.weight
tensor blk.17.attn_output.weight (5 MiB q4_K) buffer type overridden to CUDA0
create_tensor: loading tensor blk.17.attn_q_norm.weight
tensor blk.17.attn_q_norm.weight (0 MiB f32) buffer type overridden to CUDA0
create_tensor: loading tensor blk.17.attn_k_norm.weight
tensor blk.17.attn_k_norm.weight (0 MiB f32) buffer type overridden to CUDA0
create_tensor: loading tensor blk.17.post_attention_norm.weight
tensor blk.17.post_attention_norm.weight (0 MiB f32) buffer type overridden to CUDA0
create_tensor: loading tensor blk.17.layer_output_scale.weight
tensor blk.17.layer_output_scale.weight (0 MiB f32) buffer type overridden to CUDA0
create_tensor: loading tensor rope_freqs.weight
tensor rope_freqs.weight (0 MiB f32) buffer type overridden to CUDA0
create_tensor: loading tensor blk.17.ffn_norm.weight
tensor blk.17.ffn_norm.weight (0 MiB f32) buffer type overridden to CUDA0
create_tensor: loading tensor blk.17.ffn_gate.weight
tensor blk.17.ffn_gate.weight (14 MiB q4_K) buffer type overridden to CUDA0
create_tensor: loading tensor blk.17.ffn_up.weight
tensor blk.17.ffn_up.weight (14 MiB q4_K) buffer type overridden to CUDA0
create_tensor: loading tensor blk.17.ffn_down.weight
tensor blk.17.ffn_down.weight (14 MiB q4_K) buffer type overridden to CUDA0
create_tensor: loading tensor blk.17.post_ffw_norm.weight
tensor blk.17.post_ffw_norm.weight (0 MiB f32) buffer type overridden to CUDA0
create_tensor: loading tensor blk.17.ffn_gate_inp.weight
create_tensor: loading tensor blk.17.inp_gate.weight
tensor blk.17.inp_gate.weight (2 MiB f32) buffer type overridden to CUDA0
create_tensor: loading tensor blk.17.proj.weight
tensor blk.17.proj.weight (2 MiB f32) buffer type overridden to CUDA0
create_tensor: loading tensor blk.17.post_norm.weight
tensor blk.17.post_norm.weight (0 MiB f32) buffer type overridden to CUDA0
create_tensor: loading tensor blk.18.attn_norm.weight
tensor blk.18.attn_norm.weight (0 MiB f32) buffer type overridden to CUDA0
create_tensor: loading tensor blk.18.attn_qkv.weight
create_tensor: loading tensor blk.18.attn_q.weight
tensor blk.18.attn_q.weight (2 MiB q4_K) buffer type overridden to CUDA0
create_tensor: loading tensor blk.18.attn_k.weight
tensor blk.18.attn_k.weight (0 MiB q4_K) buffer type overridden to CUDA0
create_tensor: loading tensor blk.18.attn_v.weight
tensor blk.18.attn_v.weight (0 MiB q4_K) buffer type overridden to CUDA0
create_tensor: loading tensor blk.18.attn_output.weight
tensor blk.18.attn_output.weight (2 MiB q4_K) buffer type overridden to CUDA0
create_tensor: loading tensor blk.18.attn_q_norm.weight
tensor blk.18.attn_q_norm.weight (0 MiB f32) buffer type overridden to CUDA0
create_tensor: loading tensor blk.18.attn_k_norm.weight
tensor blk.18.attn_k_norm.weight (0 MiB f32) buffer type overridden to CUDA0
create_tensor: loading tensor blk.18.post_attention_norm.weight
tensor blk.18.post_attention_norm.weight (0 MiB f32) buffer type overridden to CUDA0
create_tensor: loading tensor blk.18.layer_output_scale.weight
tensor blk.18.layer_output_scale.weight (0 MiB f32) buffer type overridden to CUDA0
create_tensor: loading tensor blk.18.ffn_norm.weight
tensor blk.18.ffn_norm.weight (0 MiB f32) buffer type overridden to CUDA0
create_tensor: loading tensor blk.18.ffn_gate.weight
tensor blk.18.ffn_gate.weight (14 MiB q4_K) buffer type overridden to CUDA0
create_tensor: loading tensor blk.18.ffn_up.weight
tensor blk.18.ffn_up.weight (14 MiB q4_K) buffer type overridden to CUDA0
create_tensor: loading tensor blk.18.ffn_down.weight
tensor blk.18.ffn_down.weight (14 MiB q4_K) buffer type overridden to CUDA0
create_tensor: loading tensor blk.18.post_ffw_norm.weight
tensor blk.18.post_ffw_norm.weight (0 MiB f32) buffer type overridden to CUDA0
create_tensor: loading tensor blk.18.ffn_gate_inp.weight
create_tensor: loading tensor blk.18.inp_gate.weight
tensor blk.18.inp_gate.weight (2 MiB f32) buffer type overridden to CUDA0
create_tensor: loading tensor blk.18.proj.weight
tensor blk.18.proj.weight (2 MiB f32) buffer type overridden to CUDA0
create_tensor: loading tensor blk.18.post_norm.weight
tensor blk.18.post_norm.weight (0 MiB f32) buffer type overridden to CUDA0
create_tensor: loading tensor blk.19.attn_norm.weight
tensor blk.19.attn_norm.weight (0 MiB f32) buffer type overridden to CUDA0
create_tensor: loading tensor blk.19.attn_qkv.weight
create_tensor: loading tensor blk.19.attn_q.weight
tensor blk.19.attn_q.weight (2 MiB q4_K) buffer type overridden to CUDA0
create_tensor: loading tensor blk.19.attn_k.weight
tensor blk.19.attn_k.weight (0 MiB q4_K) buffer type overridden to CUDA0
create_tensor: loading tensor blk.19.attn_v.weight
tensor blk.19.attn_v.weight (1 MiB q6_K) buffer type overridden to CUDA0
create_tensor: loading tensor blk.19.attn_output.weight
tensor blk.19.attn_output.weight (2 MiB q4_K) buffer type overridden to CUDA0
create_tensor: loading tensor blk.19.attn_q_norm.weight
tensor blk.19.attn_q_norm.weight (0 MiB f32) buffer type overridden to CUDA0
create_tensor: loading tensor blk.19.attn_k_norm.weight
tensor blk.19.attn_k_norm.weight (0 MiB f32) buffer type overridden to CUDA0
create_tensor: loading tensor blk.19.post_attention_norm.weight
tensor blk.19.post_attention_norm.weight (0 MiB f32) buffer type overridden to CUDA0
create_tensor: loading tensor blk.19.layer_output_scale.weight
tensor blk.19.layer_output_scale.weight (0 MiB f32) buffer type overridden to CUDA0
create_tensor: loading tensor blk.19.ffn_norm.weight
tensor blk.19.ffn_norm.weight (0 MiB f32) buffer type overridden to CUDA0
create_tensor: loading tensor blk.19.ffn_gate.weight
tensor blk.19.ffn_gate.weight (14 MiB q4_K) buffer type overridden to CUDA0
create_tensor: loading tensor blk.19.ffn_up.weight
tensor blk.19.ffn_up.weight (14 MiB q4_K) buffer type overridden to CUDA0
create_tensor: loading tensor blk.19.ffn_down.weight
tensor blk.19.ffn_down.weight (20 MiB q6_K) buffer type overridden to CUDA0
create_tensor: loading tensor blk.19.post_ffw_norm.weight
tensor blk.19.post_ffw_norm.weight (0 MiB f32) buffer type overridden to CUDA0
create_tensor: loading tensor blk.19.ffn_gate_inp.weight
create_tensor: loading tensor blk.19.inp_gate.weight
tensor blk.19.inp_gate.weight (2 MiB f32) buffer type overridden to CUDA0
create_tensor: loading tensor blk.19.proj.weight
tensor blk.19.proj.weight (2 MiB f32) buffer type overridden to CUDA0
create_tensor: loading tensor blk.19.post_norm.weight
tensor blk.19.post_norm.weight (0 MiB f32) buffer type overridden to CUDA0
create_tensor: loading tensor blk.20.attn_norm.weight
tensor blk.20.attn_norm.weight (0 MiB f32) buffer type overridden to CUDA0
create_tensor: loading tensor blk.20.attn_qkv.weight
create_tensor: loading tensor blk.20.attn_q.weight
tensor blk.20.attn_q.weight (2 MiB q4_K) buffer type overridden to CUDA0
create_tensor: loading tensor blk.20.attn_k.weight
tensor blk.20.attn_k.weight (0 MiB q4_K) buffer type overridden to CUDA0
create_tensor: loading tensor blk.20.attn_v.weight
tensor blk.20.attn_v.weight (0 MiB q4_K) buffer type overridden to CUDA0
create_tensor: loading tensor blk.20.attn_output.weight
tensor blk.20.attn_output.weight (2 MiB q4_K) buffer type overridden to CUDA0
create_tensor: loading tensor blk.20.attn_q_norm.weight
tensor blk.20.attn_q_norm.weight (0 MiB f32) buffer type overridden to CUDA0
create_tensor: loading tensor blk.20.attn_k_norm.weight
tensor blk.20.attn_k_norm.weight (0 MiB f32) buffer type overridden to CUDA0
create_tensor: loading tensor blk.20.post_attention_norm.weight
tensor blk.20.post_attention_norm.weight (0 MiB f32) buffer type overridden to CUDA0
create_tensor: loading tensor blk.20.layer_output_scale.weight
tensor blk.20.layer_output_scale.weight (0 MiB f32) buffer type overridden to CUDA0
create_tensor: loading tensor blk.20.ffn_norm.weight
tensor blk.20.ffn_norm.weight (0 MiB f32) buffer type overridden to CUDA0
create_tensor: loading tensor blk.20.ffn_gate.weight
tensor blk.20.ffn_gate.weight (14 MiB q4_K) buffer type overridden to CUDA0
create_tensor: loading tensor blk.20.ffn_up.weight
tensor blk.20.ffn_up.weight (14 MiB q4_K) buffer type overridden to CUDA0
create_tensor: loading tensor blk.20.ffn_down.weight
tensor blk.20.ffn_down.weight (14 MiB q4_K) buffer type overridden to CUDA0
create_tensor: loading tensor blk.20.post_ffw_norm.weight
tensor blk.20.post_ffw_norm.weight (0 MiB f32) buffer type overridden to CUDA0
create_tensor: loading tensor blk.20.ffn_gate_inp.weight
create_tensor: loading tensor blk.20.inp_gate.weight
tensor blk.20.inp_gate.weight (2 MiB f32) buffer type overridden to CUDA0
create_tensor: loading tensor blk.20.proj.weight
tensor blk.20.proj.weight (2 MiB f32) buffer type overridden to CUDA0
create_tensor: loading tensor blk.20.post_norm.weight
tensor blk.20.post_norm.weight (0 MiB f32) buffer type overridden to CUDA0
create_tensor: loading tensor blk.21.attn_norm.weight
tensor blk.21.attn_norm.weight (0 MiB f32) buffer type overridden to CUDA0
create_tensor: loading tensor blk.21.attn_qkv.weight
create_tensor: loading tensor blk.21.attn_q.weight
tensor blk.21.attn_q.weight (2 MiB q4_K) buffer type overridden to CUDA0
create_tensor: loading tensor blk.21.attn_k.weight
tensor blk.21.attn_k.weight (0 MiB q4_K) buffer type overridden to CUDA0
create_tensor: loading tensor blk.21.attn_v.weight
tensor blk.21.attn_v.weight (0 MiB q4_K) buffer type overridden to CUDA0
create_tensor: loading tensor blk.21.attn_output.weight
tensor blk.21.attn_output.weight (2 MiB q4_K) buffer type overridden to CUDA0
create_tensor: loading tensor blk.21.attn_q_norm.weight
tensor blk.21.attn_q_norm.weight (0 MiB f32) buffer type overridden to CUDA0
create_tensor: loading tensor blk.21.attn_k_norm.weight
tensor blk.21.attn_k_norm.weight (0 MiB f32) buffer type overridden to CUDA0
create_tensor: loading tensor blk.21.post_attention_norm.weight
tensor blk.21.post_attention_norm.weight (0 MiB f32) buffer type overridden to CUDA0
create_tensor: loading tensor blk.21.layer_output_scale.weight
tensor blk.21.layer_output_scale.weight (0 MiB f32) buffer type overridden to CUDA0
create_tensor: loading tensor blk.21.ffn_norm.weight
tensor blk.21.ffn_norm.weight (0 MiB f32) buffer type overridden to CUDA0
create_tensor: loading tensor blk.21.ffn_gate.weight
tensor blk.21.ffn_gate.weight (14 MiB q4_K) buffer type overridden to CUDA0
create_tensor: loading tensor blk.21.ffn_up.weight
tensor blk.21.ffn_up.weight (14 MiB q4_K) buffer type overridden to CUDA0
create_tensor: loading tensor blk.21.ffn_down.weight
tensor blk.21.ffn_down.weight (14 MiB q4_K) buffer type overridden to CUDA0
create_tensor: loading tensor blk.21.post_ffw_norm.weight
tensor blk.21.post_ffw_norm.weight (0 MiB f32) buffer type overridden to CUDA0
create_tensor: loading tensor blk.21.ffn_gate_inp.weight
create_tensor: loading tensor blk.21.inp_gate.weight
tensor blk.21.inp_gate.weight (2 MiB f32) buffer type overridden to CUDA0
create_tensor: loading tensor blk.21.proj.weight
tensor blk.21.proj.weight (2 MiB f32) buffer type overridden to CUDA0
create_tensor: loading tensor blk.21.post_norm.weight
tensor blk.21.post_norm.weight (0 MiB f32) buffer type overridden to CUDA0
create_tensor: loading tensor blk.22.attn_norm.weight
tensor blk.22.attn_norm.weight (0 MiB f32) buffer type overridden to CUDA0
create_tensor: loading tensor blk.22.attn_qkv.weight
create_tensor: loading tensor blk.22.attn_q.weight
tensor blk.22.attn_q.weight (2 MiB q4_K) buffer type overridden to CUDA0
create_tensor: loading tensor blk.22.attn_k.weight
tensor blk.22.attn_k.weight (0 MiB q4_K) buffer type overridden to CUDA0
create_tensor: loading tensor blk.22.attn_v.weight
tensor blk.22.attn_v.weight (1 MiB q6_K) buffer type overridden to CUDA0
create_tensor: loading tensor blk.22.attn_output.weight
tensor blk.22.attn_output.weight (2 MiB q4_K) buffer type overridden to CUDA0
create_tensor: loading tensor blk.22.attn_q_norm.weight
tensor blk.22.attn_q_norm.weight (0 MiB f32) buffer type overridden to CUDA0
create_tensor: loading tensor blk.22.attn_k_norm.weight
tensor blk.22.attn_k_norm.weight (0 MiB f32) buffer type overridden to CUDA0
create_tensor: loading tensor blk.22.post_attention_norm.weight
tensor blk.22.post_attention_norm.weight (0 MiB f32) buffer type overridden to CUDA0
create_tensor: loading tensor blk.22.layer_output_scale.weight
tensor blk.22.layer_output_scale.weight (0 MiB f32) buffer type overridden to CUDA0
create_tensor: loading tensor blk.22.ffn_norm.weight
tensor blk.22.ffn_norm.weight (0 MiB f32) buffer type overridden to CUDA0
create_tensor: loading tensor blk.22.ffn_gate.weight
tensor blk.22.ffn_gate.weight (14 MiB q4_K) buffer type overridden to CUDA0
create_tensor: loading tensor blk.22.ffn_up.weight
tensor blk.22.ffn_up.weight (14 MiB q4_K) buffer type overridden to CUDA0
create_tensor: loading tensor blk.22.ffn_down.weight
tensor blk.22.ffn_down.weight (20 MiB q6_K) buffer type overridden to CUDA0
create_tensor: loading tensor blk.22.post_ffw_norm.weight
tensor blk.22.post_ffw_norm.weight (0 MiB f32) buffer type overridden to CUDA0
create_tensor: loading tensor blk.22.ffn_gate_inp.weight
create_tensor: loading tensor blk.22.inp_gate.weight
tensor blk.22.inp_gate.weight (2 MiB f32) buffer type overridden to CUDA0
create_tensor: loading tensor blk.22.proj.weight
tensor blk.22.proj.weight (2 MiB f32) buffer type overridden to CUDA0
create_tensor: loading tensor blk.22.post_norm.weight
tensor blk.22.post_norm.weight (0 MiB f32) buffer type overridden to CUDA0
create_tensor: loading tensor blk.23.attn_norm.weight
tensor blk.23.attn_norm.weight (0 MiB f32) buffer type overridden to CUDA0
create_tensor: loading tensor blk.23.attn_qkv.weight
create_tensor: loading tensor blk.23.attn_q.weight
tensor blk.23.attn_q.weight (5 MiB q4_K) buffer type overridden to CUDA0
create_tensor: loading tensor blk.23.attn_k.weight
tensor blk.23.attn_k.weight (1 MiB q4_K) buffer type overridden to CUDA0
create_tensor: loading tensor blk.23.attn_v.weight
tensor blk.23.attn_v.weight (1 MiB q4_K) buffer type overridden to CUDA0
create_tensor: loading tensor blk.23.attn_output.weight
tensor blk.23.attn_output.weight (5 MiB q4_K) buffer type overridden to CUDA0
create_tensor: loading tensor blk.23.attn_q_norm.weight
tensor blk.23.attn_q_norm.weight (0 MiB f32) buffer type overridden to CUDA0
create_tensor: loading tensor blk.23.attn_k_norm.weight
tensor blk.23.attn_k_norm.weight (0 MiB f32) buffer type overridden to CUDA0
create_tensor: loading tensor blk.23.post_attention_norm.weight
tensor blk.23.post_attention_norm.weight (0 MiB f32) buffer type overridden to CUDA0
create_tensor: loading tensor blk.23.layer_output_scale.weight
tensor blk.23.layer_output_scale.weight (0 MiB f32) buffer type overridden to CUDA0
create_tensor: loading tensor rope_freqs.weight
tensor rope_freqs.weight (0 MiB f32) buffer type overridden to CUDA0
create_tensor: loading tensor blk.23.ffn_norm.weight
tensor blk.23.ffn_norm.weight (0 MiB f32) buffer type overridden to CUDA0
create_tensor: loading tensor blk.23.ffn_gate.weight
tensor blk.23.ffn_gate.weight (14 MiB q4_K) buffer type overridden to CUDA0
create_tensor: loading tensor blk.23.ffn_up.weight
tensor blk.23.ffn_up.weight (14 MiB q4_K) buffer type overridden to CUDA0
create_tensor: loading tensor blk.23.ffn_down.weight
tensor blk.23.ffn_down.weight (14 MiB q4_K) buffer type overridden to CUDA0
create_tensor: loading tensor blk.23.post_ffw_norm.weight
tensor blk.23.post_ffw_norm.weight (0 MiB f32) buffer type overridden to CUDA0
create_tensor: loading tensor blk.23.ffn_gate_inp.weight
create_tensor: loading tensor blk.23.inp_gate.weight
tensor blk.23.inp_gate.weight (2 MiB f32) buffer type overridden to CUDA0
create_tensor: loading tensor blk.23.proj.weight
tensor blk.23.proj.weight (2 MiB f32) buffer type overridden to CUDA0
create_tensor: loading tensor blk.23.post_norm.weight
tensor blk.23.post_norm.weight (0 MiB f32) buffer type overridden to CUDA0
create_tensor: loading tensor blk.24.attn_norm.weight
tensor blk.24.attn_norm.weight (0 MiB f32) buffer type overridden to CUDA0
create_tensor: loading tensor blk.24.attn_qkv.weight
create_tensor: loading tensor blk.24.attn_q.weight
tensor blk.24.attn_q.weight (2 MiB q4_K) buffer type overridden to CUDA0
create_tensor: loading tensor blk.24.attn_k.weight
tensor blk.24.attn_k.weight (0 MiB q4_K) buffer type overridden to CUDA0
create_tensor: loading tensor blk.24.attn_v.weight
tensor blk.24.attn_v.weight (0 MiB q4_K) buffer type overridden to CUDA0
create_tensor: loading tensor blk.24.attn_output.weight
tensor blk.24.attn_output.weight (2 MiB q4_K) buffer type overridden to CUDA0
create_tensor: loading tensor blk.24.attn_q_norm.weight
tensor blk.24.attn_q_norm.weight (0 MiB f32) buffer type overridden to CUDA0
create_tensor: loading tensor blk.24.attn_k_norm.weight
tensor blk.24.attn_k_norm.weight (0 MiB f32) buffer type overridden to CUDA0
create_tensor: loading tensor blk.24.post_attention_norm.weight
tensor blk.24.post_attention_norm.weight (0 MiB f32) buffer type overridden to CUDA0
create_tensor: loading tensor blk.24.layer_output_scale.weight
tensor blk.24.layer_output_scale.weight (0 MiB f32) buffer type overridden to CUDA0
create_tensor: loading tensor blk.24.ffn_norm.weight
tensor blk.24.ffn_norm.weight (0 MiB f32) buffer type overridden to CUDA0
create_tensor: loading tensor blk.24.ffn_gate.weight
tensor blk.24.ffn_gate.weight (14 MiB q4_K) buffer type overridden to CUDA0
create_tensor: loading tensor blk.24.ffn_up.weight
tensor blk.24.ffn_up.weight (14 MiB q4_K) buffer type overridden to CUDA0
create_tensor: loading tensor blk.24.ffn_down.weight
tensor blk.24.ffn_down.weight (14 MiB q4_K) buffer type overridden to CUDA0
create_tensor: loading tensor blk.24.post_ffw_norm.weight
tensor blk.24.post_ffw_norm.weight (0 MiB f32) buffer type overridden to CUDA0
create_tensor: loading tensor blk.24.ffn_gate_inp.weight
create_tensor: loading tensor blk.24.inp_gate.weight
tensor blk.24.inp_gate.weight (2 MiB f32) buffer type overridden to CUDA0
create_tensor: loading tensor blk.24.proj.weight
tensor blk.24.proj.weight (2 MiB f32) buffer type overridden to CUDA0
create_tensor: loading tensor blk.24.post_norm.weight
tensor blk.24.post_norm.weight (0 MiB f32) buffer type overridden to CUDA0
create_tensor: loading tensor blk.25.attn_norm.weight
tensor blk.25.attn_norm.weight (0 MiB f32) buffer type overridden to CUDA0
create_tensor: loading tensor blk.25.attn_qkv.weight
create_tensor: loading tensor blk.25.attn_q.weight
tensor blk.25.attn_q.weight (2 MiB q4_K) buffer type overridden to CUDA0
create_tensor: loading tensor blk.25.attn_k.weight
tensor blk.25.attn_k.weight (0 MiB q4_K) buffer type overridden to CUDA0
create_tensor: loading tensor blk.25.attn_v.weight
tensor blk.25.attn_v.weight (1 MiB q6_K) buffer type overridden to CUDA0
create_tensor: loading tensor blk.25.attn_output.weight
tensor blk.25.attn_output.weight (2 MiB q4_K) buffer type overridden to CUDA0
create_tensor: loading tensor blk.25.attn_q_norm.weight
tensor blk.25.attn_q_norm.weight (0 MiB f32) buffer type overridden to CUDA0
create_tensor: loading tensor blk.25.attn_k_norm.weight
tensor blk.25.attn_k_norm.weight (0 MiB f32) buffer type overridden to CUDA0
create_tensor: loading tensor blk.25.post_attention_norm.weight
tensor blk.25.post_attention_norm.weight (0 MiB f32) buffer type overridden to CUDA0
create_tensor: loading tensor blk.25.layer_output_scale.weight
tensor blk.25.layer_output_scale.weight (0 MiB f32) buffer type overridden to CUDA0
create_tensor: loading tensor blk.25.ffn_norm.weight
tensor blk.25.ffn_norm.weight (0 MiB f32) buffer type overridden to CUDA0
create_tensor: loading tensor blk.25.ffn_gate.weight
tensor blk.25.ffn_gate.weight (14 MiB q4_K) buffer type overridden to CUDA0
create_tensor: loading tensor blk.25.ffn_up.weight
tensor blk.25.ffn_up.weight (14 MiB q4_K) buffer type overridden to CUDA0
create_tensor: loading tensor blk.25.ffn_down.weight
tensor blk.25.ffn_down.weight (20 MiB q6_K) buffer type overridden to CUDA0
create_tensor: loading tensor blk.25.post_ffw_norm.weight
tensor blk.25.post_ffw_norm.weight (0 MiB f32) buffer type overridden to CUDA0
create_tensor: loading tensor blk.25.ffn_gate_inp.weight
create_tensor: loading tensor blk.25.inp_gate.weight
tensor blk.25.inp_gate.weight (2 MiB f32) buffer type overridden to CUDA0
create_tensor: loading tensor blk.25.proj.weight
tensor blk.25.proj.weight (2 MiB f32) buffer type overridden to CUDA0
create_tensor: loading tensor blk.25.post_norm.weight
tensor blk.25.post_norm.weight (0 MiB f32) buffer type overridden to CUDA0
create_tensor: loading tensor blk.26.attn_norm.weight
tensor blk.26.attn_norm.weight (0 MiB f32) buffer type overridden to CUDA0
create_tensor: loading tensor blk.26.attn_qkv.weight
create_tensor: loading tensor blk.26.attn_q.weight
tensor blk.26.attn_q.weight (2 MiB q4_K) buffer type overridden to CUDA0
create_tensor: loading tensor blk.26.attn_k.weight
tensor blk.26.attn_k.weight (0 MiB q4_K) buffer type overridden to CUDA0
create_tensor: loading tensor blk.26.attn_v.weight
tensor blk.26.attn_v.weight (0 MiB q4_K) buffer type overridden to CUDA0
create_tensor: loading tensor blk.26.attn_output.weight
tensor blk.26.attn_output.weight (2 MiB q4_K) buffer type overridden to CUDA0
create_tensor: loading tensor blk.26.attn_q_norm.weight
tensor blk.26.attn_q_norm.weight (0 MiB f32) buffer type overridden to CUDA0
create_tensor: loading tensor blk.26.attn_k_norm.weight
tensor blk.26.attn_k_norm.weight (0 MiB f32) buffer type overridden to CUDA0
create_tensor: loading tensor blk.26.post_attention_norm.weight
tensor blk.26.post_attention_norm.weight (0 MiB f32) buffer type overridden to CUDA0
create_tensor: loading tensor blk.26.layer_output_scale.weight
tensor blk.26.layer_output_scale.weight (0 MiB f32) buffer type overridden to CUDA0
create_tensor: loading tensor blk.26.ffn_norm.weight
tensor blk.26.ffn_norm.weight (0 MiB f32) buffer type overridden to CUDA0
create_tensor: loading tensor blk.26.ffn_gate.weight
tensor blk.26.ffn_gate.weight (14 MiB q4_K) buffer type overridden to CUDA0
create_tensor: loading tensor blk.26.ffn_up.weight
tensor blk.26.ffn_up.weight (14 MiB q4_K) buffer type overridden to CUDA0
create_tensor: loading tensor blk.26.ffn_down.weight
tensor blk.26.ffn_down.weight (14 MiB q4_K) buffer type overridden to CUDA0
create_tensor: loading tensor blk.26.post_ffw_norm.weight
tensor blk.26.post_ffw_norm.weight (0 MiB f32) buffer type overridden to CUDA0
create_tensor: loading tensor blk.26.ffn_gate_inp.weight
create_tensor: loading tensor blk.26.inp_gate.weight
tensor blk.26.inp_gate.weight (2 MiB f32) buffer type overridden to CUDA0
create_tensor: loading tensor blk.26.proj.weight
tensor blk.26.proj.weight (2 MiB f32) buffer type overridden to CUDA0
create_tensor: loading tensor blk.26.post_norm.weight
tensor blk.26.post_norm.weight (0 MiB f32) buffer type overridden to CUDA0
create_tensor: loading tensor blk.27.attn_norm.weight
tensor blk.27.attn_norm.weight (0 MiB f32) buffer type overridden to CUDA0
create_tensor: loading tensor blk.27.attn_qkv.weight
create_tensor: loading tensor blk.27.attn_q.weight
tensor blk.27.attn_q.weight (2 MiB q4_K) buffer type overridden to CUDA0
create_tensor: loading tensor blk.27.attn_k.weight
tensor blk.27.attn_k.weight (0 MiB q4_K) buffer type overridden to CUDA0
create_tensor: loading tensor blk.27.attn_v.weight
tensor blk.27.attn_v.weight (0 MiB q4_K) buffer type overridden to CUDA0
create_tensor: loading tensor blk.27.attn_output.weight
tensor blk.27.attn_output.weight (2 MiB q4_K) buffer type overridden to CUDA0
create_tensor: loading tensor blk.27.attn_q_norm.weight
tensor blk.27.attn_q_norm.weight (0 MiB f32) buffer type overridden to CUDA0
create_tensor: loading tensor blk.27.attn_k_norm.weight
tensor blk.27.attn_k_norm.weight (0 MiB f32) buffer type overridden to CUDA0
create_tensor: loading tensor blk.27.post_attention_norm.weight
tensor blk.27.post_attention_norm.weight (0 MiB f32) buffer type overridden to CUDA0
create_tensor: loading tensor blk.27.layer_output_scale.weight
tensor blk.27.layer_output_scale.weight (0 MiB f32) buffer type overridden to CUDA0
create_tensor: loading tensor blk.27.ffn_norm.weight
tensor blk.27.ffn_norm.weight (0 MiB f32) buffer type overridden to CUDA0
create_tensor: loading tensor blk.27.ffn_gate.weight
tensor blk.27.ffn_gate.weight (14 MiB q4_K) buffer type overridden to CUDA0
create_tensor: loading tensor blk.27.ffn_up.weight
tensor blk.27.ffn_up.weight (14 MiB q4_K) buffer type overridden to CUDA0
create_tensor: loading tensor blk.27.ffn_down.weight
tensor blk.27.ffn_down.weight (14 MiB q4_K) buffer type overridden to CUDA0
create_tensor: loading tensor blk.27.post_ffw_norm.weight
tensor blk.27.post_ffw_norm.weight (0 MiB f32) buffer type overridden to CUDA0
create_tensor: loading tensor blk.27.ffn_gate_inp.weight
create_tensor: loading tensor blk.27.inp_gate.weight
tensor blk.27.inp_gate.weight (2 MiB f32) buffer type overridden to CUDA0
create_tensor: loading tensor blk.27.proj.weight
tensor blk.27.proj.weight (2 MiB f32) buffer type overridden to CUDA0
create_tensor: loading tensor blk.27.post_norm.weight
tensor blk.27.post_norm.weight (0 MiB f32) buffer type overridden to CUDA0
create_tensor: loading tensor blk.28.attn_norm.weight
tensor blk.28.attn_norm.weight (0 MiB f32) buffer type overridden to CUDA0
create_tensor: loading tensor blk.28.attn_qkv.weight
create_tensor: loading tensor blk.28.attn_q.weight
tensor blk.28.attn_q.weight (2 MiB q4_K) buffer type overridden to CUDA0
create_tensor: loading tensor blk.28.attn_k.weight
tensor blk.28.attn_k.weight (0 MiB q4_K) buffer type overridden to CUDA0
create_tensor: loading tensor blk.28.attn_v.weight
tensor blk.28.attn_v.weight (1 MiB q6_K) buffer type overridden to CUDA0
create_tensor: loading tensor blk.28.attn_output.weight
tensor blk.28.attn_output.weight (2 MiB q4_K) buffer type overridden to CUDA0
create_tensor: loading tensor blk.28.attn_q_norm.weight
tensor blk.28.attn_q_norm.weight (0 MiB f32) buffer type overridden to CUDA0
create_tensor: loading tensor blk.28.attn_k_norm.weight
tensor blk.28.attn_k_norm.weight (0 MiB f32) buffer type overridden to CUDA0
create_tensor: loading tensor blk.28.post_attention_norm.weight
tensor blk.28.post_attention_norm.weight (0 MiB f32) buffer type overridden to CUDA0
create_tensor: loading tensor blk.28.layer_output_scale.weight
tensor blk.28.layer_output_scale.weight (0 MiB f32) buffer type overridden to CUDA0
create_tensor: loading tensor blk.28.ffn_norm.weight
tensor blk.28.ffn_norm.weight (0 MiB f32) buffer type overridden to CUDA0
create_tensor: loading tensor blk.28.ffn_gate.weight
tensor blk.28.ffn_gate.weight (14 MiB q4_K) buffer type overridden to CUDA0
create_tensor: loading tensor blk.28.ffn_up.weight
tensor blk.28.ffn_up.weight (14 MiB q4_K) buffer type overridden to CUDA0
create_tensor: loading tensor blk.28.ffn_down.weight
tensor blk.28.ffn_down.weight (20 MiB q6_K) buffer type overridden to CUDA0
create_tensor: loading tensor blk.28.post_ffw_norm.weight
tensor blk.28.post_ffw_norm.weight (0 MiB f32) buffer type overridden to CUDA0
create_tensor: loading tensor blk.28.ffn_gate_inp.weight
create_tensor: loading tensor blk.28.inp_gate.weight
tensor blk.28.inp_gate.weight (2 MiB f32) buffer type overridden to CUDA0
create_tensor: loading tensor blk.28.proj.weight
tensor blk.28.proj.weight (2 MiB f32) buffer type overridden to CUDA0
create_tensor: loading tensor blk.28.post_norm.weight
tensor blk.28.post_norm.weight (0 MiB f32) buffer type overridden to CUDA0
create_tensor: loading tensor blk.29.attn_norm.weight
tensor blk.29.attn_norm.weight (0 MiB f32) buffer type overridden to CUDA0
create_tensor: loading tensor blk.29.attn_qkv.weight
create_tensor: loading tensor blk.29.attn_q.weight
tensor blk.29.attn_q.weight (5 MiB q4_K) buffer type overridden to CUDA0
create_tensor: loading tensor blk.29.attn_k.weight
tensor blk.29.attn_k.weight (1 MiB q4_K) buffer type overridden to CUDA0
create_tensor: loading tensor blk.29.attn_v.weight
tensor blk.29.attn_v.weight (1 MiB q4_K) buffer type overridden to CUDA0
create_tensor: loading tensor blk.29.attn_output.weight
tensor blk.29.attn_output.weight (5 MiB q4_K) buffer type overridden to CUDA0
create_tensor: loading tensor blk.29.attn_q_norm.weight
tensor blk.29.attn_q_norm.weight (0 MiB f32) buffer type overridden to CUDA0
create_tensor: loading tensor blk.29.attn_k_norm.weight
tensor blk.29.attn_k_norm.weight (0 MiB f32) buffer type overridden to CUDA0
create_tensor: loading tensor blk.29.post_attention_norm.weight
tensor blk.29.post_attention_norm.weight (0 MiB f32) buffer type overridden to CUDA0
create_tensor: loading tensor blk.29.layer_output_scale.weight
tensor blk.29.layer_output_scale.weight (0 MiB f32) buffer type overridden to CUDA0
create_tensor: loading tensor rope_freqs.weight
tensor rope_freqs.weight (0 MiB f32) buffer type overridden to CUDA0
create_tensor: loading tensor blk.29.ffn_norm.weight
tensor blk.29.ffn_norm.weight (0 MiB f32) buffer type overridden to CUDA0
create_tensor: loading tensor blk.29.ffn_gate.weight
tensor blk.29.ffn_gate.weight (14 MiB q4_K) buffer type overridden to CUDA0
create_tensor: loading tensor blk.29.ffn_up.weight
tensor blk.29.ffn_up.weight (14 MiB q4_K) buffer type overridden to CUDA0
create_tensor: loading tensor blk.29.ffn_down.weight
tensor blk.29.ffn_down.weight (14 MiB q4_K) buffer type overridden to CUDA0
create_tensor: loading tensor blk.29.post_ffw_norm.weight
tensor blk.29.post_ffw_norm.weight (0 MiB f32) buffer type overridden to CUDA0
create_tensor: loading tensor blk.29.ffn_gate_inp.weight
create_tensor: loading tensor blk.29.inp_gate.weight
tensor blk.29.inp_gate.weight (2 MiB f32) buffer type overridden to CUDA0
create_tensor: loading tensor blk.29.proj.weight
tensor blk.29.proj.weight (2 MiB f32) buffer type overridden to CUDA0
create_tensor: loading tensor blk.29.post_norm.weight
tensor blk.29.post_norm.weight (0 MiB f32) buffer type overridden to CUDA0
create_tensor: loading tensor blk.30.attn_norm.weight
tensor blk.30.attn_norm.weight (0 MiB f32) buffer type overridden to CUDA0
create_tensor: loading tensor blk.30.attn_qkv.weight
create_tensor: loading tensor blk.30.attn_q.weight
tensor blk.30.attn_q.weight (2 MiB q4_K) buffer type overridden to CUDA0
create_tensor: loading tensor blk.30.attn_k.weight
tensor blk.30.attn_k.weight (0 MiB q4_K) buffer type overridden to CUDA0
create_tensor: loading tensor blk.30.attn_v.weight
tensor blk.30.attn_v.weight (0 MiB q4_K) buffer type overridden to CUDA0
create_tensor: loading tensor blk.30.attn_output.weight
tensor blk.30.attn_output.weight (2 MiB q4_K) buffer type overridden to CUDA0
create_tensor: loading tensor blk.30.attn_q_norm.weight
tensor blk.30.attn_q_norm.weight (0 MiB f32) buffer type overridden to CUDA0
create_tensor: loading tensor blk.30.attn_k_norm.weight
tensor blk.30.attn_k_norm.weight (0 MiB f32) buffer type overridden to CUDA0
create_tensor: loading tensor blk.30.post_attention_norm.weight
tensor blk.30.post_attention_norm.weight (0 MiB f32) buffer type overridden to CUDA0
create_tensor: loading tensor blk.30.layer_output_scale.weight
tensor blk.30.layer_output_scale.weight (0 MiB f32) buffer type overridden to CUDA0
create_tensor: loading tensor blk.30.ffn_norm.weight
tensor blk.30.ffn_norm.weight (0 MiB f32) buffer type overridden to CUDA0
create_tensor: loading tensor blk.30.ffn_gate.weight
tensor blk.30.ffn_gate.weight (14 MiB q4_K) buffer type overridden to CUDA0
create_tensor: loading tensor blk.30.ffn_up.weight
tensor blk.30.ffn_up.weight (14 MiB q4_K) buffer type overridden to CUDA0
create_tensor: loading tensor blk.30.ffn_down.weight
tensor blk.30.ffn_down.weight (14 MiB q4_K) buffer type overridden to CUDA0
create_tensor: loading tensor blk.30.post_ffw_norm.weight
tensor blk.30.post_ffw_norm.weight (0 MiB f32) buffer type overridden to CUDA0
create_tensor: loading tensor blk.30.ffn_gate_inp.weight
create_tensor: loading tensor blk.30.inp_gate.weight
tensor blk.30.inp_gate.weight (2 MiB f32) buffer type overridden to CUDA0
create_tensor: loading tensor blk.30.proj.weight
tensor blk.30.proj.weight (2 MiB f32) buffer type overridden to CUDA0
create_tensor: loading tensor blk.30.post_norm.weight
tensor blk.30.post_norm.weight (0 MiB f32) buffer type overridden to CUDA0
create_tensor: loading tensor blk.31.attn_norm.weight
tensor blk.31.attn_norm.weight (0 MiB f32) buffer type overridden to CUDA0
create_tensor: loading tensor blk.31.attn_qkv.weight
create_tensor: loading tensor blk.31.attn_q.weight
tensor blk.31.attn_q.weight (2 MiB q4_K) buffer type overridden to CUDA0
create_tensor: loading tensor blk.31.attn_k.weight
tensor blk.31.attn_k.weight (0 MiB q4_K) buffer type overridden to CUDA0
create_tensor: loading tensor blk.31.attn_v.weight
tensor blk.31.attn_v.weight (1 MiB q6_K) buffer type overridden to CUDA0
create_tensor: loading tensor blk.31.attn_output.weight
tensor blk.31.attn_output.weight (2 MiB q4_K) buffer type overridden to CUDA0
create_tensor: loading tensor blk.31.attn_q_norm.weight
tensor blk.31.attn_q_norm.weight (0 MiB f32) buffer type overridden to CUDA0
create_tensor: loading tensor blk.31.attn_k_norm.weight
tensor blk.31.attn_k_norm.weight (0 MiB f32) buffer type overridden to CUDA0
create_tensor: loading tensor blk.31.post_attention_norm.weight
tensor blk.31.post_attention_norm.weight (0 MiB f32) buffer type overridden to CUDA0
create_tensor: loading tensor blk.31.layer_output_scale.weight
tensor blk.31.layer_output_scale.weight (0 MiB f32) buffer type overridden to CUDA0
create_tensor: loading tensor blk.31.ffn_norm.weight
tensor blk.31.ffn_norm.weight (0 MiB f32) buffer type overridden to CUDA0
create_tensor: loading tensor blk.31.ffn_gate.weight
tensor blk.31.ffn_gate.weight (14 MiB q4_K) buffer type overridden to CUDA0
create_tensor: loading tensor blk.31.ffn_up.weight
tensor blk.31.ffn_up.weight (14 MiB q4_K) buffer type overridden to CUDA0
create_tensor: loading tensor blk.31.ffn_down.weight
tensor blk.31.ffn_down.weight (20 MiB q6_K) buffer type overridden to CUDA0
create_tensor: loading tensor blk.31.post_ffw_norm.weight
tensor blk.31.post_ffw_norm.weight (0 MiB f32) buffer type overridden to CUDA0
create_tensor: loading tensor blk.31.ffn_gate_inp.weight
create_tensor: loading tensor blk.31.inp_gate.weight
tensor blk.31.inp_gate.weight (2 MiB f32) buffer type overridden to CUDA0
create_tensor: loading tensor blk.31.proj.weight
tensor blk.31.proj.weight (2 MiB f32) buffer type overridden to CUDA0
create_tensor: loading tensor blk.31.post_norm.weight
tensor blk.31.post_norm.weight (0 MiB f32) buffer type overridden to CUDA0
create_tensor: loading tensor blk.32.attn_norm.weight
tensor blk.32.attn_norm.weight (0 MiB f32) buffer type overridden to CUDA0
create_tensor: loading tensor blk.32.attn_qkv.weight
create_tensor: loading tensor blk.32.attn_q.weight
tensor blk.32.attn_q.weight (2 MiB q4_K) buffer type overridden to CUDA0
create_tensor: loading tensor blk.32.attn_k.weight
tensor blk.32.attn_k.weight (0 MiB q4_K) buffer type overridden to CUDA0
create_tensor: loading tensor blk.32.attn_v.weight
tensor blk.32.attn_v.weight (0 MiB q4_K) buffer type overridden to CUDA0
create_tensor: loading tensor blk.32.attn_output.weight
tensor blk.32.attn_output.weight (2 MiB q4_K) buffer type overridden to CUDA0
create_tensor: loading tensor blk.32.attn_q_norm.weight
tensor blk.32.attn_q_norm.weight (0 MiB f32) buffer type overridden to CUDA0
create_tensor: loading tensor blk.32.attn_k_norm.weight
tensor blk.32.attn_k_norm.weight (0 MiB f32) buffer type overridden to CUDA0
create_tensor: loading tensor blk.32.post_attention_norm.weight
tensor blk.32.post_attention_norm.weight (0 MiB f32) buffer type overridden to CUDA0
create_tensor: loading tensor blk.32.layer_output_scale.weight
tensor blk.32.layer_output_scale.weight (0 MiB f32) buffer type overridden to CUDA0
create_tensor: loading tensor blk.32.ffn_norm.weight
tensor blk.32.ffn_norm.weight (0 MiB f32) buffer type overridden to CUDA0
create_tensor: loading tensor blk.32.ffn_gate.weight
tensor blk.32.ffn_gate.weight (14 MiB q4_K) buffer type overridden to CUDA0
create_tensor: loading tensor blk.32.ffn_up.weight
tensor blk.32.ffn_up.weight (14 MiB q4_K) buffer type overridden to CUDA0
create_tensor: loading tensor blk.32.ffn_down.weight
tensor blk.32.ffn_down.weight (14 MiB q4_K) buffer type overridden to CUDA0
create_tensor: loading tensor blk.32.post_ffw_norm.weight
tensor blk.32.post_ffw_norm.weight (0 MiB f32) buffer type overridden to CUDA0
create_tensor: loading tensor blk.32.ffn_gate_inp.weight
create_tensor: loading tensor blk.32.inp_gate.weight
tensor blk.32.inp_gate.weight (2 MiB f32) buffer type overridden to CUDA0
create_tensor: loading tensor blk.32.proj.weight
tensor blk.32.proj.weight (2 MiB f32) buffer type overridden to CUDA0
create_tensor: loading tensor blk.32.post_norm.weight
tensor blk.32.post_norm.weight (0 MiB f32) buffer type overridden to CUDA0
create_tensor: loading tensor blk.33.attn_norm.weight
tensor blk.33.attn_norm.weight (0 MiB f32) buffer type overridden to CUDA0
create_tensor: loading tensor blk.33.attn_qkv.weight
create_tensor: loading tensor blk.33.attn_q.weight
tensor blk.33.attn_q.weight (2 MiB q4_K) buffer type overridden to CUDA0
create_tensor: loading tensor blk.33.attn_k.weight
tensor blk.33.attn_k.weight (0 MiB q4_K) buffer type overridden to CUDA0
create_tensor: loading tensor blk.33.attn_v.weight
tensor blk.33.attn_v.weight (0 MiB q4_K) buffer type overridden to CUDA0
create_tensor: loading tensor blk.33.attn_output.weight
tensor blk.33.attn_output.weight (2 MiB q4_K) buffer type overridden to CUDA0
create_tensor: loading tensor blk.33.attn_q_norm.weight
tensor blk.33.attn_q_norm.weight (0 MiB f32) buffer type overridden to CUDA0
create_tensor: loading tensor blk.33.attn_k_norm.weight
tensor blk.33.attn_k_norm.weight (0 MiB f32) buffer type overridden to CUDA0
create_tensor: loading tensor blk.33.post_attention_norm.weight
tensor blk.33.post_attention_norm.weight (0 MiB f32) buffer type overridden to CUDA0
create_tensor: loading tensor blk.33.layer_output_scale.weight
tensor blk.33.layer_output_scale.weight (0 MiB f32) buffer type overridden to CUDA0
create_tensor: loading tensor blk.33.ffn_norm.weight
tensor blk.33.ffn_norm.weight (0 MiB f32) buffer type overridden to CUDA0
create_tensor: loading tensor blk.33.ffn_gate.weight
tensor blk.33.ffn_gate.weight (14 MiB q4_K) buffer type overridden to CUDA0
create_tensor: loading tensor blk.33.ffn_up.weight
tensor blk.33.ffn_up.weight (14 MiB q4_K) buffer type overridden to CUDA0
create_tensor: loading tensor blk.33.ffn_down.weight
tensor blk.33.ffn_down.weight (14 MiB q4_K) buffer type overridden to CUDA0
create_tensor: loading tensor blk.33.post_ffw_norm.weight
tensor blk.33.post_ffw_norm.weight (0 MiB f32) buffer type overridden to CUDA0
create_tensor: loading tensor blk.33.ffn_gate_inp.weight
create_tensor: loading tensor blk.33.inp_gate.weight
tensor blk.33.inp_gate.weight (2 MiB f32) buffer type overridden to CUDA0
create_tensor: loading tensor blk.33.proj.weight
tensor blk.33.proj.weight (2 MiB f32) buffer type overridden to CUDA0
create_tensor: loading tensor blk.33.post_norm.weight
tensor blk.33.post_norm.weight (0 MiB f32) buffer type overridden to CUDA0
create_tensor: loading tensor blk.34.attn_norm.weight
tensor blk.34.attn_norm.weight (0 MiB f32) buffer type overridden to CUDA0
create_tensor: loading tensor blk.34.attn_qkv.weight
create_tensor: loading tensor blk.34.attn_q.weight
tensor blk.34.attn_q.weight (2 MiB q4_K) buffer type overridden to CUDA0
create_tensor: loading tensor blk.34.attn_k.weight
tensor blk.34.attn_k.weight (0 MiB q4_K) buffer type overridden to CUDA0
create_tensor: loading tensor blk.34.attn_v.weight
tensor blk.34.attn_v.weight (1 MiB q6_K) buffer type overridden to CUDA0
create_tensor: loading tensor blk.34.attn_output.weight
tensor blk.34.attn_output.weight (2 MiB q4_K) buffer type overridden to CUDA0
create_tensor: loading tensor blk.34.attn_q_norm.weight
tensor blk.34.attn_q_norm.weight (0 MiB f32) buffer type overridden to CUDA0
create_tensor: loading tensor blk.34.attn_k_norm.weight
tensor blk.34.attn_k_norm.weight (0 MiB f32) buffer type overridden to CUDA0
create_tensor: loading tensor blk.34.post_attention_norm.weight
tensor blk.34.post_attention_norm.weight (0 MiB f32) buffer type overridden to CUDA0
create_tensor: loading tensor blk.34.layer_output_scale.weight
tensor blk.34.layer_output_scale.weight (0 MiB f32) buffer type overridden to CUDA0
create_tensor: loading tensor blk.34.ffn_norm.weight
tensor blk.34.ffn_norm.weight (0 MiB f32) buffer type overridden to CUDA0
create_tensor: loading tensor blk.34.ffn_gate.weight
tensor blk.34.ffn_gate.weight (14 MiB q4_K) buffer type overridden to CUDA0
create_tensor: loading tensor blk.34.ffn_up.weight
tensor blk.34.ffn_up.weight (14 MiB q4_K) buffer type overridden to CUDA0
create_tensor: loading tensor blk.34.ffn_down.weight
tensor blk.34.ffn_down.weight (20 MiB q6_K) buffer type overridden to CUDA0
create_tensor: loading tensor blk.34.post_ffw_norm.weight
tensor blk.34.post_ffw_norm.weight (0 MiB f32) buffer type overridden to CUDA0
create_tensor: loading tensor blk.34.ffn_gate_inp.weight
create_tensor: loading tensor blk.34.inp_gate.weight
tensor blk.34.inp_gate.weight (2 MiB f32) buffer type overridden to CUDA0
create_tensor: loading tensor blk.34.proj.weight
tensor blk.34.proj.weight (2 MiB f32) buffer type overridden to CUDA0
create_tensor: loading tensor blk.34.post_norm.weight
tensor blk.34.post_norm.weight (0 MiB f32) buffer type overridden to CUDA0
create_tensor: loading tensor blk.35.attn_norm.weight
tensor blk.35.attn_norm.weight (0 MiB f32) buffer type overridden to CUDA0
create_tensor: loading tensor blk.35.attn_qkv.weight
create_tensor: loading tensor blk.35.attn_q.weight
tensor blk.35.attn_q.weight (5 MiB q4_K) buffer type overridden to CUDA0
create_tensor: loading tensor blk.35.attn_k.weight
tensor blk.35.attn_k.weight (1 MiB q4_K) buffer type overridden to CUDA0
create_tensor: loading tensor blk.35.attn_v.weight
tensor blk.35.attn_v.weight (1 MiB q4_K) buffer type overridden to CUDA0
create_tensor: loading tensor blk.35.attn_output.weight
tensor blk.35.attn_output.weight (5 MiB q4_K) buffer type overridden to CUDA0
create_tensor: loading tensor blk.35.attn_q_norm.weight
tensor blk.35.attn_q_norm.weight (0 MiB f32) buffer type overridden to CUDA0
create_tensor: loading tensor blk.35.attn_k_norm.weight
tensor blk.35.attn_k_norm.weight (0 MiB f32) buffer type overridden to CUDA0
create_tensor: loading tensor blk.35.post_attention_norm.weight
tensor blk.35.post_attention_norm.weight (0 MiB f32) buffer type overridden to CUDA0
create_tensor: loading tensor blk.35.layer_output_scale.weight
tensor blk.35.layer_output_scale.weight (0 MiB f32) buffer type overridden to CUDA0
create_tensor: loading tensor rope_freqs.weight
tensor rope_freqs.weight (0 MiB f32) buffer type overridden to CUDA0
create_tensor: loading tensor blk.35.ffn_norm.weight
tensor blk.35.ffn_norm.weight (0 MiB f32) buffer type overridden to CUDA0
create_tensor: loading tensor blk.35.ffn_gate.weight
tensor blk.35.ffn_gate.weight (14 MiB q4_K) buffer type overridden to CUDA0
create_tensor: loading tensor blk.35.ffn_up.weight
tensor blk.35.ffn_up.weight (14 MiB q4_K) buffer type overridden to CUDA0
create_tensor: loading tensor blk.35.ffn_down.weight
tensor blk.35.ffn_down.weight (14 MiB q4_K) buffer type overridden to CUDA0
create_tensor: loading tensor blk.35.post_ffw_norm.weight
tensor blk.35.post_ffw_norm.weight (0 MiB f32) buffer type overridden to CUDA0
create_tensor: loading tensor blk.35.ffn_gate_inp.weight
create_tensor: loading tensor blk.35.inp_gate.weight
tensor blk.35.inp_gate.weight (2 MiB f32) buffer type overridden to CUDA0
create_tensor: loading tensor blk.35.proj.weight
tensor blk.35.proj.weight (2 MiB f32) buffer type overridden to CUDA0
create_tensor: loading tensor blk.35.post_norm.weight
tensor blk.35.post_norm.weight (0 MiB f32) buffer type overridden to CUDA0
create_tensor: loading tensor blk.36.attn_norm.weight
tensor blk.36.attn_norm.weight (0 MiB f32) buffer type overridden to CUDA0
create_tensor: loading tensor blk.36.attn_qkv.weight
create_tensor: loading tensor blk.36.attn_q.weight
tensor blk.36.attn_q.weight (2 MiB q4_K) buffer type overridden to CUDA0
create_tensor: loading tensor blk.36.attn_k.weight
tensor blk.36.attn_k.weight (0 MiB q4_K) buffer type overridden to CUDA0
create_tensor: loading tensor blk.36.attn_v.weight
tensor blk.36.attn_v.weight (1 MiB q6_K) buffer type overridden to CUDA0
create_tensor: loading tensor blk.36.attn_output.weight
tensor blk.36.attn_output.weight (2 MiB q4_K) buffer type overridden to CUDA0
create_tensor: loading tensor blk.36.attn_q_norm.weight
tensor blk.36.attn_q_norm.weight (0 MiB f32) buffer type overridden to CUDA0
create_tensor: loading tensor blk.36.attn_k_norm.weight
tensor blk.36.attn_k_norm.weight (0 MiB f32) buffer type overridden to CUDA0
create_tensor: loading tensor blk.36.post_attention_norm.weight
tensor blk.36.post_attention_norm.weight (0 MiB f32) buffer type overridden to CUDA0
create_tensor: loading tensor blk.36.layer_output_scale.weight
tensor blk.36.layer_output_scale.weight (0 MiB f32) buffer type overridden to CUDA0
create_tensor: loading tensor blk.36.ffn_norm.weight
tensor blk.36.ffn_norm.weight (0 MiB f32) buffer type overridden to CUDA0
create_tensor: loading tensor blk.36.ffn_gate.weight
tensor blk.36.ffn_gate.weight (14 MiB q4_K) buffer type overridden to CUDA0
create_tensor: loading tensor blk.36.ffn_up.weight
tensor blk.36.ffn_up.weight (14 MiB q4_K) buffer type overridden to CUDA0
create_tensor: loading tensor blk.36.ffn_down.weight
tensor blk.36.ffn_down.weight (20 MiB q6_K) buffer type overridden to CUDA0
create_tensor: loading tensor blk.36.post_ffw_norm.weight
tensor blk.36.post_ffw_norm.weight (0 MiB f32) buffer type overridden to CUDA0
create_tensor: loading tensor blk.36.ffn_gate_inp.weight
create_tensor: loading tensor blk.36.inp_gate.weight
tensor blk.36.inp_gate.weight (2 MiB f32) buffer type overridden to CUDA0
create_tensor: loading tensor blk.36.proj.weight
tensor blk.36.proj.weight (2 MiB f32) buffer type overridden to CUDA0
create_tensor: loading tensor blk.36.post_norm.weight
tensor blk.36.post_norm.weight (0 MiB f32) buffer type overridden to CUDA0
create_tensor: loading tensor blk.37.attn_norm.weight
tensor blk.37.attn_norm.weight (0 MiB f32) buffer type overridden to CUDA0
create_tensor: loading tensor blk.37.attn_qkv.weight
create_tensor: loading tensor blk.37.attn_q.weight
tensor blk.37.attn_q.weight (2 MiB q4_K) buffer type overridden to CUDA0
create_tensor: loading tensor blk.37.attn_k.weight
tensor blk.37.attn_k.weight (0 MiB q4_K) buffer type overridden to CUDA0
create_tensor: loading tensor blk.37.attn_v.weight
tensor blk.37.attn_v.weight (1 MiB q6_K) buffer type overridden to CUDA0
create_tensor: loading tensor blk.37.attn_output.weight
tensor blk.37.attn_output.weight (2 MiB q4_K) buffer type overridden to CUDA0
create_tensor: loading tensor blk.37.attn_q_norm.weight
tensor blk.37.attn_q_norm.weight (0 MiB f32) buffer type overridden to CUDA0
create_tensor: loading tensor blk.37.attn_k_norm.weight
tensor blk.37.attn_k_norm.weight (0 MiB f32) buffer type overridden to CUDA0
create_tensor: loading tensor blk.37.post_attention_norm.weight
tensor blk.37.post_attention_norm.weight (0 MiB f32) buffer type overridden to CUDA0
create_tensor: loading tensor blk.37.layer_output_scale.weight
tensor blk.37.layer_output_scale.weight (0 MiB f32) buffer type overridden to CUDA0
create_tensor: loading tensor blk.37.ffn_norm.weight
tensor blk.37.ffn_norm.weight (0 MiB f32) buffer type overridden to CUDA0
create_tensor: loading tensor blk.37.ffn_gate.weight
tensor blk.37.ffn_gate.weight (14 MiB q4_K) buffer type overridden to CUDA0
create_tensor: loading tensor blk.37.ffn_up.weight
tensor blk.37.ffn_up.weight (14 MiB q4_K) buffer type overridden to CUDA0
create_tensor: loading tensor blk.37.ffn_down.weight
tensor blk.37.ffn_down.weight (20 MiB q6_K) buffer type overridden to CUDA0
create_tensor: loading tensor blk.37.post_ffw_norm.weight
tensor blk.37.post_ffw_norm.weight (0 MiB f32) buffer type overridden to CUDA0
create_tensor: loading tensor blk.37.ffn_gate_inp.weight
create_tensor: loading tensor blk.37.inp_gate.weight
tensor blk.37.inp_gate.weight (2 MiB f32) buffer type overridden to CUDA0
create_tensor: loading tensor blk.37.proj.weight
tensor blk.37.proj.weight (2 MiB f32) buffer type overridden to CUDA0
create_tensor: loading tensor blk.37.post_norm.weight
tensor blk.37.post_norm.weight (0 MiB f32) buffer type overridden to CUDA0
create_tensor: loading tensor blk.38.attn_norm.weight
tensor blk.38.attn_norm.weight (0 MiB f32) buffer type overridden to CUDA0
create_tensor: loading tensor blk.38.attn_qkv.weight
create_tensor: loading tensor blk.38.attn_q.weight
tensor blk.38.attn_q.weight (2 MiB q4_K) buffer type overridden to CUDA0
create_tensor: loading tensor blk.38.attn_k.weight
tensor blk.38.attn_k.weight (0 MiB q4_K) buffer type overridden to CUDA0
create_tensor: loading tensor blk.38.attn_v.weight
tensor blk.38.attn_v.weight (1 MiB q6_K) buffer type overridden to CUDA0
create_tensor: loading tensor blk.38.attn_output.weight
tensor blk.38.attn_output.weight (2 MiB q4_K) buffer type overridden to CUDA0
create_tensor: loading tensor blk.38.attn_q_norm.weight
tensor blk.38.attn_q_norm.weight (0 MiB f32) buffer type overridden to CUDA0
create_tensor: loading tensor blk.38.attn_k_norm.weight
tensor blk.38.attn_k_norm.weight (0 MiB f32) buffer type overridden to CUDA0
create_tensor: loading tensor blk.38.post_attention_norm.weight
tensor blk.38.post_attention_norm.weight (0 MiB f32) buffer type overridden to CUDA0
create_tensor: loading tensor blk.38.layer_output_scale.weight
tensor blk.38.layer_output_scale.weight (0 MiB f32) buffer type overridden to CUDA0
create_tensor: loading tensor blk.38.ffn_norm.weight
tensor blk.38.ffn_norm.weight (0 MiB f32) buffer type overridden to CUDA0
create_tensor: loading tensor blk.38.ffn_gate.weight
tensor blk.38.ffn_gate.weight (14 MiB q4_K) buffer type overridden to CUDA0
create_tensor: loading tensor blk.38.ffn_up.weight
tensor blk.38.ffn_up.weight (14 MiB q4_K) buffer type overridden to CUDA0
create_tensor: loading tensor blk.38.ffn_down.weight
tensor blk.38.ffn_down.weight (20 MiB q6_K) buffer type overridden to CUDA0
create_tensor: loading tensor blk.38.post_ffw_norm.weight
tensor blk.38.post_ffw_norm.weight (0 MiB f32) buffer type overridden to CUDA0
create_tensor: loading tensor blk.38.ffn_gate_inp.weight
create_tensor: loading tensor blk.38.inp_gate.weight
tensor blk.38.inp_gate.weight (2 MiB f32) buffer type overridden to CUDA0
create_tensor: loading tensor blk.38.proj.weight
tensor blk.38.proj.weight (2 MiB f32) buffer type overridden to CUDA0
create_tensor: loading tensor blk.38.post_norm.weight
tensor blk.38.post_norm.weight (0 MiB f32) buffer type overridden to CUDA0
create_tensor: loading tensor blk.39.attn_norm.weight
tensor blk.39.attn_norm.weight (0 MiB f32) buffer type overridden to CUDA0
create_tensor: loading tensor blk.39.attn_qkv.weight
create_tensor: loading tensor blk.39.attn_q.weight
tensor blk.39.attn_q.weight (2 MiB q4_K) buffer type overridden to CUDA0
create_tensor: loading tensor blk.39.attn_k.weight
tensor blk.39.attn_k.weight (0 MiB q4_K) buffer type overridden to CUDA0
create_tensor: loading tensor blk.39.attn_v.weight
tensor blk.39.attn_v.weight (1 MiB q6_K) buffer type overridden to CUDA0
create_tensor: loading tensor blk.39.attn_output.weight
tensor blk.39.attn_output.weight (2 MiB q4_K) buffer type overridden to CUDA0
create_tensor: loading tensor blk.39.attn_q_norm.weight
tensor blk.39.attn_q_norm.weight (0 MiB f32) buffer type overridden to CUDA0
create_tensor: loading tensor blk.39.attn_k_norm.weight
tensor blk.39.attn_k_norm.weight (0 MiB f32) buffer type overridden to CUDA0
create_tensor: loading tensor blk.39.post_attention_norm.weight
tensor blk.39.post_attention_norm.weight (0 MiB f32) buffer type overridden to CUDA0
create_tensor: loading tensor blk.39.layer_output_scale.weight
tensor blk.39.layer_output_scale.weight (0 MiB f32) buffer type overridden to CUDA0
create_tensor: loading tensor blk.39.ffn_norm.weight
tensor blk.39.ffn_norm.weight (0 MiB f32) buffer type overridden to CUDA0
create_tensor: loading tensor blk.39.ffn_gate.weight
tensor blk.39.ffn_gate.weight (14 MiB q4_K) buffer type overridden to CUDA0
create_tensor: loading tensor blk.39.ffn_up.weight
tensor blk.39.ffn_up.weight (14 MiB q4_K) buffer type overridden to CUDA0
create_tensor: loading tensor blk.39.ffn_down.weight
tensor blk.39.ffn_down.weight (20 MiB q6_K) buffer type overridden to CUDA0
create_tensor: loading tensor blk.39.post_ffw_norm.weight
tensor blk.39.post_ffw_norm.weight (0 MiB f32) buffer type overridden to CUDA0
create_tensor: loading tensor blk.39.ffn_gate_inp.weight
create_tensor: loading tensor blk.39.inp_gate.weight
tensor blk.39.inp_gate.weight (2 MiB f32) buffer type overridden to CUDA0
create_tensor: loading tensor blk.39.proj.weight
tensor blk.39.proj.weight (2 MiB f32) buffer type overridden to CUDA0
create_tensor: loading tensor blk.39.post_norm.weight
tensor blk.39.post_norm.weight (0 MiB f32) buffer type overridden to CUDA0
create_tensor: loading tensor blk.40.attn_norm.weight
tensor blk.40.attn_norm.weight (0 MiB f32) buffer type overridden to CUDA0
create_tensor: loading tensor blk.40.attn_qkv.weight
create_tensor: loading tensor blk.40.attn_q.weight
tensor blk.40.attn_q.weight (2 MiB q4_K) buffer type overridden to CUDA0
create_tensor: loading tensor blk.40.attn_k.weight
tensor blk.40.attn_k.weight (0 MiB q4_K) buffer type overridden to CUDA0
create_tensor: loading tensor blk.40.attn_v.weight
tensor blk.40.attn_v.weight (1 MiB q6_K) buffer type overridden to CUDA0
create_tensor: loading tensor blk.40.attn_output.weight
tensor blk.40.attn_output.weight (2 MiB q4_K) buffer type overridden to CUDA0
create_tensor: loading tensor blk.40.attn_q_norm.weight
tensor blk.40.attn_q_norm.weight (0 MiB f32) buffer type overridden to CUDA0
create_tensor: loading tensor blk.40.attn_k_norm.weight
tensor blk.40.attn_k_norm.weight (0 MiB f32) buffer type overridden to CUDA0
create_tensor: loading tensor blk.40.post_attention_norm.weight
tensor blk.40.post_attention_norm.weight (0 MiB f32) buffer type overridden to CUDA0
create_tensor: loading tensor blk.40.layer_output_scale.weight
tensor blk.40.layer_output_scale.weight (0 MiB f32) buffer type overridden to CUDA0
create_tensor: loading tensor blk.40.ffn_norm.weight
tensor blk.40.ffn_norm.weight (0 MiB f32) buffer type overridden to CUDA0
create_tensor: loading tensor blk.40.ffn_gate.weight
tensor blk.40.ffn_gate.weight (14 MiB q4_K) buffer type overridden to CUDA0
create_tensor: loading tensor blk.40.ffn_up.weight
tensor blk.40.ffn_up.weight (14 MiB q4_K) buffer type overridden to CUDA0
create_tensor: loading tensor blk.40.ffn_down.weight
tensor blk.40.ffn_down.weight (20 MiB q6_K) buffer type overridden to CUDA0
create_tensor: loading tensor blk.40.post_ffw_norm.weight
tensor blk.40.post_ffw_norm.weight (0 MiB f32) buffer type overridden to CUDA0
create_tensor: loading tensor blk.40.ffn_gate_inp.weight
create_tensor: loading tensor blk.40.inp_gate.weight
tensor blk.40.inp_gate.weight (2 MiB f32) buffer type overridden to CUDA0
create_tensor: loading tensor blk.40.proj.weight
tensor blk.40.proj.weight (2 MiB f32) buffer type overridden to CUDA0
create_tensor: loading tensor blk.40.post_norm.weight
tensor blk.40.post_norm.weight (0 MiB f32) buffer type overridden to CUDA0
create_tensor: loading tensor blk.41.attn_norm.weight
tensor blk.41.attn_norm.weight (0 MiB f32) buffer type overridden to CUDA0
create_tensor: loading tensor blk.41.attn_qkv.weight
create_tensor: loading tensor blk.41.attn_q.weight
tensor blk.41.attn_q.weight (5 MiB q4_K) buffer type overridden to CUDA0
create_tensor: loading tensor blk.41.attn_k.weight
tensor blk.41.attn_k.weight (1 MiB q4_K) buffer type overridden to CUDA0
create_tensor: loading tensor blk.41.attn_v.weight
tensor blk.41.attn_v.weight (2 MiB q6_K) buffer type overridden to CUDA0
create_tensor: loading tensor blk.41.attn_output.weight
tensor blk.41.attn_output.weight (5 MiB q4_K) buffer type overridden to CUDA0
create_tensor: loading tensor blk.41.attn_q_norm.weight
tensor blk.41.attn_q_norm.weight (0 MiB f32) buffer type overridden to CUDA0
create_tensor: loading tensor blk.41.attn_k_norm.weight
tensor blk.41.attn_k_norm.weight (0 MiB f32) buffer type overridden to CUDA0
create_tensor: loading tensor blk.41.post_attention_norm.weight
tensor blk.41.post_attention_norm.weight (0 MiB f32) buffer type overridden to CUDA0
create_tensor: loading tensor blk.41.layer_output_scale.weight
tensor blk.41.layer_output_scale.weight (0 MiB f32) buffer type overridden to CUDA0
create_tensor: loading tensor rope_freqs.weight
tensor rope_freqs.weight (0 MiB f32) buffer type overridden to CUDA0
create_tensor: loading tensor blk.41.ffn_norm.weight
tensor blk.41.ffn_norm.weight (0 MiB f32) buffer type overridden to CUDA0
create_tensor: loading tensor blk.41.ffn_gate.weight
tensor blk.41.ffn_gate.weight (14 MiB q4_K) buffer type overridden to CUDA0
create_tensor: loading tensor blk.41.ffn_up.weight
tensor blk.41.ffn_up.weight (14 MiB q4_K) buffer type overridden to CUDA0
create_tensor: loading tensor blk.41.ffn_down.weight
tensor blk.41.ffn_down.weight (20 MiB q6_K) buffer type overridden to CUDA0
create_tensor: loading tensor blk.41.post_ffw_norm.weight
tensor blk.41.post_ffw_norm.weight (0 MiB f32) buffer type overridden to CUDA0
create_tensor: loading tensor blk.41.ffn_gate_inp.weight
create_tensor: loading tensor blk.41.inp_gate.weight
tensor blk.41.inp_gate.weight (2 MiB f32) buffer type overridden to CUDA0
create_tensor: loading tensor blk.41.proj.weight
tensor blk.41.proj.weight (2 MiB f32) buffer type overridden to CUDA0
create_tensor: loading tensor blk.41.post_norm.weight
tensor blk.41.post_norm.weight (0 MiB f32) buffer type overridden to CUDA0
create_tensor: loading tensor blk.0.attn_q.scale
create_tensor: loading tensor blk.0.attn_k.scale
create_tensor: loading tensor blk.0.attn_v.scale
create_tensor: loading tensor blk.0.attn_output.scale
create_tensor: loading tensor blk.0.ffn_gate.scale
create_tensor: loading tensor blk.0.ffn_down.scale
create_tensor: loading tensor blk.0.ffn_up.scale
create_tensor: loading tensor blk.0.attn_q.input_scale
create_tensor: loading tensor blk.0.attn_k.input_scale
create_tensor: loading tensor blk.0.attn_v.input_scale
create_tensor: loading tensor blk.0.attn_output.input_scale
create_tensor: loading tensor blk.0.ffn_gate.input_scale
create_tensor: loading tensor blk.0.ffn_down.input_scale
create_tensor: loading tensor blk.0.ffn_up.input_scale
create_tensor: loading tensor blk.1.attn_q.scale
create_tensor: loading tensor blk.1.attn_k.scale
create_tensor: loading tensor blk.1.attn_v.scale
create_tensor: loading tensor blk.1.attn_output.scale
create_tensor: loading tensor blk.1.ffn_gate.scale
create_tensor: loading tensor blk.1.ffn_down.scale
create_tensor: loading tensor blk.1.ffn_up.scale
create_tensor: loading tensor blk.1.attn_q.input_scale
create_tensor: loading tensor blk.1.attn_k.input_scale
create_tensor: loading tensor blk.1.attn_v.input_scale
create_tensor: loading tensor blk.1.attn_output.input_scale
create_tensor: loading tensor blk.1.ffn_gate.input_scale
create_tensor: loading tensor blk.1.ffn_down.input_scale
create_tensor: loading tensor blk.1.ffn_up.input_scale
create_tensor: loading tensor blk.2.attn_q.scale
create_tensor: loading tensor blk.2.attn_k.scale
create_tensor: loading tensor blk.2.attn_v.scale
create_tensor: loading tensor blk.2.attn_output.scale
create_tensor: loading tensor blk.2.ffn_gate.scale
create_tensor: loading tensor blk.2.ffn_down.scale
create_tensor: loading tensor blk.2.ffn_up.scale
create_tensor: loading tensor blk.2.attn_q.input_scale
create_tensor: loading tensor blk.2.attn_k.input_scale
create_tensor: loading tensor blk.2.attn_v.input_scale
create_tensor: loading tensor blk.2.attn_output.input_scale
create_tensor: loading tensor blk.2.ffn_gate.input_scale
create_tensor: loading tensor blk.2.ffn_down.input_scale
create_tensor: loading tensor blk.2.ffn_up.input_scale
create_tensor: loading tensor blk.3.attn_q.scale
create_tensor: loading tensor blk.3.attn_k.scale
create_tensor: loading tensor blk.3.attn_v.scale
create_tensor: loading tensor blk.3.attn_output.scale
create_tensor: loading tensor blk.3.ffn_gate.scale
create_tensor: loading tensor blk.3.ffn_down.scale
create_tensor: loading tensor blk.3.ffn_up.scale
create_tensor: loading tensor blk.3.attn_q.input_scale
create_tensor: loading tensor blk.3.attn_k.input_scale
create_tensor: loading tensor blk.3.attn_v.input_scale
create_tensor: loading tensor blk.3.attn_output.input_scale
create_tensor: loading tensor blk.3.ffn_gate.input_scale
create_tensor: loading tensor blk.3.ffn_down.input_scale
create_tensor: loading tensor blk.3.ffn_up.input_scale
create_tensor: loading tensor blk.4.attn_q.scale
create_tensor: loading tensor blk.4.attn_k.scale
create_tensor: loading tensor blk.4.attn_v.scale
create_tensor: loading tensor blk.4.attn_output.scale
create_tensor: loading tensor blk.4.ffn_gate.scale
create_tensor: loading tensor blk.4.ffn_down.scale
create_tensor: loading tensor blk.4.ffn_up.scale
create_tensor: loading tensor blk.4.attn_q.input_scale
create_tensor: loading tensor blk.4.attn_k.input_scale
create_tensor: loading tensor blk.4.attn_v.input_scale
create_tensor: loading tensor blk.4.attn_output.input_scale
create_tensor: loading tensor blk.4.ffn_gate.input_scale
create_tensor: loading tensor blk.4.ffn_down.input_scale
create_tensor: loading tensor blk.4.ffn_up.input_scale
create_tensor: loading tensor blk.5.attn_q.scale
create_tensor: loading tensor blk.5.attn_k.scale
create_tensor: loading tensor blk.5.attn_v.scale
create_tensor: loading tensor blk.5.attn_output.scale
create_tensor: loading tensor blk.5.ffn_gate.scale
create_tensor: loading tensor blk.5.ffn_down.scale
create_tensor: loading tensor blk.5.ffn_up.scale
create_tensor: loading tensor blk.5.attn_q.input_scale
create_tensor: loading tensor blk.5.attn_k.input_scale
create_tensor: loading tensor blk.5.attn_v.input_scale
create_tensor: loading tensor blk.5.attn_output.input_scale
create_tensor: loading tensor blk.5.ffn_gate.input_scale
create_tensor: loading tensor blk.5.ffn_down.input_scale
create_tensor: loading tensor blk.5.ffn_up.input_scale
create_tensor: loading tensor blk.6.attn_q.scale
create_tensor: loading tensor blk.6.attn_k.scale
create_tensor: loading tensor blk.6.attn_v.scale
create_tensor: loading tensor blk.6.attn_output.scale
create_tensor: loading tensor blk.6.ffn_gate.scale
create_tensor: loading tensor blk.6.ffn_down.scale
create_tensor: loading tensor blk.6.ffn_up.scale
create_tensor: loading tensor blk.6.attn_q.input_scale
create_tensor: loading tensor blk.6.attn_k.input_scale
create_tensor: loading tensor blk.6.attn_v.input_scale
create_tensor: loading tensor blk.6.attn_output.input_scale
create_tensor: loading tensor blk.6.ffn_gate.input_scale
create_tensor: loading tensor blk.6.ffn_down.input_scale
create_tensor: loading tensor blk.6.ffn_up.input_scale
create_tensor: loading tensor blk.7.attn_q.scale
create_tensor: loading tensor blk.7.attn_k.scale
create_tensor: loading tensor blk.7.attn_v.scale
create_tensor: loading tensor blk.7.attn_output.scale
create_tensor: loading tensor blk.7.ffn_gate.scale
create_tensor: loading tensor blk.7.ffn_down.scale
create_tensor: loading tensor blk.7.ffn_up.scale
create_tensor: loading tensor blk.7.attn_q.input_scale
create_tensor: loading tensor blk.7.attn_k.input_scale
create_tensor: loading tensor blk.7.attn_v.input_scale
create_tensor: loading tensor blk.7.attn_output.input_scale
create_tensor: loading tensor blk.7.ffn_gate.input_scale
create_tensor: loading tensor blk.7.ffn_down.input_scale
create_tensor: loading tensor blk.7.ffn_up.input_scale
create_tensor: loading tensor blk.8.attn_q.scale
create_tensor: loading tensor blk.8.attn_k.scale
create_tensor: loading tensor blk.8.attn_v.scale
create_tensor: loading tensor blk.8.attn_output.scale
create_tensor: loading tensor blk.8.ffn_gate.scale
create_tensor: loading tensor blk.8.ffn_down.scale
create_tensor: loading tensor blk.8.ffn_up.scale
create_tensor: loading tensor blk.8.attn_q.input_scale
create_tensor: loading tensor blk.8.attn_k.input_scale
create_tensor: loading tensor blk.8.attn_v.input_scale
create_tensor: loading tensor blk.8.attn_output.input_scale
create_tensor: loading tensor blk.8.ffn_gate.input_scale
create_tensor: loading tensor blk.8.ffn_down.input_scale
create_tensor: loading tensor blk.8.ffn_up.input_scale
create_tensor: loading tensor blk.9.attn_q.scale
create_tensor: loading tensor blk.9.attn_k.scale
create_tensor: loading tensor blk.9.attn_v.scale
create_tensor: loading tensor blk.9.attn_output.scale
create_tensor: loading tensor blk.9.ffn_gate.scale
create_tensor: loading tensor blk.9.ffn_down.scale
create_tensor: loading tensor blk.9.ffn_up.scale
create_tensor: loading tensor blk.9.attn_q.input_scale
create_tensor: loading tensor blk.9.attn_k.input_scale
create_tensor: loading tensor blk.9.attn_v.input_scale
create_tensor: loading tensor blk.9.attn_output.input_scale
create_tensor: loading tensor blk.9.ffn_gate.input_scale
create_tensor: loading tensor blk.9.ffn_down.input_scale
create_tensor: loading tensor blk.9.ffn_up.input_scale
create_tensor: loading tensor blk.10.attn_q.scale
create_tensor: loading tensor blk.10.attn_k.scale
create_tensor: loading tensor blk.10.attn_v.scale
create_tensor: loading tensor blk.10.attn_output.scale
create_tensor: loading tensor blk.10.ffn_gate.scale
create_tensor: loading tensor blk.10.ffn_down.scale
create_tensor: loading tensor blk.10.ffn_up.scale
create_tensor: loading tensor blk.10.attn_q.input_scale
create_tensor: loading tensor blk.10.attn_k.input_scale
create_tensor: loading tensor blk.10.attn_v.input_scale
create_tensor: loading tensor blk.10.attn_output.input_scale
create_tensor: loading tensor blk.10.ffn_gate.input_scale
create_tensor: loading tensor blk.10.ffn_down.input_scale
create_tensor: loading tensor blk.10.ffn_up.input_scale
create_tensor: loading tensor blk.11.attn_q.scale
create_tensor: loading tensor blk.11.attn_k.scale
create_tensor: loading tensor blk.11.attn_v.scale
create_tensor: loading tensor blk.11.attn_output.scale
create_tensor: loading tensor blk.11.ffn_gate.scale
create_tensor: loading tensor blk.11.ffn_down.scale
create_tensor: loading tensor blk.11.ffn_up.scale
create_tensor: loading tensor blk.11.attn_q.input_scale
create_tensor: loading tensor blk.11.attn_k.input_scale
create_tensor: loading tensor blk.11.attn_v.input_scale
create_tensor: loading tensor blk.11.attn_output.input_scale
create_tensor: loading tensor blk.11.ffn_gate.input_scale
create_tensor: loading tensor blk.11.ffn_down.input_scale
create_tensor: loading tensor blk.11.ffn_up.input_scale
create_tensor: loading tensor blk.12.attn_q.scale
create_tensor: loading tensor blk.12.attn_k.scale
create_tensor: loading tensor blk.12.attn_v.scale
create_tensor: loading tensor blk.12.attn_output.scale
create_tensor: loading tensor blk.12.ffn_gate.scale
create_tensor: loading tensor blk.12.ffn_down.scale
create_tensor: loading tensor blk.12.ffn_up.scale
create_tensor: loading tensor blk.12.attn_q.input_scale
create_tensor: loading tensor blk.12.attn_k.input_scale
create_tensor: loading tensor blk.12.attn_v.input_scale
create_tensor: loading tensor blk.12.attn_output.input_scale
create_tensor: loading tensor blk.12.ffn_gate.input_scale
create_tensor: loading tensor blk.12.ffn_down.input_scale
create_tensor: loading tensor blk.12.ffn_up.input_scale
create_tensor: loading tensor blk.13.attn_q.scale
create_tensor: loading tensor blk.13.attn_k.scale
create_tensor: loading tensor blk.13.attn_v.scale
create_tensor: loading tensor blk.13.attn_output.scale
create_tensor: loading tensor blk.13.ffn_gate.scale
create_tensor: loading tensor blk.13.ffn_down.scale
create_tensor: loading tensor blk.13.ffn_up.scale
create_tensor: loading tensor blk.13.attn_q.input_scale
create_tensor: loading tensor blk.13.attn_k.input_scale
create_tensor: loading tensor blk.13.attn_v.input_scale
create_tensor: loading tensor blk.13.attn_output.input_scale
create_tensor: loading tensor blk.13.ffn_gate.input_scale
create_tensor: loading tensor blk.13.ffn_down.input_scale
create_tensor: loading tensor blk.13.ffn_up.input_scale
create_tensor: loading tensor blk.14.attn_q.scale
create_tensor: loading tensor blk.14.attn_k.scale
create_tensor: loading tensor blk.14.attn_v.scale
create_tensor: loading tensor blk.14.attn_output.scale
create_tensor: loading tensor blk.14.ffn_gate.scale
create_tensor: loading tensor blk.14.ffn_down.scale
create_tensor: loading tensor blk.14.ffn_up.scale
create_tensor: loading tensor blk.14.attn_q.input_scale
create_tensor: loading tensor blk.14.attn_k.input_scale
create_tensor: loading tensor blk.14.attn_v.input_scale
create_tensor: loading tensor blk.14.attn_output.input_scale
create_tensor: loading tensor blk.14.ffn_gate.input_scale
create_tensor: loading tensor blk.14.ffn_down.input_scale
create_tensor: loading tensor blk.14.ffn_up.input_scale
create_tensor: loading tensor blk.15.attn_q.scale
create_tensor: loading tensor blk.15.attn_k.scale
create_tensor: loading tensor blk.15.attn_v.scale
create_tensor: loading tensor blk.15.attn_output.scale
create_tensor: loading tensor blk.15.ffn_gate.scale
create_tensor: loading tensor blk.15.ffn_down.scale
create_tensor: loading tensor blk.15.ffn_up.scale
create_tensor: loading tensor blk.15.attn_q.input_scale
create_tensor: loading tensor blk.15.attn_k.input_scale
create_tensor: loading tensor blk.15.attn_v.input_scale
create_tensor: loading tensor blk.15.attn_output.input_scale
create_tensor: loading tensor blk.15.ffn_gate.input_scale
create_tensor: loading tensor blk.15.ffn_down.input_scale
create_tensor: loading tensor blk.15.ffn_up.input_scale
create_tensor: loading tensor blk.16.attn_q.scale
create_tensor: loading tensor blk.16.attn_k.scale
create_tensor: loading tensor blk.16.attn_v.scale
create_tensor: loading tensor blk.16.attn_output.scale
create_tensor: loading tensor blk.16.ffn_gate.scale
create_tensor: loading tensor blk.16.ffn_down.scale
create_tensor: loading tensor blk.16.ffn_up.scale
create_tensor: loading tensor blk.16.attn_q.input_scale
create_tensor: loading tensor blk.16.attn_k.input_scale
create_tensor: loading tensor blk.16.attn_v.input_scale
create_tensor: loading tensor blk.16.attn_output.input_scale
create_tensor: loading tensor blk.16.ffn_gate.input_scale
create_tensor: loading tensor blk.16.ffn_down.input_scale
create_tensor: loading tensor blk.16.ffn_up.input_scale
create_tensor: loading tensor blk.17.attn_q.scale
create_tensor: loading tensor blk.17.attn_k.scale
create_tensor: loading tensor blk.17.attn_v.scale
create_tensor: loading tensor blk.17.attn_output.scale
create_tensor: loading tensor blk.17.ffn_gate.scale
create_tensor: loading tensor blk.17.ffn_down.scale
create_tensor: loading tensor blk.17.ffn_up.scale
create_tensor: loading tensor blk.17.attn_q.input_scale
create_tensor: loading tensor blk.17.attn_k.input_scale
create_tensor: loading tensor blk.17.attn_v.input_scale
create_tensor: loading tensor blk.17.attn_output.input_scale
create_tensor: loading tensor blk.17.ffn_gate.input_scale
create_tensor: loading tensor blk.17.ffn_down.input_scale
create_tensor: loading tensor blk.17.ffn_up.input_scale
create_tensor: loading tensor blk.18.attn_q.scale
create_tensor: loading tensor blk.18.attn_k.scale
create_tensor: loading tensor blk.18.attn_v.scale
create_tensor: loading tensor blk.18.attn_output.scale
create_tensor: loading tensor blk.18.ffn_gate.scale
create_tensor: loading tensor blk.18.ffn_down.scale
create_tensor: loading tensor blk.18.ffn_up.scale
create_tensor: loading tensor blk.18.attn_q.input_scale
create_tensor: loading tensor blk.18.attn_k.input_scale
create_tensor: loading tensor blk.18.attn_v.input_scale
create_tensor: loading tensor blk.18.attn_output.input_scale
create_tensor: loading tensor blk.18.ffn_gate.input_scale
create_tensor: loading tensor blk.18.ffn_down.input_scale
create_tensor: loading tensor blk.18.ffn_up.input_scale
create_tensor: loading tensor blk.19.attn_q.scale
create_tensor: loading tensor blk.19.attn_k.scale
create_tensor: loading tensor blk.19.attn_v.scale
create_tensor: loading tensor blk.19.attn_output.scale
create_tensor: loading tensor blk.19.ffn_gate.scale
create_tensor: loading tensor blk.19.ffn_down.scale
create_tensor: loading tensor blk.19.ffn_up.scale
create_tensor: loading tensor blk.19.attn_q.input_scale
create_tensor: loading tensor blk.19.attn_k.input_scale
create_tensor: loading tensor blk.19.attn_v.input_scale
create_tensor: loading tensor blk.19.attn_output.input_scale
create_tensor: loading tensor blk.19.ffn_gate.input_scale
create_tensor: loading tensor blk.19.ffn_down.input_scale
create_tensor: loading tensor blk.19.ffn_up.input_scale
create_tensor: loading tensor blk.20.attn_q.scale
create_tensor: loading tensor blk.20.attn_k.scale
create_tensor: loading tensor blk.20.attn_v.scale
create_tensor: loading tensor blk.20.attn_output.scale
create_tensor: loading tensor blk.20.ffn_gate.scale
create_tensor: loading tensor blk.20.ffn_down.scale
create_tensor: loading tensor blk.20.ffn_up.scale
create_tensor: loading tensor blk.20.attn_q.input_scale
create_tensor: loading tensor blk.20.attn_k.input_scale
create_tensor: loading tensor blk.20.attn_v.input_scale
create_tensor: loading tensor blk.20.attn_output.input_scale
create_tensor: loading tensor blk.20.ffn_gate.input_scale
create_tensor: loading tensor blk.20.ffn_down.input_scale
create_tensor: loading tensor blk.20.ffn_up.input_scale
create_tensor: loading tensor blk.21.attn_q.scale
create_tensor: loading tensor blk.21.attn_k.scale
create_tensor: loading tensor blk.21.attn_v.scale
create_tensor: loading tensor blk.21.attn_output.scale
create_tensor: loading tensor blk.21.ffn_gate.scale
create_tensor: loading tensor blk.21.ffn_down.scale
create_tensor: loading tensor blk.21.ffn_up.scale
create_tensor: loading tensor blk.21.attn_q.input_scale
create_tensor: loading tensor blk.21.attn_k.input_scale
create_tensor: loading tensor blk.21.attn_v.input_scale
create_tensor: loading tensor blk.21.attn_output.input_scale
create_tensor: loading tensor blk.21.ffn_gate.input_scale
create_tensor: loading tensor blk.21.ffn_down.input_scale
create_tensor: loading tensor blk.21.ffn_up.input_scale
create_tensor: loading tensor blk.22.attn_q.scale
create_tensor: loading tensor blk.22.attn_k.scale
create_tensor: loading tensor blk.22.attn_v.scale
create_tensor: loading tensor blk.22.attn_output.scale
create_tensor: loading tensor blk.22.ffn_gate.scale
create_tensor: loading tensor blk.22.ffn_down.scale
create_tensor: loading tensor blk.22.ffn_up.scale
create_tensor: loading tensor blk.22.attn_q.input_scale
create_tensor: loading tensor blk.22.attn_k.input_scale
create_tensor: loading tensor blk.22.attn_v.input_scale
create_tensor: loading tensor blk.22.attn_output.input_scale
create_tensor: loading tensor blk.22.ffn_gate.input_scale
create_tensor: loading tensor blk.22.ffn_down.input_scale
create_tensor: loading tensor blk.22.ffn_up.input_scale
create_tensor: loading tensor blk.23.attn_q.scale
create_tensor: loading tensor blk.23.attn_k.scale
create_tensor: loading tensor blk.23.attn_v.scale
create_tensor: loading tensor blk.23.attn_output.scale
create_tensor: loading tensor blk.23.ffn_gate.scale
create_tensor: loading tensor blk.23.ffn_down.scale
create_tensor: loading tensor blk.23.ffn_up.scale
create_tensor: loading tensor blk.23.attn_q.input_scale
create_tensor: loading tensor blk.23.attn_k.input_scale
create_tensor: loading tensor blk.23.attn_v.input_scale
create_tensor: loading tensor blk.23.attn_output.input_scale
create_tensor: loading tensor blk.23.ffn_gate.input_scale
create_tensor: loading tensor blk.23.ffn_down.input_scale
create_tensor: loading tensor blk.23.ffn_up.input_scale
create_tensor: loading tensor blk.24.attn_q.scale
create_tensor: loading tensor blk.24.attn_k.scale
create_tensor: loading tensor blk.24.attn_v.scale
create_tensor: loading tensor blk.24.attn_output.scale
create_tensor: loading tensor blk.24.ffn_gate.scale
create_tensor: loading tensor blk.24.ffn_down.scale
create_tensor: loading tensor blk.24.ffn_up.scale
create_tensor: loading tensor blk.24.attn_q.input_scale
create_tensor: loading tensor blk.24.attn_k.input_scale
create_tensor: loading tensor blk.24.attn_v.input_scale
create_tensor: loading tensor blk.24.attn_output.input_scale
create_tensor: loading tensor blk.24.ffn_gate.input_scale
create_tensor: loading tensor blk.24.ffn_down.input_scale
create_tensor: loading tensor blk.24.ffn_up.input_scale
create_tensor: loading tensor blk.25.attn_q.scale
create_tensor: loading tensor blk.25.attn_k.scale
create_tensor: loading tensor blk.25.attn_v.scale
create_tensor: loading tensor blk.25.attn_output.scale
create_tensor: loading tensor blk.25.ffn_gate.scale
create_tensor: loading tensor blk.25.ffn_down.scale
create_tensor: loading tensor blk.25.ffn_up.scale
create_tensor: loading tensor blk.25.attn_q.input_scale
create_tensor: loading tensor blk.25.attn_k.input_scale
create_tensor: loading tensor blk.25.attn_v.input_scale
create_tensor: loading tensor blk.25.attn_output.input_scale
create_tensor: loading tensor blk.25.ffn_gate.input_scale
create_tensor: loading tensor blk.25.ffn_down.input_scale
create_tensor: loading tensor blk.25.ffn_up.input_scale
create_tensor: loading tensor blk.26.attn_q.scale
create_tensor: loading tensor blk.26.attn_k.scale
create_tensor: loading tensor blk.26.attn_v.scale
create_tensor: loading tensor blk.26.attn_output.scale
create_tensor: loading tensor blk.26.ffn_gate.scale
create_tensor: loading tensor blk.26.ffn_down.scale
create_tensor: loading tensor blk.26.ffn_up.scale
create_tensor: loading tensor blk.26.attn_q.input_scale
create_tensor: loading tensor blk.26.attn_k.input_scale
create_tensor: loading tensor blk.26.attn_v.input_scale
create_tensor: loading tensor blk.26.attn_output.input_scale
create_tensor: loading tensor blk.26.ffn_gate.input_scale
create_tensor: loading tensor blk.26.ffn_down.input_scale
create_tensor: loading tensor blk.26.ffn_up.input_scale
create_tensor: loading tensor blk.27.attn_q.scale
create_tensor: loading tensor blk.27.attn_k.scale
create_tensor: loading tensor blk.27.attn_v.scale
create_tensor: loading tensor blk.27.attn_output.scale
create_tensor: loading tensor blk.27.ffn_gate.scale
create_tensor: loading tensor blk.27.ffn_down.scale
create_tensor: loading tensor blk.27.ffn_up.scale
create_tensor: loading tensor blk.27.attn_q.input_scale
create_tensor: loading tensor blk.27.attn_k.input_scale
create_tensor: loading tensor blk.27.attn_v.input_scale
create_tensor: loading tensor blk.27.attn_output.input_scale
create_tensor: loading tensor blk.27.ffn_gate.input_scale
create_tensor: loading tensor blk.27.ffn_down.input_scale
create_tensor: loading tensor blk.27.ffn_up.input_scale
create_tensor: loading tensor blk.28.attn_q.scale
create_tensor: loading tensor blk.28.attn_k.scale
create_tensor: loading tensor blk.28.attn_v.scale
create_tensor: loading tensor blk.28.attn_output.scale
create_tensor: loading tensor blk.28.ffn_gate.scale
create_tensor: loading tensor blk.28.ffn_down.scale
create_tensor: loading tensor blk.28.ffn_up.scale
create_tensor: loading tensor blk.28.attn_q.input_scale
create_tensor: loading tensor blk.28.attn_k.input_scale
create_tensor: loading tensor blk.28.attn_v.input_scale
create_tensor: loading tensor blk.28.attn_output.input_scale
create_tensor: loading tensor blk.28.ffn_gate.input_scale
create_tensor: loading tensor blk.28.ffn_down.input_scale
create_tensor: loading tensor blk.28.ffn_up.input_scale
create_tensor: loading tensor blk.29.attn_q.scale
create_tensor: loading tensor blk.29.attn_k.scale
create_tensor: loading tensor blk.29.attn_v.scale
create_tensor: loading tensor blk.29.attn_output.scale
create_tensor: loading tensor blk.29.ffn_gate.scale
create_tensor: loading tensor blk.29.ffn_down.scale
create_tensor: loading tensor blk.29.ffn_up.scale
create_tensor: loading tensor blk.29.attn_q.input_scale
create_tensor: loading tensor blk.29.attn_k.input_scale
create_tensor: loading tensor blk.29.attn_v.input_scale
create_tensor: loading tensor blk.29.attn_output.input_scale
create_tensor: loading tensor blk.29.ffn_gate.input_scale
create_tensor: loading tensor blk.29.ffn_down.input_scale
create_tensor: loading tensor blk.29.ffn_up.input_scale
create_tensor: loading tensor blk.30.attn_q.scale
create_tensor: loading tensor blk.30.attn_k.scale
create_tensor: loading tensor blk.30.attn_v.scale
create_tensor: loading tensor blk.30.attn_output.scale
create_tensor: loading tensor blk.30.ffn_gate.scale
create_tensor: loading tensor blk.30.ffn_down.scale
create_tensor: loading tensor blk.30.ffn_up.scale
create_tensor: loading tensor blk.30.attn_q.input_scale
create_tensor: loading tensor blk.30.attn_k.input_scale
create_tensor: loading tensor blk.30.attn_v.input_scale
create_tensor: loading tensor blk.30.attn_output.input_scale
create_tensor: loading tensor blk.30.ffn_gate.input_scale
create_tensor: loading tensor blk.30.ffn_down.input_scale
create_tensor: loading tensor blk.30.ffn_up.input_scale
create_tensor: loading tensor blk.31.attn_q.scale
create_tensor: loading tensor blk.31.attn_k.scale
create_tensor: loading tensor blk.31.attn_v.scale
create_tensor: loading tensor blk.31.attn_output.scale
create_tensor: loading tensor blk.31.ffn_gate.scale
create_tensor: loading tensor blk.31.ffn_down.scale
create_tensor: loading tensor blk.31.ffn_up.scale
create_tensor: loading tensor blk.31.attn_q.input_scale
create_tensor: loading tensor blk.31.attn_k.input_scale
create_tensor: loading tensor blk.31.attn_v.input_scale
create_tensor: loading tensor blk.31.attn_output.input_scale
create_tensor: loading tensor blk.31.ffn_gate.input_scale
create_tensor: loading tensor blk.31.ffn_down.input_scale
create_tensor: loading tensor blk.31.ffn_up.input_scale
create_tensor: loading tensor blk.32.attn_q.scale
create_tensor: loading tensor blk.32.attn_k.scale
create_tensor: loading tensor blk.32.attn_v.scale
create_tensor: loading tensor blk.32.attn_output.scale
create_tensor: loading tensor blk.32.ffn_gate.scale
create_tensor: loading tensor blk.32.ffn_down.scale
create_tensor: loading tensor blk.32.ffn_up.scale
create_tensor: loading tensor blk.32.attn_q.input_scale
create_tensor: loading tensor blk.32.attn_k.input_scale
create_tensor: loading tensor blk.32.attn_v.input_scale
create_tensor: loading tensor blk.32.attn_output.input_scale
create_tensor: loading tensor blk.32.ffn_gate.input_scale
create_tensor: loading tensor blk.32.ffn_down.input_scale
create_tensor: loading tensor blk.32.ffn_up.input_scale
create_tensor: loading tensor blk.33.attn_q.scale
create_tensor: loading tensor blk.33.attn_k.scale
create_tensor: loading tensor blk.33.attn_v.scale
create_tensor: loading tensor blk.33.attn_output.scale
create_tensor: loading tensor blk.33.ffn_gate.scale
create_tensor: loading tensor blk.33.ffn_down.scale
create_tensor: loading tensor blk.33.ffn_up.scale
create_tensor: loading tensor blk.33.attn_q.input_scale
create_tensor: loading tensor blk.33.attn_k.input_scale
create_tensor: loading tensor blk.33.attn_v.input_scale
create_tensor: loading tensor blk.33.attn_output.input_scale
create_tensor: loading tensor blk.33.ffn_gate.input_scale
create_tensor: loading tensor blk.33.ffn_down.input_scale
create_tensor: loading tensor blk.33.ffn_up.input_scale
create_tensor: loading tensor blk.34.attn_q.scale
create_tensor: loading tensor blk.34.attn_k.scale
create_tensor: loading tensor blk.34.attn_v.scale
create_tensor: loading tensor blk.34.attn_output.scale
create_tensor: loading tensor blk.34.ffn_gate.scale
create_tensor: loading tensor blk.34.ffn_down.scale
create_tensor: loading tensor blk.34.ffn_up.scale
create_tensor: loading tensor blk.34.attn_q.input_scale
create_tensor: loading tensor blk.34.attn_k.input_scale
create_tensor: loading tensor blk.34.attn_v.input_scale
create_tensor: loading tensor blk.34.attn_output.input_scale
create_tensor: loading tensor blk.34.ffn_gate.input_scale
create_tensor: loading tensor blk.34.ffn_down.input_scale
create_tensor: loading tensor blk.34.ffn_up.input_scale
create_tensor: loading tensor blk.35.attn_q.scale
create_tensor: loading tensor blk.35.attn_k.scale
create_tensor: loading tensor blk.35.attn_v.scale
create_tensor: loading tensor blk.35.attn_output.scale
create_tensor: loading tensor blk.35.ffn_gate.scale
create_tensor: loading tensor blk.35.ffn_down.scale
create_tensor: loading tensor blk.35.ffn_up.scale
create_tensor: loading tensor blk.35.attn_q.input_scale
create_tensor: loading tensor blk.35.attn_k.input_scale
create_tensor: loading tensor blk.35.attn_v.input_scale
create_tensor: loading tensor blk.35.attn_output.input_scale
create_tensor: loading tensor blk.35.ffn_gate.input_scale
create_tensor: loading tensor blk.35.ffn_down.input_scale
create_tensor: loading tensor blk.35.ffn_up.input_scale
create_tensor: loading tensor blk.36.attn_q.scale
create_tensor: loading tensor blk.36.attn_k.scale
create_tensor: loading tensor blk.36.attn_v.scale
create_tensor: loading tensor blk.36.attn_output.scale
create_tensor: loading tensor blk.36.ffn_gate.scale
create_tensor: loading tensor blk.36.ffn_down.scale
create_tensor: loading tensor blk.36.ffn_up.scale
create_tensor: loading tensor blk.36.attn_q.input_scale
create_tensor: loading tensor blk.36.attn_k.input_scale
create_tensor: loading tensor blk.36.attn_v.input_scale
create_tensor: loading tensor blk.36.attn_output.input_scale
create_tensor: loading tensor blk.36.ffn_gate.input_scale
create_tensor: loading tensor blk.36.ffn_down.input_scale
create_tensor: loading tensor blk.36.ffn_up.input_scale
create_tensor: loading tensor blk.37.attn_q.scale
create_tensor: loading tensor blk.37.attn_k.scale
create_tensor: loading tensor blk.37.attn_v.scale
create_tensor: loading tensor blk.37.attn_output.scale
create_tensor: loading tensor blk.37.ffn_gate.scale
create_tensor: loading tensor blk.37.ffn_down.scale
create_tensor: loading tensor blk.37.ffn_up.scale
create_tensor: loading tensor blk.37.attn_q.input_scale
create_tensor: loading tensor blk.37.attn_k.input_scale
create_tensor: loading tensor blk.37.attn_v.input_scale
create_tensor: loading tensor blk.37.attn_output.input_scale
create_tensor: loading tensor blk.37.ffn_gate.input_scale
create_tensor: loading tensor blk.37.ffn_down.input_scale
create_tensor: loading tensor blk.37.ffn_up.input_scale
create_tensor: loading tensor blk.38.attn_q.scale
create_tensor: loading tensor blk.38.attn_k.scale
create_tensor: loading tensor blk.38.attn_v.scale
create_tensor: loading tensor blk.38.attn_output.scale
create_tensor: loading tensor blk.38.ffn_gate.scale
create_tensor: loading tensor blk.38.ffn_down.scale
create_tensor: loading tensor blk.38.ffn_up.scale
create_tensor: loading tensor blk.38.attn_q.input_scale
create_tensor: loading tensor blk.38.attn_k.input_scale
create_tensor: loading tensor blk.38.attn_v.input_scale
create_tensor: loading tensor blk.38.attn_output.input_scale
create_tensor: loading tensor blk.38.ffn_gate.input_scale
create_tensor: loading tensor blk.38.ffn_down.input_scale
create_tensor: loading tensor blk.38.ffn_up.input_scale
create_tensor: loading tensor blk.39.attn_q.scale
create_tensor: loading tensor blk.39.attn_k.scale
create_tensor: loading tensor blk.39.attn_v.scale
create_tensor: loading tensor blk.39.attn_output.scale
create_tensor: loading tensor blk.39.ffn_gate.scale
create_tensor: loading tensor blk.39.ffn_down.scale
create_tensor: loading tensor blk.39.ffn_up.scale
create_tensor: loading tensor blk.39.attn_q.input_scale
create_tensor: loading tensor blk.39.attn_k.input_scale
create_tensor: loading tensor blk.39.attn_v.input_scale
create_tensor: loading tensor blk.39.attn_output.input_scale
create_tensor: loading tensor blk.39.ffn_gate.input_scale
create_tensor: loading tensor blk.39.ffn_down.input_scale
create_tensor: loading tensor blk.39.ffn_up.input_scale
create_tensor: loading tensor blk.40.attn_q.scale
create_tensor: loading tensor blk.40.attn_k.scale
create_tensor: loading tensor blk.40.attn_v.scale
create_tensor: loading tensor blk.40.attn_output.scale
create_tensor: loading tensor blk.40.ffn_gate.scale
create_tensor: loading tensor blk.40.ffn_down.scale
create_tensor: loading tensor blk.40.ffn_up.scale
create_tensor: loading tensor blk.40.attn_q.input_scale
create_tensor: loading tensor blk.40.attn_k.input_scale
create_tensor: loading tensor blk.40.attn_v.input_scale
create_tensor: loading tensor blk.40.attn_output.input_scale
create_tensor: loading tensor blk.40.ffn_gate.input_scale
create_tensor: loading tensor blk.40.ffn_down.input_scale
create_tensor: loading tensor blk.40.ffn_up.input_scale
create_tensor: loading tensor blk.41.attn_q.scale
create_tensor: loading tensor blk.41.attn_k.scale
create_tensor: loading tensor blk.41.attn_v.scale
create_tensor: loading tensor blk.41.attn_output.scale
create_tensor: loading tensor blk.41.ffn_gate.scale
create_tensor: loading tensor blk.41.ffn_down.scale
create_tensor: loading tensor blk.41.ffn_up.scale
create_tensor: loading tensor blk.41.attn_q.input_scale
create_tensor: loading tensor blk.41.attn_k.input_scale
create_tensor: loading tensor blk.41.attn_v.input_scale
create_tensor: loading tensor blk.41.attn_output.input_scale
create_tensor: loading tensor blk.41.ffn_gate.input_scale
create_tensor: loading tensor blk.41.ffn_down.input_scale
create_tensor: loading tensor blk.41.ffn_up.input_scale
done_getting_tensors: tensor 'token_embd.weight' (q4_K) (and 1 others) cannot be used with preferred buffer type CUDA_Host, using CUDA0 instead
load_tensors: offloading output layer to GPU
load_tensors: offloading 41 repeating layers to GPU
load_tensors: offloaded 43/43 layers to GPU
load_tensors:        CUDA0 model buffer size =  5091.51 MiB
.....................................................
llama_context: constructing llama_context
llama_context: n_seq_max             = 1
llama_context: n_ctx                 = 9216
llama_context: n_ctx_seq             = 9216
llama_context: n_batch               = 512
llama_context: n_ubatch              = 512
llama_context: causal_attn           = 1
llama_context: flash_attn            = enabled
llama_context: kv_unified            = false
llama_context: freq_base             = 1000000.0
llama_context: freq_scale            = 1
llama_context: n_rs_seq              = 0
llama_context: n_outputs_max         = 512
llama_context: n_outputs_max_per_seq = 1
llama_context: n_ctx_seq (9216) < n_ctx_train (131072) -- the full capacity of the model will not be utilized
set_abort_callback: call
llama_context:  CUDA_Host  output buffer size =     1.00 MiB
llama_kv_cache_iswa: using full-size SWA cache (ref: https://github.com/ggml-org/llama.cpp/pull/13194#issuecomment-2868343055)
llama_kv_cache_iswa: creating non-SWA KV cache, size = 9216 cells
llama_kv_cache: layer   0: filtered
llama_kv_cache: layer   1: filtered
llama_kv_cache: layer   2: filtered
llama_kv_cache: layer   3: filtered
llama_kv_cache: layer   4: filtered
llama_kv_cache: layer   5: dev = CUDA0
llama_kv_cache: layer   6: filtered
llama_kv_cache: layer   7: filtered
llama_kv_cache: layer   8: filtered
llama_kv_cache: layer   9: filtered
llama_kv_cache: layer  10: filtered
llama_kv_cache: layer  11: dev = CUDA0
llama_kv_cache: layer  12: filtered
llama_kv_cache: layer  13: filtered
llama_kv_cache: layer  14: filtered
llama_kv_cache: layer  15: filtered
llama_kv_cache: layer  16: filtered
llama_kv_cache: layer  17: dev = CUDA0
llama_kv_cache: layer  18: filtered
llama_kv_cache: layer  19: filtered
llama_kv_cache: layer  20: filtered
llama_kv_cache: layer  21: filtered
llama_kv_cache: layer  22: filtered
llama_kv_cache: layer  23: dev = CUDA0
llama_kv_cache: layer  24: does not have KV cache
llama_kv_cache: layer  25: does not have KV cache
llama_kv_cache: layer  26: does not have KV cache
llama_kv_cache: layer  27: does not have KV cache
llama_kv_cache: layer  28: does not have KV cache
llama_kv_cache: layer  29: does not have KV cache
llama_kv_cache: layer  30: does not have KV cache
llama_kv_cache: layer  31: does not have KV cache
llama_kv_cache: layer  32: does not have KV cache
llama_kv_cache: layer  33: does not have KV cache
llama_kv_cache: layer  34: does not have KV cache
llama_kv_cache: layer  35: does not have KV cache
llama_kv_cache: layer  36: does not have KV cache
llama_kv_cache: layer  37: does not have KV cache
llama_kv_cache: layer  38: does not have KV cache
llama_kv_cache: layer  39: does not have KV cache
llama_kv_cache: layer  40: does not have KV cache
llama_kv_cache: layer  41: does not have KV cache
llama_kv_cache: reusing layers:
llama_kv_cache: - layer   0: no reuse
llama_kv_cache: - layer   1: no reuse
llama_kv_cache: - layer   2: no reuse
llama_kv_cache: - layer   3: no reuse
llama_kv_cache: - layer   4: no reuse
llama_kv_cache: - layer   5: no reuse
llama_kv_cache: - layer   6: no reuse
llama_kv_cache: - layer   7: no reuse
llama_kv_cache: - layer   8: no reuse
llama_kv_cache: - layer   9: no reuse
llama_kv_cache: - layer  10: no reuse
llama_kv_cache: - layer  11: no reuse
llama_kv_cache: - layer  12: no reuse
llama_kv_cache: - layer  13: no reuse
llama_kv_cache: - layer  14: no reuse
llama_kv_cache: - layer  15: no reuse
llama_kv_cache: - layer  16: no reuse
llama_kv_cache: - layer  17: no reuse
llama_kv_cache: - layer  18: no reuse
llama_kv_cache: - layer  19: no reuse
llama_kv_cache: - layer  20: no reuse
llama_kv_cache: - layer  21: no reuse
llama_kv_cache: - layer  22: no reuse
llama_kv_cache: - layer  23: no reuse
llama_kv_cache: - layer  24: filtered
llama_kv_cache: - layer  25: filtered
llama_kv_cache: - layer  26: filtered
llama_kv_cache: - layer  27: filtered
llama_kv_cache: - layer  28: filtered
llama_kv_cache: - layer  29: reuse layer 23, is_swa = 0
llama_kv_cache: - layer  30: filtered
llama_kv_cache: - layer  31: filtered
llama_kv_cache: - layer  32: filtered
llama_kv_cache: - layer  33: filtered
llama_kv_cache: - layer  34: filtered
llama_kv_cache: - layer  35: reuse layer 23, is_swa = 0
llama_kv_cache: - layer  36: filtered
llama_kv_cache: - layer  37: filtered
llama_kv_cache: - layer  38: filtered
llama_kv_cache: - layer  39: filtered
llama_kv_cache: - layer  40: filtered
llama_kv_cache: - layer  41: reuse layer 23, is_swa = 0
llama_kv_cache:      CUDA0 KV buffer size =   144.00 MiB
llama_kv_cache: size =  144.00 MiB (  9216 cells,   4 layers,  1/1 seqs), K (f16):   72.00 MiB, V (f16):   72.00 MiB
llama_kv_cache: attn_rot_k = 0, n_embd_head_k_all = 512
llama_kv_cache: attn_rot_v = 0, n_embd_head_k_all = 512
llama_kv_cache_iswa: creating     SWA KV cache, size = 9216 cells
llama_kv_cache: layer   0: dev = CUDA0
llama_kv_cache: layer   1: dev = CUDA0
llama_kv_cache: layer   2: dev = CUDA0
llama_kv_cache: layer   3: dev = CUDA0
llama_kv_cache: layer   4: dev = CUDA0
llama_kv_cache: layer   5: filtered
llama_kv_cache: layer   6: dev = CUDA0
llama_kv_cache: layer   7: dev = CUDA0
llama_kv_cache: layer   8: dev = CUDA0
llama_kv_cache: layer   9: dev = CUDA0
llama_kv_cache: layer  10: dev = CUDA0
llama_kv_cache: layer  11: filtered
llama_kv_cache: layer  12: dev = CUDA0
llama_kv_cache: layer  13: dev = CUDA0
llama_kv_cache: layer  14: dev = CUDA0
llama_kv_cache: layer  15: dev = CUDA0
llama_kv_cache: layer  16: dev = CUDA0
llama_kv_cache: layer  17: filtered
llama_kv_cache: layer  18: dev = CUDA0
llama_kv_cache: layer  19: dev = CUDA0
llama_kv_cache: layer  20: dev = CUDA0
llama_kv_cache: layer  21: dev = CUDA0
llama_kv_cache: layer  22: dev = CUDA0
llama_kv_cache: layer  23: filtered
llama_kv_cache: layer  24: does not have KV cache
llama_kv_cache: layer  25: does not have KV cache
llama_kv_cache: layer  26: does not have KV cache
llama_kv_cache: layer  27: does not have KV cache
llama_kv_cache: layer  28: does not have KV cache
llama_kv_cache: layer  29: does not have KV cache
llama_kv_cache: layer  30: does not have KV cache
llama_kv_cache: layer  31: does not have KV cache
llama_kv_cache: layer  32: does not have KV cache
llama_kv_cache: layer  33: does not have KV cache
llama_kv_cache: layer  34: does not have KV cache
llama_kv_cache: layer  35: does not have KV cache
llama_kv_cache: layer  36: does not have KV cache
llama_kv_cache: layer  37: does not have KV cache
llama_kv_cache: layer  38: does not have KV cache
llama_kv_cache: layer  39: does not have KV cache
llama_kv_cache: layer  40: does not have KV cache
llama_kv_cache: layer  41: does not have KV cache
llama_kv_cache: reusing layers:
llama_kv_cache: - layer   0: no reuse
llama_kv_cache: - layer   1: no reuse
llama_kv_cache: - layer   2: no reuse
llama_kv_cache: - layer   3: no reuse
llama_kv_cache: - layer   4: no reuse
llama_kv_cache: - layer   5: no reuse
llama_kv_cache: - layer   6: no reuse
llama_kv_cache: - layer   7: no reuse
llama_kv_cache: - layer   8: no reuse
llama_kv_cache: - layer   9: no reuse
llama_kv_cache: - layer  10: no reuse
llama_kv_cache: - layer  11: no reuse
llama_kv_cache: - layer  12: no reuse
llama_kv_cache: - layer  13: no reuse
llama_kv_cache: - layer  14: no reuse
llama_kv_cache: - layer  15: no reuse
llama_kv_cache: - layer  16: no reuse
llama_kv_cache: - layer  17: no reuse
llama_kv_cache: - layer  18: no reuse
llama_kv_cache: - layer  19: no reuse
llama_kv_cache: - layer  20: no reuse
llama_kv_cache: - layer  21: no reuse
llama_kv_cache: - layer  22: no reuse
llama_kv_cache: - layer  23: no reuse
llama_kv_cache: - layer  24: reuse layer 22, is_swa = 1
llama_kv_cache: - layer  25: reuse layer 22, is_swa = 1
llama_kv_cache: - layer  26: reuse layer 22, is_swa = 1
llama_kv_cache: - layer  27: reuse layer 22, is_swa = 1
llama_kv_cache: - layer  28: reuse layer 22, is_swa = 1
llama_kv_cache: - layer  29: filtered
llama_kv_cache: - layer  30: reuse layer 22, is_swa = 1
llama_kv_cache: - layer  31: reuse layer 22, is_swa = 1
llama_kv_cache: - layer  32: reuse layer 22, is_swa = 1
llama_kv_cache: - layer  33: reuse layer 22, is_swa = 1
llama_kv_cache: - layer  34: reuse layer 22, is_swa = 1
llama_kv_cache: - layer  35: filtered
llama_kv_cache: - layer  36: reuse layer 22, is_swa = 1
llama_kv_cache: - layer  37: reuse layer 22, is_swa = 1
llama_kv_cache: - layer  38: reuse layer 22, is_swa = 1
llama_kv_cache: - layer  39: reuse layer 22, is_swa = 1
llama_kv_cache: - layer  40: reuse layer 22, is_swa = 1
llama_kv_cache: - layer  41: filtered
llama_kv_cache:      CUDA0 KV buffer size =   360.00 MiB
llama_kv_cache: size =  360.00 MiB (  9216 cells,  20 layers,  1/1 seqs), K (f16):  180.00 MiB, V (f16):  180.00 MiB
llama_kv_cache: attn_rot_k = 0, n_embd_head_k_all = 256
llama_kv_cache: attn_rot_v = 0, n_embd_head_k_all = 256
llama_context: enumerating backends
llama_context: backend_ptrs.size() = 2
sched_reserve: reserving ...
sched_reserve: max_nodes = 5768
sched_reserve: reserving full memory module
sched_reserve: worst-case: n_tokens = 512, n_seqs = 1, n_outputs = 1
resolve_fused_ops: resolving fused DeepSeek V4 HC support:
graph_reserve: reserving a graph for ubatch with n_tokens =    1, n_seqs =  1, n_outputs =    1
llama_graph_n_input_tensors: input tensor '                         out_ids' [i32, ne = {     1,     1,     1,     1 }] is used by node 'result_norm' (GET_ROWS)
llama_graph_n_input_tensors: input tensor '                attn_inp_kq_mask' [f16, ne = {  9216,     1,     1,     1 }] is used by node 'node_284' (FLASH_ATTN_EXT)
llama_graph_n_input_tensors: input tensor '                attn_inp_kq_mask' [f16, ne = {  9216,     1,     1,     1 }] is used by node 'node_578' (FLASH_ATTN_EXT)
llama_graph_n_input_tensors: input tensor '                attn_inp_kq_mask' [f16, ne = {  9216,     1,     1,     1 }] is used by node 'node_872' (FLASH_ATTN_EXT)
llama_graph_n_input_tensors: input tensor '                attn_inp_kq_mask' [f16, ne = {  9216,     1,     1,     1 }] is used by node 'node_1166' (FLASH_ATTN_EXT)
llama_graph_n_input_tensors: input tensor '                attn_inp_kq_mask' [f16, ne = {  9216,     1,     1,     1 }] is used by node 'node_1388' (FLASH_ATTN_EXT)
llama_graph_n_input_tensors: input tensor '                attn_inp_kq_mask' [f16, ne = {  9216,     1,     1,     1 }] is used by node 'node_1610' (FLASH_ATTN_EXT)
llama_graph_n_input_tensors: input tensor '                attn_inp_kq_mask' [f16, ne = {  9216,     1,     1,     1 }] is used by node 'node_1832' (FLASH_ATTN_EXT)
llama_graph_n_input_tensors: input tensor '                 attn_inp_v_idxs' [i64, ne = {     1,     1,     1,     1 }] is used by node 'cache_v_l5 (view)' (SET_ROWS)
llama_graph_n_input_tensors: input tensor '                 attn_inp_v_idxs' [i64, ne = {     1,     1,     1,     1 }] is used by node 'cache_v_l11 (view)' (SET_ROWS)
llama_graph_n_input_tensors: input tensor '                 attn_inp_v_idxs' [i64, ne = {     1,     1,     1,     1 }] is used by node 'cache_v_l17 (view)' (SET_ROWS)
llama_graph_n_input_tensors: input tensor '                 attn_inp_v_idxs' [i64, ne = {     1,     1,     1,     1 }] is used by node 'cache_v_l23 (view)' (SET_ROWS)
llama_graph_n_input_tensors: input tensor '                 attn_inp_k_idxs' [i64, ne = {     1,     1,     1,     1 }] is used by node 'cache_k_l5 (view)' (SET_ROWS)
llama_graph_n_input_tensors: input tensor '                 attn_inp_k_idxs' [i64, ne = {     1,     1,     1,     1 }] is used by node 'cache_k_l11 (view)' (SET_ROWS)
llama_graph_n_input_tensors: input tensor '                 attn_inp_k_idxs' [i64, ne = {     1,     1,     1,     1 }] is used by node 'cache_k_l17 (view)' (SET_ROWS)
llama_graph_n_input_tensors: input tensor '                 attn_inp_k_idxs' [i64, ne = {     1,     1,     1,     1 }] is used by node 'cache_k_l23 (view)' (SET_ROWS)
llama_graph_n_input_tensors: input tensor '                attn_inp_kq_mask' [f16, ne = {  9216,     1,     1,     1 }] is used by node 'node_30' (FLASH_ATTN_EXT)
llama_graph_n_input_tensors: input tensor '                attn_inp_kq_mask' [f16, ne = {  9216,     1,     1,     1 }] is used by node 'node_88' (FLASH_ATTN_EXT)
llama_graph_n_input_tensors: input tensor '                attn_inp_kq_mask' [f16, ne = {  9216,     1,     1,     1 }] is used by node 'node_137' (FLASH_ATTN_EXT)
llama_graph_n_input_tensors: input tensor '                attn_inp_kq_mask' [f16, ne = {  9216,     1,     1,     1 }] is used by node 'node_186' (FLASH_ATTN_EXT)
llama_graph_n_input_tensors: input tensor '                attn_inp_kq_mask' [f16, ne = {  9216,     1,     1,     1 }] is used by node 'node_235' (FLASH_ATTN_EXT)
llama_graph_n_input_tensors: input tensor '                attn_inp_kq_mask' [f16, ne = {  9216,     1,     1,     1 }] is used by node 'node_333' (FLASH_ATTN_EXT)
llama_graph_n_input_tensors: input tensor '                attn_inp_kq_mask' [f16, ne = {  9216,     1,     1,     1 }] is used by node 'node_382' (FLASH_ATTN_EXT)
llama_graph_n_input_tensors: input tensor '                attn_inp_kq_mask' [f16, ne = {  9216,     1,     1,     1 }] is used by node 'node_431' (FLASH_ATTN_EXT)
llama_graph_n_input_tensors: input tensor '                attn_inp_kq_mask' [f16, ne = {  9216,     1,     1,     1 }] is used by node 'node_480' (FLASH_ATTN_EXT)
llama_graph_n_input_tensors: input tensor '                attn_inp_kq_mask' [f16, ne = {  9216,     1,     1,     1 }] is used by node 'node_529' (FLASH_ATTN_EXT)
llama_graph_n_input_tensors: input tensor '                attn_inp_kq_mask' [f16, ne = {  9216,     1,     1,     1 }] is used by node 'node_627' (FLASH_ATTN_EXT)
llama_graph_n_input_tensors: input tensor '                attn_inp_kq_mask' [f16, ne = {  9216,     1,     1,     1 }] is used by node 'node_676' (FLASH_ATTN_EXT)
llama_graph_n_input_tensors: input tensor '                attn_inp_kq_mask' [f16, ne = {  9216,     1,     1,     1 }] is used by node 'node_725' (FLASH_ATTN_EXT)
llama_graph_n_input_tensors: input tensor '                attn_inp_kq_mask' [f16, ne = {  9216,     1,     1,     1 }] is used by node 'node_774' (FLASH_ATTN_EXT)
llama_graph_n_input_tensors: input tensor '                attn_inp_kq_mask' [f16, ne = {  9216,     1,     1,     1 }] is used by node 'node_823' (FLASH_ATTN_EXT)
llama_graph_n_input_tensors: input tensor '                attn_inp_kq_mask' [f16, ne = {  9216,     1,     1,     1 }] is used by node 'node_921' (FLASH_ATTN_EXT)
llama_graph_n_input_tensors: input tensor '                attn_inp_kq_mask' [f16, ne = {  9216,     1,     1,     1 }] is used by node 'node_970' (FLASH_ATTN_EXT)
llama_graph_n_input_tensors: input tensor '                attn_inp_kq_mask' [f16, ne = {  9216,     1,     1,     1 }] is used by node 'node_1019' (FLASH_ATTN_EXT)
llama_graph_n_input_tensors: input tensor '                attn_inp_kq_mask' [f16, ne = {  9216,     1,     1,     1 }] is used by node 'node_1068' (FLASH_ATTN_EXT)
llama_graph_n_input_tensors: input tensor '                attn_inp_kq_mask' [f16, ne = {  9216,     1,     1,     1 }] is used by node 'node_1117' (FLASH_ATTN_EXT)
llama_graph_n_input_tensors: input tensor '                attn_inp_kq_mask' [f16, ne = {  9216,     1,     1,     1 }] is used by node 'node_1203' (FLASH_ATTN_EXT)
llama_graph_n_input_tensors: input tensor '                attn_inp_kq_mask' [f16, ne = {  9216,     1,     1,     1 }] is used by node 'node_1240' (FLASH_ATTN_EXT)
llama_graph_n_input_tensors: input tensor '                attn_inp_kq_mask' [f16, ne = {  9216,     1,     1,     1 }] is used by node 'node_1277' (FLASH_ATTN_EXT)
llama_graph_n_input_tensors: input tensor '                attn_inp_kq_mask' [f16, ne = {  9216,     1,     1,     1 }] is used by node 'node_1314' (FLASH_ATTN_EXT)
llama_graph_n_input_tensors: input tensor '                attn_inp_kq_mask' [f16, ne = {  9216,     1,     1,     1 }] is used by node 'node_1351' (FLASH_ATTN_EXT)
llama_graph_n_input_tensors: input tensor '                attn_inp_kq_mask' [f16, ne = {  9216,     1,     1,     1 }] is used by node 'node_1425' (FLASH_ATTN_EXT)
llama_graph_n_input_tensors: input tensor '                attn_inp_kq_mask' [f16, ne = {  9216,     1,     1,     1 }] is used by node 'node_1462' (FLASH_ATTN_EXT)
llama_graph_n_input_tensors: input tensor '                attn_inp_kq_mask' [f16, ne = {  9216,     1,     1,     1 }] is used by node 'node_1499' (FLASH_ATTN_EXT)
llama_graph_n_input_tensors: input tensor '                attn_inp_kq_mask' [f16, ne = {  9216,     1,     1,     1 }] is used by node 'node_1536' (FLASH_ATTN_EXT)
llama_graph_n_input_tensors: input tensor '                attn_inp_kq_mask' [f16, ne = {  9216,     1,     1,     1 }] is used by node 'node_1573' (FLASH_ATTN_EXT)
llama_graph_n_input_tensors: input tensor '                attn_inp_kq_mask' [f16, ne = {  9216,     1,     1,     1 }] is used by node 'node_1647' (FLASH_ATTN_EXT)
llama_graph_n_input_tensors: input tensor '                attn_inp_kq_mask' [f16, ne = {  9216,     1,     1,     1 }] is used by node 'node_1684' (FLASH_ATTN_EXT)
llama_graph_n_input_tensors: input tensor '                attn_inp_kq_mask' [f16, ne = {  9216,     1,     1,     1 }] is used by node 'node_1721' (FLASH_ATTN_EXT)
llama_graph_n_input_tensors: input tensor '                attn_inp_kq_mask' [f16, ne = {  9216,     1,     1,     1 }] is used by node 'node_1758' (FLASH_ATTN_EXT)
llama_graph_n_input_tensors: input tensor '                attn_inp_kq_mask' [f16, ne = {  9216,     1,     1,     1 }] is used by node 'node_1795' (FLASH_ATTN_EXT)
llama_graph_n_input_tensors: input tensor '                 attn_inp_v_idxs' [i64, ne = {     1,     1,     1,     1 }] is used by node 'cache_v_l0 (view)' (SET_ROWS)
llama_graph_n_input_tensors: input tensor '                 attn_inp_v_idxs' [i64, ne = {     1,     1,     1,     1 }] is used by node 'cache_v_l1 (view)' (SET_ROWS)
llama_graph_n_input_tensors: input tensor '                 attn_inp_v_idxs' [i64, ne = {     1,     1,     1,     1 }] is used by node 'cache_v_l2 (view)' (SET_ROWS)
llama_graph_n_input_tensors: input tensor '                 attn_inp_v_idxs' [i64, ne = {     1,     1,     1,     1 }] is used by node 'cache_v_l3 (view)' (SET_ROWS)
llama_graph_n_input_tensors: input tensor '                 attn_inp_v_idxs' [i64, ne = {     1,     1,     1,     1 }] is used by node 'cache_v_l4 (view)' (SET_ROWS)
llama_graph_n_input_tensors: input tensor '                 attn_inp_v_idxs' [i64, ne = {     1,     1,     1,     1 }] is used by node 'cache_v_l6 (view)' (SET_ROWS)
llama_graph_n_input_tensors: input tensor '                 attn_inp_v_idxs' [i64, ne = {     1,     1,     1,     1 }] is used by node 'cache_v_l7 (view)' (SET_ROWS)
llama_graph_n_input_tensors: input tensor '                 attn_inp_v_idxs' [i64, ne = {     1,     1,     1,     1 }] is used by node 'cache_v_l8 (view)' (SET_ROWS)
llama_graph_n_input_tensors: input tensor '                 attn_inp_v_idxs' [i64, ne = {     1,     1,     1,     1 }] is used by node 'cache_v_l9 (view)' (SET_ROWS)
llama_graph_n_input_tensors: input tensor '                 attn_inp_v_idxs' [i64, ne = {     1,     1,     1,     1 }] is used by node 'cache_v_l10 (view)' (SET_ROWS)
llama_graph_n_input_tensors: input tensor '                 attn_inp_v_idxs' [i64, ne = {     1,     1,     1,     1 }] is used by node 'cache_v_l12 (view)' (SET_ROWS)
llama_graph_n_input_tensors: input tensor '                 attn_inp_v_idxs' [i64, ne = {     1,     1,     1,     1 }] is used by node 'cache_v_l13 (view)' (SET_ROWS)
llama_graph_n_input_tensors: input tensor '                 attn_inp_v_idxs' [i64, ne = {     1,     1,     1,     1 }] is used by node 'cache_v_l14 (view)' (SET_ROWS)
llama_graph_n_input_tensors: input tensor '                 attn_inp_v_idxs' [i64, ne = {     1,     1,     1,     1 }] is used by node 'cache_v_l15 (view)' (SET_ROWS)
llama_graph_n_input_tensors: input tensor '                 attn_inp_v_idxs' [i64, ne = {     1,     1,     1,     1 }] is used by node 'cache_v_l16 (view)' (SET_ROWS)
llama_graph_n_input_tensors: input tensor '                 attn_inp_v_idxs' [i64, ne = {     1,     1,     1,     1 }] is used by node 'cache_v_l18 (view)' (SET_ROWS)
llama_graph_n_input_tensors: input tensor '                 attn_inp_v_idxs' [i64, ne = {     1,     1,     1,     1 }] is used by node 'cache_v_l19 (view)' (SET_ROWS)
llama_graph_n_input_tensors: input tensor '                 attn_inp_v_idxs' [i64, ne = {     1,     1,     1,     1 }] is used by node 'cache_v_l20 (view)' (SET_ROWS)
llama_graph_n_input_tensors: input tensor '                 attn_inp_v_idxs' [i64, ne = {     1,     1,     1,     1 }] is used by node 'cache_v_l21 (view)' (SET_ROWS)
llama_graph_n_input_tensors: input tensor '                 attn_inp_v_idxs' [i64, ne = {     1,     1,     1,     1 }] is used by node 'cache_v_l22 (view)' (SET_ROWS)
llama_graph_n_input_tensors: input tensor '                 attn_inp_k_idxs' [i64, ne = {     1,     1,     1,     1 }] is used by node 'cache_k_l0 (view)' (SET_ROWS)
llama_graph_n_input_tensors: input tensor '                 attn_inp_k_idxs' [i64, ne = {     1,     1,     1,     1 }] is used by node 'cache_k_l1 (view)' (SET_ROWS)
llama_graph_n_input_tensors: input tensor '                 attn_inp_k_idxs' [i64, ne = {     1,     1,     1,     1 }] is used by node 'cache_k_l2 (view)' (SET_ROWS)
llama_graph_n_input_tensors: input tensor '                 attn_inp_k_idxs' [i64, ne = {     1,     1,     1,     1 }] is used by node 'cache_k_l3 (view)' (SET_ROWS)
llama_graph_n_input_tensors: input tensor '                 attn_inp_k_idxs' [i64, ne = {     1,     1,     1,     1 }] is used by node 'cache_k_l4 (view)' (SET_ROWS)
llama_graph_n_input_tensors: input tensor '                 attn_inp_k_idxs' [i64, ne = {     1,     1,     1,     1 }] is used by node 'cache_k_l6 (view)' (SET_ROWS)
llama_graph_n_input_tensors: input tensor '                 attn_inp_k_idxs' [i64, ne = {     1,     1,     1,     1 }] is used by node 'cache_k_l7 (view)' (SET_ROWS)
llama_graph_n_input_tensors: input tensor '                 attn_inp_k_idxs' [i64, ne = {     1,     1,     1,     1 }] is used by node 'cache_k_l8 (view)' (SET_ROWS)
llama_graph_n_input_tensors: input tensor '                 attn_inp_k_idxs' [i64, ne = {     1,     1,     1,     1 }] is used by node 'cache_k_l9 (view)' (SET_ROWS)
llama_graph_n_input_tensors: input tensor '                 attn_inp_k_idxs' [i64, ne = {     1,     1,     1,     1 }] is used by node 'cache_k_l10 (view)' (SET_ROWS)
llama_graph_n_input_tensors: input tensor '                 attn_inp_k_idxs' [i64, ne = {     1,     1,     1,     1 }] is used by node 'cache_k_l12 (view)' (SET_ROWS)
llama_graph_n_input_tensors: input tensor '                 attn_inp_k_idxs' [i64, ne = {     1,     1,     1,     1 }] is used by node 'cache_k_l13 (view)' (SET_ROWS)
llama_graph_n_input_tensors: input tensor '                 attn_inp_k_idxs' [i64, ne = {     1,     1,     1,     1 }] is used by node 'cache_k_l14 (view)' (SET_ROWS)
llama_graph_n_input_tensors: input tensor '                 attn_inp_k_idxs' [i64, ne = {     1,     1,     1,     1 }] is used by node 'cache_k_l15 (view)' (SET_ROWS)
llama_graph_n_input_tensors: input tensor '                 attn_inp_k_idxs' [i64, ne = {     1,     1,     1,     1 }] is used by node 'cache_k_l16 (view)' (SET_ROWS)
llama_graph_n_input_tensors: input tensor '                 attn_inp_k_idxs' [i64, ne = {     1,     1,     1,     1 }] is used by node 'cache_k_l18 (view)' (SET_ROWS)
llama_graph_n_input_tensors: input tensor '                 attn_inp_k_idxs' [i64, ne = {     1,     1,     1,     1 }] is used by node 'cache_k_l19 (view)' (SET_ROWS)
llama_graph_n_input_tensors: input tensor '                 attn_inp_k_idxs' [i64, ne = {     1,     1,     1,     1 }] is used by node 'cache_k_l20 (view)' (SET_ROWS)
llama_graph_n_input_tensors: input tensor '                 attn_inp_k_idxs' [i64, ne = {     1,     1,     1,     1 }] is used by node 'cache_k_l21 (view)' (SET_ROWS)
llama_graph_n_input_tensors: input tensor '                 attn_inp_k_idxs' [i64, ne = {     1,     1,     1,     1 }] is used by node 'cache_k_l22 (view)' (SET_ROWS)
llama_graph_n_input_tensors: input tensor '                         inp_pos' [i32, ne = {     1,     1,     1,     1 }] is used by node 'Qcur_pos-0' (ROPE)
llama_graph_n_input_tensors: input tensor '                         inp_pos' [i32, ne = {     1,     1,     1,     1 }] is used by node 'Kcur_pos-0' (ROPE)
llama_graph_n_input_tensors: input tensor '                         inp_pos' [i32, ne = {     1,     1,     1,     1 }] is used by node 'Qcur_pos-1' (ROPE)
llama_graph_n_input_tensors: input tensor '                         inp_pos' [i32, ne = {     1,     1,     1,     1 }] is used by node 'Kcur_pos-1' (ROPE)
llama_graph_n_input_tensors: input tensor '                         inp_pos' [i32, ne = {     1,     1,     1,     1 }] is used by node 'Qcur_pos-2' (ROPE)
llama_graph_n_input_tensors: input tensor '                         inp_pos' [i32, ne = {     1,     1,     1,     1 }] is used by node 'Kcur_pos-2' (ROPE)
llama_graph_n_input_tensors: input tensor '                         inp_pos' [i32, ne = {     1,     1,     1,     1 }] is used by node 'Qcur_pos-3' (ROPE)
llama_graph_n_input_tensors: input tensor '                         inp_pos' [i32, ne = {     1,     1,     1,     1 }] is used by node 'Kcur_pos-3' (ROPE)
llama_graph_n_input_tensors: input tensor '                         inp_pos' [i32, ne = {     1,     1,     1,     1 }] is used by node 'Qcur_pos-4' (ROPE)
llama_graph_n_input_tensors: input tensor '                         inp_pos' [i32, ne = {     1,     1,     1,     1 }] is used by node 'Kcur_pos-4' (ROPE)
llama_graph_n_input_tensors: input tensor '                         inp_pos' [i32, ne = {     1,     1,     1,     1 }] is used by node 'Qcur_pos-5' (ROPE)
llama_graph_n_input_tensors: input tensor '                         inp_pos' [i32, ne = {     1,     1,     1,     1 }] is used by node 'Kcur_pos-5' (ROPE)
llama_graph_n_input_tensors: input tensor '                         inp_pos' [i32, ne = {     1,     1,     1,     1 }] is used by node 'Qcur_pos-6' (ROPE)
llama_graph_n_input_tensors: input tensor '                         inp_pos' [i32, ne = {     1,     1,     1,     1 }] is used by node 'Kcur_pos-6' (ROPE)
llama_graph_n_input_tensors: input tensor '                         inp_pos' [i32, ne = {     1,     1,     1,     1 }] is used by node 'Qcur_pos-7' (ROPE)
llama_graph_n_input_tensors: input tensor '                         inp_pos' [i32, ne = {     1,     1,     1,     1 }] is used by node 'Kcur_pos-7' (ROPE)
llama_graph_n_input_tensors: input tensor '                         inp_pos' [i32, ne = {     1,     1,     1,     1 }] is used by node 'Qcur_pos-8' (ROPE)
llama_graph_n_input_tensors: input tensor '                         inp_pos' [i32, ne = {     1,     1,     1,     1 }] is used by node 'Kcur_pos-8' (ROPE)
llama_graph_n_input_tensors: input tensor '                         inp_pos' [i32, ne = {     1,     1,     1,     1 }] is used by node 'Qcur_pos-9' (ROPE)
llama_graph_n_input_tensors: input tensor '                         inp_pos' [i32, ne = {     1,     1,     1,     1 }] is used by node 'Kcur_pos-9' (ROPE)
llama_graph_n_input_tensors: input tensor '                         inp_pos' [i32, ne = {     1,     1,     1,     1 }] is used by node 'Qcur_pos-10' (ROPE)
llama_graph_n_input_tensors: input tensor '                         inp_pos' [i32, ne = {     1,     1,     1,     1 }] is used by node 'Kcur_pos-10' (ROPE)
llama_graph_n_input_tensors: input tensor '                         inp_pos' [i32, ne = {     1,     1,     1,     1 }] is used by node 'Qcur_pos-11' (ROPE)
llama_graph_n_input_tensors: input tensor '                         inp_pos' [i32, ne = {     1,     1,     1,     1 }] is used by node 'Kcur_pos-11' (ROPE)
llama_graph_n_input_tensors: input tensor '                         inp_pos' [i32, ne = {     1,     1,     1,     1 }] is used by node 'Qcur_pos-12' (ROPE)
llama_graph_n_input_tensors: input tensor '                         inp_pos' [i32, ne = {     1,     1,     1,     1 }] is used by node 'Kcur_pos-12' (ROPE)
llama_graph_n_input_tensors: input tensor '                         inp_pos' [i32, ne = {     1,     1,     1,     1 }] is used by node 'Qcur_pos-13' (ROPE)
llama_graph_n_input_tensors: input tensor '                         inp_pos' [i32, ne = {     1,     1,     1,     1 }] is used by node 'Kcur_pos-13' (ROPE)
llama_graph_n_input_tensors: input tensor '                         inp_pos' [i32, ne = {     1,     1,     1,     1 }] is used by node 'Qcur_pos-14' (ROPE)
llama_graph_n_input_tensors: input tensor '                         inp_pos' [i32, ne = {     1,     1,     1,     1 }] is used by node 'Kcur_pos-14' (ROPE)
llama_graph_n_input_tensors: input tensor '                         inp_pos' [i32, ne = {     1,     1,     1,     1 }] is used by node 'Qcur_pos-15' (ROPE)
llama_graph_n_input_tensors: input tensor '                         inp_pos' [i32, ne = {     1,     1,     1,     1 }] is used by node 'Kcur_pos-15' (ROPE)
llama_graph_n_input_tensors: input tensor '                         inp_pos' [i32, ne = {     1,     1,     1,     1 }] is used by node 'Qcur_pos-16' (ROPE)
llama_graph_n_input_tensors: input tensor '                         inp_pos' [i32, ne = {     1,     1,     1,     1 }] is used by node 'Kcur_pos-16' (ROPE)
llama_graph_n_input_tensors: input tensor '                         inp_pos' [i32, ne = {     1,     1,     1,     1 }] is used by node 'Qcur_pos-17' (ROPE)
llama_graph_n_input_tensors: input tensor '                         inp_pos' [i32, ne = {     1,     1,     1,     1 }] is used by node 'Kcur_pos-17' (ROPE)
llama_graph_n_input_tensors: input tensor '                         inp_pos' [i32, ne = {     1,     1,     1,     1 }] is used by node 'Qcur_pos-18' (ROPE)
llama_graph_n_input_tensors: input tensor '                         inp_pos' [i32, ne = {     1,     1,     1,     1 }] is used by node 'Kcur_pos-18' (ROPE)
llama_graph_n_input_tensors: input tensor '                         inp_pos' [i32, ne = {     1,     1,     1,     1 }] is used by node 'Qcur_pos-19' (ROPE)
llama_graph_n_input_tensors: input tensor '                         inp_pos' [i32, ne = {     1,     1,     1,     1 }] is used by node 'Kcur_pos-19' (ROPE)
llama_graph_n_input_tensors: input tensor '                         inp_pos' [i32, ne = {     1,     1,     1,     1 }] is used by node 'Qcur_pos-20' (ROPE)
llama_graph_n_input_tensors: input tensor '                         inp_pos' [i32, ne = {     1,     1,     1,     1 }] is used by node 'Kcur_pos-20' (ROPE)
llama_graph_n_input_tensors: input tensor '                         inp_pos' [i32, ne = {     1,     1,     1,     1 }] is used by node 'Qcur_pos-21' (ROPE)
llama_graph_n_input_tensors: input tensor '                         inp_pos' [i32, ne = {     1,     1,     1,     1 }] is used by node 'Kcur_pos-21' (ROPE)
llama_graph_n_input_tensors: input tensor '                         inp_pos' [i32, ne = {     1,     1,     1,     1 }] is used by node 'Qcur_pos-22' (ROPE)
llama_graph_n_input_tensors: input tensor '                         inp_pos' [i32, ne = {     1,     1,     1,     1 }] is used by node 'Kcur_pos-22' (ROPE)
llama_graph_n_input_tensors: input tensor '                         inp_pos' [i32, ne = {     1,     1,     1,     1 }] is used by node 'Qcur_pos-23' (ROPE)
llama_graph_n_input_tensors: input tensor '                         inp_pos' [i32, ne = {     1,     1,     1,     1 }] is used by node 'Kcur_pos-23' (ROPE)
llama_graph_n_input_tensors: input tensor '                         inp_pos' [i32, ne = {     1,     1,     1,     1 }] is used by node 'Qcur_pos-24' (ROPE)
llama_graph_n_input_tensors: input tensor '                         inp_pos' [i32, ne = {     1,     1,     1,     1 }] is used by node 'Qcur_pos-25' (ROPE)
llama_graph_n_input_tensors: input tensor '                         inp_pos' [i32, ne = {     1,     1,     1,     1 }] is used by node 'Qcur_pos-26' (ROPE)
llama_graph_n_input_tensors: input tensor '                         inp_pos' [i32, ne = {     1,     1,     1,     1 }] is used by node 'Qcur_pos-27' (ROPE)
llama_graph_n_input_tensors: input tensor '                         inp_pos' [i32, ne = {     1,     1,     1,     1 }] is used by node 'Qcur_pos-28' (ROPE)
llama_graph_n_input_tensors: input tensor '                         inp_pos' [i32, ne = {     1,     1,     1,     1 }] is used by node 'Qcur_pos-29' (ROPE)
llama_graph_n_input_tensors: input tensor '                         inp_pos' [i32, ne = {     1,     1,     1,     1 }] is used by node 'Qcur_pos-30' (ROPE)
llama_graph_n_input_tensors: input tensor '                         inp_pos' [i32, ne = {     1,     1,     1,     1 }] is used by node 'Qcur_pos-31' (ROPE)
llama_graph_n_input_tensors: input tensor '                         inp_pos' [i32, ne = {     1,     1,     1,     1 }] is used by node 'Qcur_pos-32' (ROPE)
llama_graph_n_input_tensors: input tensor '                         inp_pos' [i32, ne = {     1,     1,     1,     1 }] is used by node 'Qcur_pos-33' (ROPE)
llama_graph_n_input_tensors: input tensor '                         inp_pos' [i32, ne = {     1,     1,     1,     1 }] is used by node 'Qcur_pos-34' (ROPE)
llama_graph_n_input_tensors: input tensor '                         inp_pos' [i32, ne = {     1,     1,     1,     1 }] is used by node 'Qcur_pos-35' (ROPE)
llama_graph_n_input_tensors: input tensor '                         inp_pos' [i32, ne = {     1,     1,     1,     1 }] is used by node 'Qcur_pos-36' (ROPE)
llama_graph_n_input_tensors: input tensor '                         inp_pos' [i32, ne = {     1,     1,     1,     1 }] is used by node 'Qcur_pos-37' (ROPE)
llama_graph_n_input_tensors: input tensor '                         inp_pos' [i32, ne = {     1,     1,     1,     1 }] is used by node 'Qcur_pos-38' (ROPE)
llama_graph_n_input_tensors: input tensor '                         inp_pos' [i32, ne = {     1,     1,     1,     1 }] is used by node 'Qcur_pos-39' (ROPE)
llama_graph_n_input_tensors: input tensor '                         inp_pos' [i32, ne = {     1,     1,     1,     1 }] is used by node 'Qcur_pos-40' (ROPE)
llama_graph_n_input_tensors: input tensor '                         inp_pos' [i32, ne = {     1,     1,     1,     1 }] is used by node 'Qcur_pos-41' (ROPE)
llama_graph_n_input_tensors: input tensor '                          leaf_4' [i32, ne = {     1,     1,     1,     1 }] is used by node 'node_1' (GET_ROWS)
llama_graph_n_input_tensors: input tensor '                      inp_tokens' [i32, ne = {     1,     1,     1,     1 }] is used by node 'embd' (GET_ROWS)
resolve_fused_ops: fused DeepSeek V4 HC pre enabled
graph_reserve: reserving a graph for ubatch with n_tokens =    1, n_seqs =  1, n_outputs =    1
llama_graph_n_input_tensors: input tensor '                         out_ids' [i32, ne = {     1,     1,     1,     1 }] is used by node 'result_norm' (GET_ROWS)
llama_graph_n_input_tensors: input tensor '                attn_inp_kq_mask' [f16, ne = {  9216,     1,     1,     1 }] is used by node 'node_284' (FLASH_ATTN_EXT)
llama_graph_n_input_tensors: input tensor '                attn_inp_kq_mask' [f16, ne = {  9216,     1,     1,     1 }] is used by node 'node_578' (FLASH_ATTN_EXT)
llama_graph_n_input_tensors: input tensor '                attn_inp_kq_mask' [f16, ne = {  9216,     1,     1,     1 }] is used by node 'node_872' (FLASH_ATTN_EXT)
llama_graph_n_input_tensors: input tensor '                attn_inp_kq_mask' [f16, ne = {  9216,     1,     1,     1 }] is used by node 'node_1166' (FLASH_ATTN_EXT)
llama_graph_n_input_tensors: input tensor '                attn_inp_kq_mask' [f16, ne = {  9216,     1,     1,     1 }] is used by node 'node_1388' (FLASH_ATTN_EXT)
llama_graph_n_input_tensors: input tensor '                attn_inp_kq_mask' [f16, ne = {  9216,     1,     1,     1 }] is used by node 'node_1610' (FLASH_ATTN_EXT)
llama_graph_n_input_tensors: input tensor '                attn_inp_kq_mask' [f16, ne = {  9216,     1,     1,     1 }] is used by node 'node_1832' (FLASH_ATTN_EXT)
llama_graph_n_input_tensors: input tensor '                 attn_inp_v_idxs' [i64, ne = {     1,     1,     1,     1 }] is used by node 'cache_v_l5 (view)' (SET_ROWS)
llama_graph_n_input_tensors: input tensor '                 attn_inp_v_idxs' [i64, ne = {     1,     1,     1,     1 }] is used by node 'cache_v_l11 (view)' (SET_ROWS)
llama_graph_n_input_tensors: input tensor '                 attn_inp_v_idxs' [i64, ne = {     1,     1,     1,     1 }] is used by node 'cache_v_l17 (view)' (SET_ROWS)
llama_graph_n_input_tensors: input tensor '                 attn_inp_v_idxs' [i64, ne = {     1,     1,     1,     1 }] is used by node 'cache_v_l23 (view)' (SET_ROWS)
llama_graph_n_input_tensors: input tensor '                 attn_inp_k_idxs' [i64, ne = {     1,     1,     1,     1 }] is used by node 'cache_k_l5 (view)' (SET_ROWS)
llama_graph_n_input_tensors: input tensor '                 attn_inp_k_idxs' [i64, ne = {     1,     1,     1,     1 }] is used by node 'cache_k_l11 (view)' (SET_ROWS)
llama_graph_n_input_tensors: input tensor '                 attn_inp_k_idxs' [i64, ne = {     1,     1,     1,     1 }] is used by node 'cache_k_l17 (view)' (SET_ROWS)
llama_graph_n_input_tensors: input tensor '                 attn_inp_k_idxs' [i64, ne = {     1,     1,     1,     1 }] is used by node 'cache_k_l23 (view)' (SET_ROWS)
llama_graph_n_input_tensors: input tensor '                attn_inp_kq_mask' [f16, ne = {  9216,     1,     1,     1 }] is used by node 'node_30' (FLASH_ATTN_EXT)
llama_graph_n_input_tensors: input tensor '                attn_inp_kq_mask' [f16, ne = {  9216,     1,     1,     1 }] is used by node 'node_88' (FLASH_ATTN_EXT)
llama_graph_n_input_tensors: input tensor '                attn_inp_kq_mask' [f16, ne = {  9216,     1,     1,     1 }] is used by node 'node_137' (FLASH_ATTN_EXT)
llama_graph_n_input_tensors: input tensor '                attn_inp_kq_mask' [f16, ne = {  9216,     1,     1,     1 }] is used by node 'node_186' (FLASH_ATTN_EXT)
llama_graph_n_input_tensors: input tensor '                attn_inp_kq_mask' [f16, ne = {  9216,     1,     1,     1 }] is used by node 'node_235' (FLASH_ATTN_EXT)
llama_graph_n_input_tensors: input tensor '                attn_inp_kq_mask' [f16, ne = {  9216,     1,     1,     1 }] is used by node 'node_333' (FLASH_ATTN_EXT)
llama_graph_n_input_tensors: input tensor '                attn_inp_kq_mask' [f16, ne = {  9216,     1,     1,     1 }] is used by node 'node_382' (FLASH_ATTN_EXT)
llama_graph_n_input_tensors: input tensor '                attn_inp_kq_mask' [f16, ne = {  9216,     1,     1,     1 }] is used by node 'node_431' (FLASH_ATTN_EXT)
llama_graph_n_input_tensors: input tensor '                attn_inp_kq_mask' [f16, ne = {  9216,     1,     1,     1 }] is used by node 'node_480' (FLASH_ATTN_EXT)
llama_graph_n_input_tensors: input tensor '                attn_inp_kq_mask' [f16, ne = {  9216,     1,     1,     1 }] is used by node 'node_529' (FLASH_ATTN_EXT)
llama_graph_n_input_tensors: input tensor '                attn_inp_kq_mask' [f16, ne = {  9216,     1,     1,     1 }] is used by node 'node_627' (FLASH_ATTN_EXT)
llama_graph_n_input_tensors: input tensor '                attn_inp_kq_mask' [f16, ne = {  9216,     1,     1,     1 }] is used by node 'node_676' (FLASH_ATTN_EXT)
llama_graph_n_input_tensors: input tensor '                attn_inp_kq_mask' [f16, ne = {  9216,     1,     1,     1 }] is used by node 'node_725' (FLASH_ATTN_EXT)
llama_graph_n_input_tensors: input tensor '                attn_inp_kq_mask' [f16, ne = {  9216,     1,     1,     1 }] is used by node 'node_774' (FLASH_ATTN_EXT)
llama_graph_n_input_tensors: input tensor '                attn_inp_kq_mask' [f16, ne = {  9216,     1,     1,     1 }] is used by node 'node_823' (FLASH_ATTN_EXT)
llama_graph_n_input_tensors: input tensor '                attn_inp_kq_mask' [f16, ne = {  9216,     1,     1,     1 }] is used by node 'node_921' (FLASH_ATTN_EXT)
llama_graph_n_input_tensors: input tensor '                attn_inp_kq_mask' [f16, ne = {  9216,     1,     1,     1 }] is used by node 'node_970' (FLASH_ATTN_EXT)
llama_graph_n_input_tensors: input tensor '                attn_inp_kq_mask' [f16, ne = {  9216,     1,     1,     1 }] is used by node 'node_1019' (FLASH_ATTN_EXT)
llama_graph_n_input_tensors: input tensor '                attn_inp_kq_mask' [f16, ne = {  9216,     1,     1,     1 }] is used by node 'node_1068' (FLASH_ATTN_EXT)
llama_graph_n_input_tensors: input tensor '                attn_inp_kq_mask' [f16, ne = {  9216,     1,     1,     1 }] is used by node 'node_1117' (FLASH_ATTN_EXT)
llama_graph_n_input_tensors: input tensor '                attn_inp_kq_mask' [f16, ne = {  9216,     1,     1,     1 }] is used by node 'node_1203' (FLASH_ATTN_EXT)
llama_graph_n_input_tensors: input tensor '                attn_inp_kq_mask' [f16, ne = {  9216,     1,     1,     1 }] is used by node 'node_1240' (FLASH_ATTN_EXT)
llama_graph_n_input_tensors: input tensor '                attn_inp_kq_mask' [f16, ne = {  9216,     1,     1,     1 }] is used by node 'node_1277' (FLASH_ATTN_EXT)
llama_graph_n_input_tensors: input tensor '                attn_inp_kq_mask' [f16, ne = {  9216,     1,     1,     1 }] is used by node 'node_1314' (FLASH_ATTN_EXT)
llama_graph_n_input_tensors: input tensor '                attn_inp_kq_mask' [f16, ne = {  9216,     1,     1,     1 }] is used by node 'node_1351' (FLASH_ATTN_EXT)
llama_graph_n_input_tensors: input tensor '                attn_inp_kq_mask' [f16, ne = {  9216,     1,     1,     1 }] is used by node 'node_1425' (FLASH_ATTN_EXT)
llama_graph_n_input_tensors: input tensor '                attn_inp_kq_mask' [f16, ne = {  9216,     1,     1,     1 }] is used by node 'node_1462' (FLASH_ATTN_EXT)
llama_graph_n_input_tensors: input tensor '                attn_inp_kq_mask' [f16, ne = {  9216,     1,     1,     1 }] is used by node 'node_1499' (FLASH_ATTN_EXT)
llama_graph_n_input_tensors: input tensor '                attn_inp_kq_mask' [f16, ne = {  9216,     1,     1,     1 }] is used by node 'node_1536' (FLASH_ATTN_EXT)
llama_graph_n_input_tensors: input tensor '                attn_inp_kq_mask' [f16, ne = {  9216,     1,     1,     1 }] is used by node 'node_1573' (FLASH_ATTN_EXT)
llama_graph_n_input_tensors: input tensor '                attn_inp_kq_mask' [f16, ne = {  9216,     1,     1,     1 }] is used by node 'node_1647' (FLASH_ATTN_EXT)
llama_graph_n_input_tensors: input tensor '                attn_inp_kq_mask' [f16, ne = {  9216,     1,     1,     1 }] is used by node 'node_1684' (FLASH_ATTN_EXT)
llama_graph_n_input_tensors: input tensor '                attn_inp_kq_mask' [f16, ne = {  9216,     1,     1,     1 }] is used by node 'node_1721' (FLASH_ATTN_EXT)
llama_graph_n_input_tensors: input tensor '                attn_inp_kq_mask' [f16, ne = {  9216,     1,     1,     1 }] is used by node 'node_1758' (FLASH_ATTN_EXT)
llama_graph_n_input_tensors: input tensor '                attn_inp_kq_mask' [f16, ne = {  9216,     1,     1,     1 }] is used by node 'node_1795' (FLASH_ATTN_EXT)
llama_graph_n_input_tensors: input tensor '                 attn_inp_v_idxs' [i64, ne = {     1,     1,     1,     1 }] is used by node 'cache_v_l0 (view)' (SET_ROWS)
llama_graph_n_input_tensors: input tensor '                 attn_inp_v_idxs' [i64, ne = {     1,     1,     1,     1 }] is used by node 'cache_v_l1 (view)' (SET_ROWS)
llama_graph_n_input_tensors: input tensor '                 attn_inp_v_idxs' [i64, ne = {     1,     1,     1,     1 }] is used by node 'cache_v_l2 (view)' (SET_ROWS)
llama_graph_n_input_tensors: input tensor '                 attn_inp_v_idxs' [i64, ne = {     1,     1,     1,     1 }] is used by node 'cache_v_l3 (view)' (SET_ROWS)
llama_graph_n_input_tensors: input tensor '                 attn_inp_v_idxs' [i64, ne = {     1,     1,     1,     1 }] is used by node 'cache_v_l4 (view)' (SET_ROWS)
llama_graph_n_input_tensors: input tensor '                 attn_inp_v_idxs' [i64, ne = {     1,     1,     1,     1 }] is used by node 'cache_v_l6 (view)' (SET_ROWS)
llama_graph_n_input_tensors: input tensor '                 attn_inp_v_idxs' [i64, ne = {     1,     1,     1,     1 }] is used by node 'cache_v_l7 (view)' (SET_ROWS)
llama_graph_n_input_tensors: input tensor '                 attn_inp_v_idxs' [i64, ne = {     1,     1,     1,     1 }] is used by node 'cache_v_l8 (view)' (SET_ROWS)
llama_graph_n_input_tensors: input tensor '                 attn_inp_v_idxs' [i64, ne = {     1,     1,     1,     1 }] is used by node 'cache_v_l9 (view)' (SET_ROWS)
llama_graph_n_input_tensors: input tensor '                 attn_inp_v_idxs' [i64, ne = {     1,     1,     1,     1 }] is used by node 'cache_v_l10 (view)' (SET_ROWS)
llama_graph_n_input_tensors: input tensor '                 attn_inp_v_idxs' [i64, ne = {     1,     1,     1,     1 }] is used by node 'cache_v_l12 (view)' (SET_ROWS)
llama_graph_n_input_tensors: input tensor '                 attn_inp_v_idxs' [i64, ne = {     1,     1,     1,     1 }] is used by node 'cache_v_l13 (view)' (SET_ROWS)
llama_graph_n_input_tensors: input tensor '                 attn_inp_v_idxs' [i64, ne = {     1,     1,     1,     1 }] is used by node 'cache_v_l14 (view)' (SET_ROWS)
llama_graph_n_input_tensors: input tensor '                 attn_inp_v_idxs' [i64, ne = {     1,     1,     1,     1 }] is used by node 'cache_v_l15 (view)' (SET_ROWS)
llama_graph_n_input_tensors: input tensor '                 attn_inp_v_idxs' [i64, ne = {     1,     1,     1,     1 }] is used by node 'cache_v_l16 (view)' (SET_ROWS)
llama_graph_n_input_tensors: input tensor '                 attn_inp_v_idxs' [i64, ne = {     1,     1,     1,     1 }] is used by node 'cache_v_l18 (view)' (SET_ROWS)
llama_graph_n_input_tensors: input tensor '                 attn_inp_v_idxs' [i64, ne = {     1,     1,     1,     1 }] is used by node 'cache_v_l19 (view)' (SET_ROWS)
llama_graph_n_input_tensors: input tensor '                 attn_inp_v_idxs' [i64, ne = {     1,     1,     1,     1 }] is used by node 'cache_v_l20 (view)' (SET_ROWS)
llama_graph_n_input_tensors: input tensor '                 attn_inp_v_idxs' [i64, ne = {     1,     1,     1,     1 }] is used by node 'cache_v_l21 (view)' (SET_ROWS)
llama_graph_n_input_tensors: input tensor '                 attn_inp_v_idxs' [i64, ne = {     1,     1,     1,     1 }] is used by node 'cache_v_l22 (view)' (SET_ROWS)
llama_graph_n_input_tensors: input tensor '                 attn_inp_k_idxs' [i64, ne = {     1,     1,     1,     1 }] is used by node 'cache_k_l0 (view)' (SET_ROWS)
llama_graph_n_input_tensors: input tensor '                 attn_inp_k_idxs' [i64, ne = {     1,     1,     1,     1 }] is used by node 'cache_k_l1 (view)' (SET_ROWS)
llama_graph_n_input_tensors: input tensor '                 attn_inp_k_idxs' [i64, ne = {     1,     1,     1,     1 }] is used by node 'cache_k_l2 (view)' (SET_ROWS)
llama_graph_n_input_tensors: input tensor '                 attn_inp_k_idxs' [i64, ne = {     1,     1,     1,     1 }] is used by node 'cache_k_l3 (view)' (SET_ROWS)
llama_graph_n_input_tensors: input tensor '                 attn_inp_k_idxs' [i64, ne = {     1,     1,     1,     1 }] is used by node 'cache_k_l4 (view)' (SET_ROWS)
llama_graph_n_input_tensors: input tensor '                 attn_inp_k_idxs' [i64, ne = {     1,     1,     1,     1 }] is used by node 'cache_k_l6 (view)' (SET_ROWS)
llama_graph_n_input_tensors: input tensor '                 attn_inp_k_idxs' [i64, ne = {     1,     1,     1,     1 }] is used by node 'cache_k_l7 (view)' (SET_ROWS)
llama_graph_n_input_tensors: input tensor '                 attn_inp_k_idxs' [i64, ne = {     1,     1,     1,     1 }] is used by node 'cache_k_l8 (view)' (SET_ROWS)
llama_graph_n_input_tensors: input tensor '                 attn_inp_k_idxs' [i64, ne = {     1,     1,     1,     1 }] is used by node 'cache_k_l9 (view)' (SET_ROWS)
llama_graph_n_input_tensors: input tensor '                 attn_inp_k_idxs' [i64, ne = {     1,     1,     1,     1 }] is used by node 'cache_k_l10 (view)' (SET_ROWS)
llama_graph_n_input_tensors: input tensor '                 attn_inp_k_idxs' [i64, ne = {     1,     1,     1,     1 }] is used by node 'cache_k_l12 (view)' (SET_ROWS)
llama_graph_n_input_tensors: input tensor '                 attn_inp_k_idxs' [i64, ne = {     1,     1,     1,     1 }] is used by node 'cache_k_l13 (view)' (SET_ROWS)
llama_graph_n_input_tensors: input tensor '                 attn_inp_k_idxs' [i64, ne = {     1,     1,     1,     1 }] is used by node 'cache_k_l14 (view)' (SET_ROWS)
llama_graph_n_input_tensors: input tensor '                 attn_inp_k_idxs' [i64, ne = {     1,     1,     1,     1 }] is used by node 'cache_k_l15 (view)' (SET_ROWS)
llama_graph_n_input_tensors: input tensor '                 attn_inp_k_idxs' [i64, ne = {     1,     1,     1,     1 }] is used by node 'cache_k_l16 (view)' (SET_ROWS)
llama_graph_n_input_tensors: input tensor '                 attn_inp_k_idxs' [i64, ne = {     1,     1,     1,     1 }] is used by node 'cache_k_l18 (view)' (SET_ROWS)
llama_graph_n_input_tensors: input tensor '                 attn_inp_k_idxs' [i64, ne = {     1,     1,     1,     1 }] is used by node 'cache_k_l19 (view)' (SET_ROWS)
llama_graph_n_input_tensors: input tensor '                 attn_inp_k_idxs' [i64, ne = {     1,     1,     1,     1 }] is used by node 'cache_k_l20 (view)' (SET_ROWS)
llama_graph_n_input_tensors: input tensor '                 attn_inp_k_idxs' [i64, ne = {     1,     1,     1,     1 }] is used by node 'cache_k_l21 (view)' (SET_ROWS)
llama_graph_n_input_tensors: input tensor '                 attn_inp_k_idxs' [i64, ne = {     1,     1,     1,     1 }] is used by node 'cache_k_l22 (view)' (SET_ROWS)
llama_graph_n_input_tensors: input tensor '                         inp_pos' [i32, ne = {     1,     1,     1,     1 }] is used by node 'Qcur_pos-0' (ROPE)
llama_graph_n_input_tensors: input tensor '                         inp_pos' [i32, ne = {     1,     1,     1,     1 }] is used by node 'Kcur_pos-0' (ROPE)
llama_graph_n_input_tensors: input tensor '                         inp_pos' [i32, ne = {     1,     1,     1,     1 }] is used by node 'Qcur_pos-1' (ROPE)
llama_graph_n_input_tensors: input tensor '                         inp_pos' [i32, ne = {     1,     1,     1,     1 }] is used by node 'Kcur_pos-1' (ROPE)
llama_graph_n_input_tensors: input tensor '                         inp_pos' [i32, ne = {     1,     1,     1,     1 }] is used by node 'Qcur_pos-2' (ROPE)
llama_graph_n_input_tensors: input tensor '                         inp_pos' [i32, ne = {     1,     1,     1,     1 }] is used by node 'Kcur_pos-2' (ROPE)
llama_graph_n_input_tensors: input tensor '                         inp_pos' [i32, ne = {     1,     1,     1,     1 }] is used by node 'Qcur_pos-3' (ROPE)
llama_graph_n_input_tensors: input tensor '                         inp_pos' [i32, ne = {     1,     1,     1,     1 }] is used by node 'Kcur_pos-3' (ROPE)
llama_graph_n_input_tensors: input tensor '                         inp_pos' [i32, ne = {     1,     1,     1,     1 }] is used by node 'Qcur_pos-4' (ROPE)
llama_graph_n_input_tensors: input tensor '                         inp_pos' [i32, ne = {     1,     1,     1,     1 }] is used by node 'Kcur_pos-4' (ROPE)
llama_graph_n_input_tensors: input tensor '                         inp_pos' [i32, ne = {     1,     1,     1,     1 }] is used by node 'Qcur_pos-5' (ROPE)
llama_graph_n_input_tensors: input tensor '                         inp_pos' [i32, ne = {     1,     1,     1,     1 }] is used by node 'Kcur_pos-5' (ROPE)
llama_graph_n_input_tensors: input tensor '                         inp_pos' [i32, ne = {     1,     1,     1,     1 }] is used by node 'Qcur_pos-6' (ROPE)
llama_graph_n_input_tensors: input tensor '                         inp_pos' [i32, ne = {     1,     1,     1,     1 }] is used by node 'Kcur_pos-6' (ROPE)
llama_graph_n_input_tensors: input tensor '                         inp_pos' [i32, ne = {     1,     1,     1,     1 }] is used by node 'Qcur_pos-7' (ROPE)
llama_graph_n_input_tensors: input tensor '                         inp_pos' [i32, ne = {     1,     1,     1,     1 }] is used by node 'Kcur_pos-7' (ROPE)
llama_graph_n_input_tensors: input tensor '                         inp_pos' [i32, ne = {     1,     1,     1,     1 }] is used by node 'Qcur_pos-8' (ROPE)
llama_graph_n_input_tensors: input tensor '                         inp_pos' [i32, ne = {     1,     1,     1,     1 }] is used by node 'Kcur_pos-8' (ROPE)
llama_graph_n_input_tensors: input tensor '                         inp_pos' [i32, ne = {     1,     1,     1,     1 }] is used by node 'Qcur_pos-9' (ROPE)
llama_graph_n_input_tensors: input tensor '                         inp_pos' [i32, ne = {     1,     1,     1,     1 }] is used by node 'Kcur_pos-9' (ROPE)
llama_graph_n_input_tensors: input tensor '                         inp_pos' [i32, ne = {     1,     1,     1,     1 }] is used by node 'Qcur_pos-10' (ROPE)
llama_graph_n_input_tensors: input tensor '                         inp_pos' [i32, ne = {     1,     1,     1,     1 }] is used by node 'Kcur_pos-10' (ROPE)
llama_graph_n_input_tensors: input tensor '                         inp_pos' [i32, ne = {     1,     1,     1,     1 }] is used by node 'Qcur_pos-11' (ROPE)
llama_graph_n_input_tensors: input tensor '                         inp_pos' [i32, ne = {     1,     1,     1,     1 }] is used by node 'Kcur_pos-11' (ROPE)
llama_graph_n_input_tensors: input tensor '                         inp_pos' [i32, ne = {     1,     1,     1,     1 }] is used by node 'Qcur_pos-12' (ROPE)
llama_graph_n_input_tensors: input tensor '                         inp_pos' [i32, ne = {     1,     1,     1,     1 }] is used by node 'Kcur_pos-12' (ROPE)
llama_graph_n_input_tensors: input tensor '                         inp_pos' [i32, ne = {     1,     1,     1,     1 }] is used by node 'Qcur_pos-13' (ROPE)
llama_graph_n_input_tensors: input tensor '                         inp_pos' [i32, ne = {     1,     1,     1,     1 }] is used by node 'Kcur_pos-13' (ROPE)
llama_graph_n_input_tensors: input tensor '                         inp_pos' [i32, ne = {     1,     1,     1,     1 }] is used by node 'Qcur_pos-14' (ROPE)
llama_graph_n_input_tensors: input tensor '                         inp_pos' [i32, ne = {     1,     1,     1,     1 }] is used by node 'Kcur_pos-14' (ROPE)
llama_graph_n_input_tensors: input tensor '                         inp_pos' [i32, ne = {     1,     1,     1,     1 }] is used by node 'Qcur_pos-15' (ROPE)
llama_graph_n_input_tensors: input tensor '                         inp_pos' [i32, ne = {     1,     1,     1,     1 }] is used by node 'Kcur_pos-15' (ROPE)
llama_graph_n_input_tensors: input tensor '                         inp_pos' [i32, ne = {     1,     1,     1,     1 }] is used by node 'Qcur_pos-16' (ROPE)
llama_graph_n_input_tensors: input tensor '                         inp_pos' [i32, ne = {     1,     1,     1,     1 }] is used by node 'Kcur_pos-16' (ROPE)
llama_graph_n_input_tensors: input tensor '                         inp_pos' [i32, ne = {     1,     1,     1,     1 }] is used by node 'Qcur_pos-17' (ROPE)
llama_graph_n_input_tensors: input tensor '                         inp_pos' [i32, ne = {     1,     1,     1,     1 }] is used by node 'Kcur_pos-17' (ROPE)
llama_graph_n_input_tensors: input tensor '                         inp_pos' [i32, ne = {     1,     1,     1,     1 }] is used by node 'Qcur_pos-18' (ROPE)
llama_graph_n_input_tensors: input tensor '                         inp_pos' [i32, ne = {     1,     1,     1,     1 }] is used by node 'Kcur_pos-18' (ROPE)
llama_graph_n_input_tensors: input tensor '                         inp_pos' [i32, ne = {     1,     1,     1,     1 }] is used by node 'Qcur_pos-19' (ROPE)
llama_graph_n_input_tensors: input tensor '                         inp_pos' [i32, ne = {     1,     1,     1,     1 }] is used by node 'Kcur_pos-19' (ROPE)
llama_graph_n_input_tensors: input tensor '                         inp_pos' [i32, ne = {     1,     1,     1,     1 }] is used by node 'Qcur_pos-20' (ROPE)
llama_graph_n_input_tensors: input tensor '                         inp_pos' [i32, ne = {     1,     1,     1,     1 }] is used by node 'Kcur_pos-20' (ROPE)
llama_graph_n_input_tensors: input tensor '                         inp_pos' [i32, ne = {     1,     1,     1,     1 }] is used by node 'Qcur_pos-21' (ROPE)
llama_graph_n_input_tensors: input tensor '                         inp_pos' [i32, ne = {     1,     1,     1,     1 }] is used by node 'Kcur_pos-21' (ROPE)
llama_graph_n_input_tensors: input tensor '                         inp_pos' [i32, ne = {     1,     1,     1,     1 }] is used by node 'Qcur_pos-22' (ROPE)
llama_graph_n_input_tensors: input tensor '                         inp_pos' [i32, ne = {     1,     1,     1,     1 }] is used by node 'Kcur_pos-22' (ROPE)
llama_graph_n_input_tensors: input tensor '                         inp_pos' [i32, ne = {     1,     1,     1,     1 }] is used by node 'Qcur_pos-23' (ROPE)
llama_graph_n_input_tensors: input tensor '                         inp_pos' [i32, ne = {     1,     1,     1,     1 }] is used by node 'Kcur_pos-23' (ROPE)
llama_graph_n_input_tensors: input tensor '                         inp_pos' [i32, ne = {     1,     1,     1,     1 }] is used by node 'Qcur_pos-24' (ROPE)
llama_graph_n_input_tensors: input tensor '                         inp_pos' [i32, ne = {     1,     1,     1,     1 }] is used by node 'Qcur_pos-25' (ROPE)
llama_graph_n_input_tensors: input tensor '                         inp_pos' [i32, ne = {     1,     1,     1,     1 }] is used by node 'Qcur_pos-26' (ROPE)
llama_graph_n_input_tensors: input tensor '                         inp_pos' [i32, ne = {     1,     1,     1,     1 }] is used by node 'Qcur_pos-27' (ROPE)
llama_graph_n_input_tensors: input tensor '                         inp_pos' [i32, ne = {     1,     1,     1,     1 }] is used by node 'Qcur_pos-28' (ROPE)
llama_graph_n_input_tensors: input tensor '                         inp_pos' [i32, ne = {     1,     1,     1,     1 }] is used by node 'Qcur_pos-29' (ROPE)
llama_graph_n_input_tensors: input tensor '                         inp_pos' [i32, ne = {     1,     1,     1,     1 }] is used by node 'Qcur_pos-30' (ROPE)
llama_graph_n_input_tensors: input tensor '                         inp_pos' [i32, ne = {     1,     1,     1,     1 }] is used by node 'Qcur_pos-31' (ROPE)
llama_graph_n_input_tensors: input tensor '                         inp_pos' [i32, ne = {     1,     1,     1,     1 }] is used by node 'Qcur_pos-32' (ROPE)
llama_graph_n_input_tensors: input tensor '                         inp_pos' [i32, ne = {     1,     1,     1,     1 }] is used by node 'Qcur_pos-33' (ROPE)
llama_graph_n_input_tensors: input tensor '                         inp_pos' [i32, ne = {     1,     1,     1,     1 }] is used by node 'Qcur_pos-34' (ROPE)
llama_graph_n_input_tensors: input tensor '                         inp_pos' [i32, ne = {     1,     1,     1,     1 }] is used by node 'Qcur_pos-35' (ROPE)
llama_graph_n_input_tensors: input tensor '                         inp_pos' [i32, ne = {     1,     1,     1,     1 }] is used by node 'Qcur_pos-36' (ROPE)
llama_graph_n_input_tensors: input tensor '                         inp_pos' [i32, ne = {     1,     1,     1,     1 }] is used by node 'Qcur_pos-37' (ROPE)
llama_graph_n_input_tensors: input tensor '                         inp_pos' [i32, ne = {     1,     1,     1,     1 }] is used by node 'Qcur_pos-38' (ROPE)
llama_graph_n_input_tensors: input tensor '                         inp_pos' [i32, ne = {     1,     1,     1,     1 }] is used by node 'Qcur_pos-39' (ROPE)
llama_graph_n_input_tensors: input tensor '                         inp_pos' [i32, ne = {     1,     1,     1,     1 }] is used by node 'Qcur_pos-40' (ROPE)
llama_graph_n_input_tensors: input tensor '                         inp_pos' [i32, ne = {     1,     1,     1,     1 }] is used by node 'Qcur_pos-41' (ROPE)
llama_graph_n_input_tensors: input tensor '                          leaf_4' [i32, ne = {     1,     1,     1,     1 }] is used by node 'node_1' (GET_ROWS)
llama_graph_n_input_tensors: input tensor '                      inp_tokens' [i32, ne = {     1,     1,     1,     1 }] is used by node 'embd' (GET_ROWS)
resolve_fused_ops: fused DeepSeek V4 HC comb enabled
graph_reserve: reserving a graph for ubatch with n_tokens =    1, n_seqs =  1, n_outputs =    1
llama_graph_n_input_tensors: input tensor '                         out_ids' [i32, ne = {     1,     1,     1,     1 }] is used by node 'result_norm' (GET_ROWS)
llama_graph_n_input_tensors: input tensor '                attn_inp_kq_mask' [f16, ne = {  9216,     1,     1,     1 }] is used by node 'node_284' (FLASH_ATTN_EXT)
llama_graph_n_input_tensors: input tensor '                attn_inp_kq_mask' [f16, ne = {  9216,     1,     1,     1 }] is used by node 'node_578' (FLASH_ATTN_EXT)
llama_graph_n_input_tensors: input tensor '                attn_inp_kq_mask' [f16, ne = {  9216,     1,     1,     1 }] is used by node 'node_872' (FLASH_ATTN_EXT)
llama_graph_n_input_tensors: input tensor '                attn_inp_kq_mask' [f16, ne = {  9216,     1,     1,     1 }] is used by node 'node_1166' (FLASH_ATTN_EXT)
llama_graph_n_input_tensors: input tensor '                attn_inp_kq_mask' [f16, ne = {  9216,     1,     1,     1 }] is used by node 'node_1388' (FLASH_ATTN_EXT)
llama_graph_n_input_tensors: input tensor '                attn_inp_kq_mask' [f16, ne = {  9216,     1,     1,     1 }] is used by node 'node_1610' (FLASH_ATTN_EXT)
llama_graph_n_input_tensors: input tensor '                attn_inp_kq_mask' [f16, ne = {  9216,     1,     1,     1 }] is used by node 'node_1832' (FLASH_ATTN_EXT)
llama_graph_n_input_tensors: input tensor '                 attn_inp_v_idxs' [i64, ne = {     1,     1,     1,     1 }] is used by node 'cache_v_l5 (view)' (SET_ROWS)
llama_graph_n_input_tensors: input tensor '                 attn_inp_v_idxs' [i64, ne = {     1,     1,     1,     1 }] is used by node 'cache_v_l11 (view)' (SET_ROWS)
llama_graph_n_input_tensors: input tensor '                 attn_inp_v_idxs' [i64, ne = {     1,     1,     1,     1 }] is used by node 'cache_v_l17 (view)' (SET_ROWS)
llama_graph_n_input_tensors: input tensor '                 attn_inp_v_idxs' [i64, ne = {     1,     1,     1,     1 }] is used by node 'cache_v_l23 (view)' (SET_ROWS)
llama_graph_n_input_tensors: input tensor '                 attn_inp_k_idxs' [i64, ne = {     1,     1,     1,     1 }] is used by node 'cache_k_l5 (view)' (SET_ROWS)
llama_graph_n_input_tensors: input tensor '                 attn_inp_k_idxs' [i64, ne = {     1,     1,     1,     1 }] is used by node 'cache_k_l11 (view)' (SET_ROWS)
llama_graph_n_input_tensors: input tensor '                 attn_inp_k_idxs' [i64, ne = {     1,     1,     1,     1 }] is used by node 'cache_k_l17 (view)' (SET_ROWS)
llama_graph_n_input_tensors: input tensor '                 attn_inp_k_idxs' [i64, ne = {     1,     1,     1,     1 }] is used by node 'cache_k_l23 (view)' (SET_ROWS)
llama_graph_n_input_tensors: input tensor '                attn_inp_kq_mask' [f16, ne = {  9216,     1,     1,     1 }] is used by node 'node_30' (FLASH_ATTN_EXT)
llama_graph_n_input_tensors: input tensor '                attn_inp_kq_mask' [f16, ne = {  9216,     1,     1,     1 }] is used by node 'node_88' (FLASH_ATTN_EXT)
llama_graph_n_input_tensors: input tensor '                attn_inp_kq_mask' [f16, ne = {  9216,     1,     1,     1 }] is used by node 'node_137' (FLASH_ATTN_EXT)
llama_graph_n_input_tensors: input tensor '                attn_inp_kq_mask' [f16, ne = {  9216,     1,     1,     1 }] is used by node 'node_186' (FLASH_ATTN_EXT)
llama_graph_n_input_tensors: input tensor '                attn_inp_kq_mask' [f16, ne = {  9216,     1,     1,     1 }] is used by node 'node_235' (FLASH_ATTN_EXT)
llama_graph_n_input_tensors: input tensor '                attn_inp_kq_mask' [f16, ne = {  9216,     1,     1,     1 }] is used by node 'node_333' (FLASH_ATTN_EXT)
llama_graph_n_input_tensors: input tensor '                attn_inp_kq_mask' [f16, ne = {  9216,     1,     1,     1 }] is used by node 'node_382' (FLASH_ATTN_EXT)
llama_graph_n_input_tensors: input tensor '                attn_inp_kq_mask' [f16, ne = {  9216,     1,     1,     1 }] is used by node 'node_431' (FLASH_ATTN_EXT)
llama_graph_n_input_tensors: input tensor '                attn_inp_kq_mask' [f16, ne = {  9216,     1,     1,     1 }] is used by node 'node_480' (FLASH_ATTN_EXT)
llama_graph_n_input_tensors: input tensor '                attn_inp_kq_mask' [f16, ne = {  9216,     1,     1,     1 }] is used by node 'node_529' (FLASH_ATTN_EXT)
llama_graph_n_input_tensors: input tensor '                attn_inp_kq_mask' [f16, ne = {  9216,     1,     1,     1 }] is used by node 'node_627' (FLASH_ATTN_EXT)
llama_graph_n_input_tensors: input tensor '                attn_inp_kq_mask' [f16, ne = {  9216,     1,     1,     1 }] is used by node 'node_676' (FLASH_ATTN_EXT)
llama_graph_n_input_tensors: input tensor '                attn_inp_kq_mask' [f16, ne = {  9216,     1,     1,     1 }] is used by node 'node_725' (FLASH_ATTN_EXT)
llama_graph_n_input_tensors: input tensor '                attn_inp_kq_mask' [f16, ne = {  9216,     1,     1,     1 }] is used by node 'node_774' (FLASH_ATTN_EXT)
llama_graph_n_input_tensors: input tensor '                attn_inp_kq_mask' [f16, ne = {  9216,     1,     1,     1 }] is used by node 'node_823' (FLASH_ATTN_EXT)
llama_graph_n_input_tensors: input tensor '                attn_inp_kq_mask' [f16, ne = {  9216,     1,     1,     1 }] is used by node 'node_921' (FLASH_ATTN_EXT)
llama_graph_n_input_tensors: input tensor '                attn_inp_kq_mask' [f16, ne = {  9216,     1,     1,     1 }] is used by node 'node_970' (FLASH_ATTN_EXT)
llama_graph_n_input_tensors: input tensor '                attn_inp_kq_mask' [f16, ne = {  9216,     1,     1,     1 }] is used by node 'node_1019' (FLASH_ATTN_EXT)
llama_graph_n_input_tensors: input tensor '                attn_inp_kq_mask' [f16, ne = {  9216,     1,     1,     1 }] is used by node 'node_1068' (FLASH_ATTN_EXT)
llama_graph_n_input_tensors: input tensor '                attn_inp_kq_mask' [f16, ne = {  9216,     1,     1,     1 }] is used by node 'node_1117' (FLASH_ATTN_EXT)
llama_graph_n_input_tensors: input tensor '                attn_inp_kq_mask' [f16, ne = {  9216,     1,     1,     1 }] is used by node 'node_1203' (FLASH_ATTN_EXT)
llama_graph_n_input_tensors: input tensor '                attn_inp_kq_mask' [f16, ne = {  9216,     1,     1,     1 }] is used by node 'node_1240' (FLASH_ATTN_EXT)
llama_graph_n_input_tensors: input tensor '                attn_inp_kq_mask' [f16, ne = {  9216,     1,     1,     1 }] is used by node 'node_1277' (FLASH_ATTN_EXT)
llama_graph_n_input_tensors: input tensor '                attn_inp_kq_mask' [f16, ne = {  9216,     1,     1,     1 }] is used by node 'node_1314' (FLASH_ATTN_EXT)
llama_graph_n_input_tensors: input tensor '                attn_inp_kq_mask' [f16, ne = {  9216,     1,     1,     1 }] is used by node 'node_1351' (FLASH_ATTN_EXT)
llama_graph_n_input_tensors: input tensor '                attn_inp_kq_mask' [f16, ne = {  9216,     1,     1,     1 }] is used by node 'node_1425' (FLASH_ATTN_EXT)
llama_graph_n_input_tensors: input tensor '                attn_inp_kq_mask' [f16, ne = {  9216,     1,     1,     1 }] is used by node 'node_1462' (FLASH_ATTN_EXT)
llama_graph_n_input_tensors: input tensor '                attn_inp_kq_mask' [f16, ne = {  9216,     1,     1,     1 }] is used by node 'node_1499' (FLASH_ATTN_EXT)
llama_graph_n_input_tensors: input tensor '                attn_inp_kq_mask' [f16, ne = {  9216,     1,     1,     1 }] is used by node 'node_1536' (FLASH_ATTN_EXT)
llama_graph_n_input_tensors: input tensor '                attn_inp_kq_mask' [f16, ne = {  9216,     1,     1,     1 }] is used by node 'node_1573' (FLASH_ATTN_EXT)
llama_graph_n_input_tensors: input tensor '                attn_inp_kq_mask' [f16, ne = {  9216,     1,     1,     1 }] is used by node 'node_1647' (FLASH_ATTN_EXT)
llama_graph_n_input_tensors: input tensor '                attn_inp_kq_mask' [f16, ne = {  9216,     1,     1,     1 }] is used by node 'node_1684' (FLASH_ATTN_EXT)
llama_graph_n_input_tensors: input tensor '                attn_inp_kq_mask' [f16, ne = {  9216,     1,     1,     1 }] is used by node 'node_1721' (FLASH_ATTN_EXT)
llama_graph_n_input_tensors: input tensor '                attn_inp_kq_mask' [f16, ne = {  9216,     1,     1,     1 }] is used by node 'node_1758' (FLASH_ATTN_EXT)
llama_graph_n_input_tensors: input tensor '                attn_inp_kq_mask' [f16, ne = {  9216,     1,     1,     1 }] is used by node 'node_1795' (FLASH_ATTN_EXT)
llama_graph_n_input_tensors: input tensor '                 attn_inp_v_idxs' [i64, ne = {     1,     1,     1,     1 }] is used by node 'cache_v_l0 (view)' (SET_ROWS)
llama_graph_n_input_tensors: input tensor '                 attn_inp_v_idxs' [i64, ne = {     1,     1,     1,     1 }] is used by node 'cache_v_l1 (view)' (SET_ROWS)
llama_graph_n_input_tensors: input tensor '                 attn_inp_v_idxs' [i64, ne = {     1,     1,     1,     1 }] is used by node 'cache_v_l2 (view)' (SET_ROWS)
llama_graph_n_input_tensors: input tensor '                 attn_inp_v_idxs' [i64, ne = {     1,     1,     1,     1 }] is used by node 'cache_v_l3 (view)' (SET_ROWS)
llama_graph_n_input_tensors: input tensor '                 attn_inp_v_idxs' [i64, ne = {     1,     1,     1,     1 }] is used by node 'cache_v_l4 (view)' (SET_ROWS)
llama_graph_n_input_tensors: input tensor '                 attn_inp_v_idxs' [i64, ne = {     1,     1,     1,     1 }] is used by node 'cache_v_l6 (view)' (SET_ROWS)
llama_graph_n_input_tensors: input tensor '                 attn_inp_v_idxs' [i64, ne = {     1,     1,     1,     1 }] is used by node 'cache_v_l7 (view)' (SET_ROWS)
llama_graph_n_input_tensors: input tensor '                 attn_inp_v_idxs' [i64, ne = {     1,     1,     1,     1 }] is used by node 'cache_v_l8 (view)' (SET_ROWS)
llama_graph_n_input_tensors: input tensor '                 attn_inp_v_idxs' [i64, ne = {     1,     1,     1,     1 }] is used by node 'cache_v_l9 (view)' (SET_ROWS)
llama_graph_n_input_tensors: input tensor '                 attn_inp_v_idxs' [i64, ne = {     1,     1,     1,     1 }] is used by node 'cache_v_l10 (view)' (SET_ROWS)
llama_graph_n_input_tensors: input tensor '                 attn_inp_v_idxs' [i64, ne = {     1,     1,     1,     1 }] is used by node 'cache_v_l12 (view)' (SET_ROWS)
llama_graph_n_input_tensors: input tensor '                 attn_inp_v_idxs' [i64, ne = {     1,     1,     1,     1 }] is used by node 'cache_v_l13 (view)' (SET_ROWS)
llama_graph_n_input_tensors: input tensor '                 attn_inp_v_idxs' [i64, ne = {     1,     1,     1,     1 }] is used by node 'cache_v_l14 (view)' (SET_ROWS)
llama_graph_n_input_tensors: input tensor '                 attn_inp_v_idxs' [i64, ne = {     1,     1,     1,     1 }] is used by node 'cache_v_l15 (view)' (SET_ROWS)
llama_graph_n_input_tensors: input tensor '                 attn_inp_v_idxs' [i64, ne = {     1,     1,     1,     1 }] is used by node 'cache_v_l16 (view)' (SET_ROWS)
llama_graph_n_input_tensors: input tensor '                 attn_inp_v_idxs' [i64, ne = {     1,     1,     1,     1 }] is used by node 'cache_v_l18 (view)' (SET_ROWS)
llama_graph_n_input_tensors: input tensor '                 attn_inp_v_idxs' [i64, ne = {     1,     1,     1,     1 }] is used by node 'cache_v_l19 (view)' (SET_ROWS)
llama_graph_n_input_tensors: input tensor '                 attn_inp_v_idxs' [i64, ne = {     1,     1,     1,     1 }] is used by node 'cache_v_l20 (view)' (SET_ROWS)
llama_graph_n_input_tensors: input tensor '                 attn_inp_v_idxs' [i64, ne = {     1,     1,     1,     1 }] is used by node 'cache_v_l21 (view)' (SET_ROWS)
llama_graph_n_input_tensors: input tensor '                 attn_inp_v_idxs' [i64, ne = {     1,     1,     1,     1 }] is used by node 'cache_v_l22 (view)' (SET_ROWS)
llama_graph_n_input_tensors: input tensor '                 attn_inp_k_idxs' [i64, ne = {     1,     1,     1,     1 }] is used by node 'cache_k_l0 (view)' (SET_ROWS)
llama_graph_n_input_tensors: input tensor '                 attn_inp_k_idxs' [i64, ne = {     1,     1,     1,     1 }] is used by node 'cache_k_l1 (view)' (SET_ROWS)
llama_graph_n_input_tensors: input tensor '                 attn_inp_k_idxs' [i64, ne = {     1,     1,     1,     1 }] is used by node 'cache_k_l2 (view)' (SET_ROWS)
llama_graph_n_input_tensors: input tensor '                 attn_inp_k_idxs' [i64, ne = {     1,     1,     1,     1 }] is used by node 'cache_k_l3 (view)' (SET_ROWS)
llama_graph_n_input_tensors: input tensor '                 attn_inp_k_idxs' [i64, ne = {     1,     1,     1,     1 }] is used by node 'cache_k_l4 (view)' (SET_ROWS)
llama_graph_n_input_tensors: input tensor '                 attn_inp_k_idxs' [i64, ne = {     1,     1,     1,     1 }] is used by node 'cache_k_l6 (view)' (SET_ROWS)
llama_graph_n_input_tensors: input tensor '                 attn_inp_k_idxs' [i64, ne = {     1,     1,     1,     1 }] is used by node 'cache_k_l7 (view)' (SET_ROWS)
llama_graph_n_input_tensors: input tensor '                 attn_inp_k_idxs' [i64, ne = {     1,     1,     1,     1 }] is used by node 'cache_k_l8 (view)' (SET_ROWS)
llama_graph_n_input_tensors: input tensor '                 attn_inp_k_idxs' [i64, ne = {     1,     1,     1,     1 }] is used by node 'cache_k_l9 (view)' (SET_ROWS)
llama_graph_n_input_tensors: input tensor '                 attn_inp_k_idxs' [i64, ne = {     1,     1,     1,     1 }] is used by node 'cache_k_l10 (view)' (SET_ROWS)
llama_graph_n_input_tensors: input tensor '                 attn_inp_k_idxs' [i64, ne = {     1,     1,     1,     1 }] is used by node 'cache_k_l12 (view)' (SET_ROWS)
llama_graph_n_input_tensors: input tensor '                 attn_inp_k_idxs' [i64, ne = {     1,     1,     1,     1 }] is used by node 'cache_k_l13 (view)' (SET_ROWS)
llama_graph_n_input_tensors: input tensor '                 attn_inp_k_idxs' [i64, ne = {     1,     1,     1,     1 }] is used by node 'cache_k_l14 (view)' (SET_ROWS)
llama_graph_n_input_tensors: input tensor '                 attn_inp_k_idxs' [i64, ne = {     1,     1,     1,     1 }] is used by node 'cache_k_l15 (view)' (SET_ROWS)
llama_graph_n_input_tensors: input tensor '                 attn_inp_k_idxs' [i64, ne = {     1,     1,     1,     1 }] is used by node 'cache_k_l16 (view)' (SET_ROWS)
llama_graph_n_input_tensors: input tensor '                 attn_inp_k_idxs' [i64, ne = {     1,     1,     1,     1 }] is used by node 'cache_k_l18 (view)' (SET_ROWS)
llama_graph_n_input_tensors: input tensor '                 attn_inp_k_idxs' [i64, ne = {     1,     1,     1,     1 }] is used by node 'cache_k_l19 (view)' (SET_ROWS)
llama_graph_n_input_tensors: input tensor '                 attn_inp_k_idxs' [i64, ne = {     1,     1,     1,     1 }] is used by node 'cache_k_l20 (view)' (SET_ROWS)
llama_graph_n_input_tensors: input tensor '                 attn_inp_k_idxs' [i64, ne = {     1,     1,     1,     1 }] is used by node 'cache_k_l21 (view)' (SET_ROWS)
llama_graph_n_input_tensors: input tensor '                 attn_inp_k_idxs' [i64, ne = {     1,     1,     1,     1 }] is used by node 'cache_k_l22 (view)' (SET_ROWS)
llama_graph_n_input_tensors: input tensor '                         inp_pos' [i32, ne = {     1,     1,     1,     1 }] is used by node 'Qcur_pos-0' (ROPE)
llama_graph_n_input_tensors: input tensor '                         inp_pos' [i32, ne = {     1,     1,     1,     1 }] is used by node 'Kcur_pos-0' (ROPE)
llama_graph_n_input_tensors: input tensor '                         inp_pos' [i32, ne = {     1,     1,     1,     1 }] is used by node 'Qcur_pos-1' (ROPE)
llama_graph_n_input_tensors: input tensor '                         inp_pos' [i32, ne = {     1,     1,     1,     1 }] is used by node 'Kcur_pos-1' (ROPE)
llama_graph_n_input_tensors: input tensor '                         inp_pos' [i32, ne = {     1,     1,     1,     1 }] is used by node 'Qcur_pos-2' (ROPE)
llama_graph_n_input_tensors: input tensor '                         inp_pos' [i32, ne = {     1,     1,     1,     1 }] is used by node 'Kcur_pos-2' (ROPE)
llama_graph_n_input_tensors: input tensor '                         inp_pos' [i32, ne = {     1,     1,     1,     1 }] is used by node 'Qcur_pos-3' (ROPE)
llama_graph_n_input_tensors: input tensor '                         inp_pos' [i32, ne = {     1,     1,     1,     1 }] is used by node 'Kcur_pos-3' (ROPE)
llama_graph_n_input_tensors: input tensor '                         inp_pos' [i32, ne = {     1,     1,     1,     1 }] is used by node 'Qcur_pos-4' (ROPE)
llama_graph_n_input_tensors: input tensor '                         inp_pos' [i32, ne = {     1,     1,     1,     1 }] is used by node 'Kcur_pos-4' (ROPE)
llama_graph_n_input_tensors: input tensor '                         inp_pos' [i32, ne = {     1,     1,     1,     1 }] is used by node 'Qcur_pos-5' (ROPE)
llama_graph_n_input_tensors: input tensor '                         inp_pos' [i32, ne = {     1,     1,     1,     1 }] is used by node 'Kcur_pos-5' (ROPE)
llama_graph_n_input_tensors: input tensor '                         inp_pos' [i32, ne = {     1,     1,     1,     1 }] is used by node 'Qcur_pos-6' (ROPE)
llama_graph_n_input_tensors: input tensor '                         inp_pos' [i32, ne = {     1,     1,     1,     1 }] is used by node 'Kcur_pos-6' (ROPE)
llama_graph_n_input_tensors: input tensor '                         inp_pos' [i32, ne = {     1,     1,     1,     1 }] is used by node 'Qcur_pos-7' (ROPE)
llama_graph_n_input_tensors: input tensor '                         inp_pos' [i32, ne = {     1,     1,     1,     1 }] is used by node 'Kcur_pos-7' (ROPE)
llama_graph_n_input_tensors: input tensor '                         inp_pos' [i32, ne = {     1,     1,     1,     1 }] is used by node 'Qcur_pos-8' (ROPE)
llama_graph_n_input_tensors: input tensor '                         inp_pos' [i32, ne = {     1,     1,     1,     1 }] is used by node 'Kcur_pos-8' (ROPE)
llama_graph_n_input_tensors: input tensor '                         inp_pos' [i32, ne = {     1,     1,     1,     1 }] is used by node 'Qcur_pos-9' (ROPE)
llama_graph_n_input_tensors: input tensor '                         inp_pos' [i32, ne = {     1,     1,     1,     1 }] is used by node 'Kcur_pos-9' (ROPE)
llama_graph_n_input_tensors: input tensor '                         inp_pos' [i32, ne = {     1,     1,     1,     1 }] is used by node 'Qcur_pos-10' (ROPE)
llama_graph_n_input_tensors: input tensor '                         inp_pos' [i32, ne = {     1,     1,     1,     1 }] is used by node 'Kcur_pos-10' (ROPE)
llama_graph_n_input_tensors: input tensor '                         inp_pos' [i32, ne = {     1,     1,     1,     1 }] is used by node 'Qcur_pos-11' (ROPE)
llama_graph_n_input_tensors: input tensor '                         inp_pos' [i32, ne = {     1,     1,     1,     1 }] is used by node 'Kcur_pos-11' (ROPE)
llama_graph_n_input_tensors: input tensor '                         inp_pos' [i32, ne = {     1,     1,     1,     1 }] is used by node 'Qcur_pos-12' (ROPE)
llama_graph_n_input_tensors: input tensor '                         inp_pos' [i32, ne = {     1,     1,     1,     1 }] is used by node 'Kcur_pos-12' (ROPE)
llama_graph_n_input_tensors: input tensor '                         inp_pos' [i32, ne = {     1,     1,     1,     1 }] is used by node 'Qcur_pos-13' (ROPE)
llama_graph_n_input_tensors: input tensor '                         inp_pos' [i32, ne = {     1,     1,     1,     1 }] is used by node 'Kcur_pos-13' (ROPE)
llama_graph_n_input_tensors: input tensor '                         inp_pos' [i32, ne = {     1,     1,     1,     1 }] is used by node 'Qcur_pos-14' (ROPE)
llama_graph_n_input_tensors: input tensor '                         inp_pos' [i32, ne = {     1,     1,     1,     1 }] is used by node 'Kcur_pos-14' (ROPE)
llama_graph_n_input_tensors: input tensor '                         inp_pos' [i32, ne = {     1,     1,     1,     1 }] is used by node 'Qcur_pos-15' (ROPE)
llama_graph_n_input_tensors: input tensor '                         inp_pos' [i32, ne = {     1,     1,     1,     1 }] is used by node 'Kcur_pos-15' (ROPE)
llama_graph_n_input_tensors: input tensor '                         inp_pos' [i32, ne = {     1,     1,     1,     1 }] is used by node 'Qcur_pos-16' (ROPE)
llama_graph_n_input_tensors: input tensor '                         inp_pos' [i32, ne = {     1,     1,     1,     1 }] is used by node 'Kcur_pos-16' (ROPE)
llama_graph_n_input_tensors: input tensor '                         inp_pos' [i32, ne = {     1,     1,     1,     1 }] is used by node 'Qcur_pos-17' (ROPE)
llama_graph_n_input_tensors: input tensor '                         inp_pos' [i32, ne = {     1,     1,     1,     1 }] is used by node 'Kcur_pos-17' (ROPE)
llama_graph_n_input_tensors: input tensor '                         inp_pos' [i32, ne = {     1,     1,     1,     1 }] is used by node 'Qcur_pos-18' (ROPE)
llama_graph_n_input_tensors: input tensor '                         inp_pos' [i32, ne = {     1,     1,     1,     1 }] is used by node 'Kcur_pos-18' (ROPE)
llama_graph_n_input_tensors: input tensor '                         inp_pos' [i32, ne = {     1,     1,     1,     1 }] is used by node 'Qcur_pos-19' (ROPE)
llama_graph_n_input_tensors: input tensor '                         inp_pos' [i32, ne = {     1,     1,     1,     1 }] is used by node 'Kcur_pos-19' (ROPE)
llama_graph_n_input_tensors: input tensor '                         inp_pos' [i32, ne = {     1,     1,     1,     1 }] is used by node 'Qcur_pos-20' (ROPE)
llama_graph_n_input_tensors: input tensor '                         inp_pos' [i32, ne = {     1,     1,     1,     1 }] is used by node 'Kcur_pos-20' (ROPE)
llama_graph_n_input_tensors: input tensor '                         inp_pos' [i32, ne = {     1,     1,     1,     1 }] is used by node 'Qcur_pos-21' (ROPE)
llama_graph_n_input_tensors: input tensor '                         inp_pos' [i32, ne = {     1,     1,     1,     1 }] is used by node 'Kcur_pos-21' (ROPE)
llama_graph_n_input_tensors: input tensor '                         inp_pos' [i32, ne = {     1,     1,     1,     1 }] is used by node 'Qcur_pos-22' (ROPE)
llama_graph_n_input_tensors: input tensor '                         inp_pos' [i32, ne = {     1,     1,     1,     1 }] is used by node 'Kcur_pos-22' (ROPE)
llama_graph_n_input_tensors: input tensor '                         inp_pos' [i32, ne = {     1,     1,     1,     1 }] is used by node 'Qcur_pos-23' (ROPE)
llama_graph_n_input_tensors: input tensor '                         inp_pos' [i32, ne = {     1,     1,     1,     1 }] is used by node 'Kcur_pos-23' (ROPE)
llama_graph_n_input_tensors: input tensor '                         inp_pos' [i32, ne = {     1,     1,     1,     1 }] is used by node 'Qcur_pos-24' (ROPE)
llama_graph_n_input_tensors: input tensor '                         inp_pos' [i32, ne = {     1,     1,     1,     1 }] is used by node 'Qcur_pos-25' (ROPE)
llama_graph_n_input_tensors: input tensor '                         inp_pos' [i32, ne = {     1,     1,     1,     1 }] is used by node 'Qcur_pos-26' (ROPE)
llama_graph_n_input_tensors: input tensor '                         inp_pos' [i32, ne = {     1,     1,     1,     1 }] is used by node 'Qcur_pos-27' (ROPE)
llama_graph_n_input_tensors: input tensor '                         inp_pos' [i32, ne = {     1,     1,     1,     1 }] is used by node 'Qcur_pos-28' (ROPE)
llama_graph_n_input_tensors: input tensor '                         inp_pos' [i32, ne = {     1,     1,     1,     1 }] is used by node 'Qcur_pos-29' (ROPE)
llama_graph_n_input_tensors: input tensor '                         inp_pos' [i32, ne = {     1,     1,     1,     1 }] is used by node 'Qcur_pos-30' (ROPE)
llama_graph_n_input_tensors: input tensor '                         inp_pos' [i32, ne = {     1,     1,     1,     1 }] is used by node 'Qcur_pos-31' (ROPE)
llama_graph_n_input_tensors: input tensor '                         inp_pos' [i32, ne = {     1,     1,     1,     1 }] is used by node 'Qcur_pos-32' (ROPE)
llama_graph_n_input_tensors: input tensor '                         inp_pos' [i32, ne = {     1,     1,     1,     1 }] is used by node 'Qcur_pos-33' (ROPE)
llama_graph_n_input_tensors: input tensor '                         inp_pos' [i32, ne = {     1,     1,     1,     1 }] is used by node 'Qcur_pos-34' (ROPE)
llama_graph_n_input_tensors: input tensor '                         inp_pos' [i32, ne = {     1,     1,     1,     1 }] is used by node 'Qcur_pos-35' (ROPE)
llama_graph_n_input_tensors: input tensor '                         inp_pos' [i32, ne = {     1,     1,     1,     1 }] is used by node 'Qcur_pos-36' (ROPE)
llama_graph_n_input_tensors: input tensor '                         inp_pos' [i32, ne = {     1,     1,     1,     1 }] is used by node 'Qcur_pos-37' (ROPE)
llama_graph_n_input_tensors: input tensor '                         inp_pos' [i32, ne = {     1,     1,     1,     1 }] is used by node 'Qcur_pos-38' (ROPE)
llama_graph_n_input_tensors: input tensor '                         inp_pos' [i32, ne = {     1,     1,     1,     1 }] is used by node 'Qcur_pos-39' (ROPE)
llama_graph_n_input_tensors: input tensor '                         inp_pos' [i32, ne = {     1,     1,     1,     1 }] is used by node 'Qcur_pos-40' (ROPE)
llama_graph_n_input_tensors: input tensor '                         inp_pos' [i32, ne = {     1,     1,     1,     1 }] is used by node 'Qcur_pos-41' (ROPE)
llama_graph_n_input_tensors: input tensor '                          leaf_4' [i32, ne = {     1,     1,     1,     1 }] is used by node 'node_1' (GET_ROWS)
llama_graph_n_input_tensors: input tensor '                      inp_tokens' [i32, ne = {     1,     1,     1,     1 }] is used by node 'embd' (GET_ROWS)
resolve_fused_ops: fused DeepSeek V4 HC post enabled
graph_reserve: reserving a graph for ubatch with n_tokens =  512, n_seqs =  1, n_outputs =  512
llama_graph_n_input_tensors: input tensor '                         out_ids' [i32, ne = {   512,     1,     1,     1 }] is used by node 'result_norm' (GET_ROWS)
llama_graph_n_input_tensors: input tensor '                attn_inp_kq_mask' [f16, ne = {  9216,   512,     1,     1 }] is used by node 'node_284' (FLASH_ATTN_EXT)
llama_graph_n_input_tensors: input tensor '                attn_inp_kq_mask' [f16, ne = {  9216,   512,     1,     1 }] is used by node 'node_578' (FLASH_ATTN_EXT)
llama_graph_n_input_tensors: input tensor '                attn_inp_kq_mask' [f16, ne = {  9216,   512,     1,     1 }] is used by node 'node_872' (FLASH_ATTN_EXT)
llama_graph_n_input_tensors: input tensor '                attn_inp_kq_mask' [f16, ne = {  9216,   512,     1,     1 }] is used by node 'node_1166' (FLASH_ATTN_EXT)
llama_graph_n_input_tensors: input tensor '                attn_inp_kq_mask' [f16, ne = {  9216,   512,     1,     1 }] is used by node 'node_1388' (FLASH_ATTN_EXT)
llama_graph_n_input_tensors: input tensor '                attn_inp_kq_mask' [f16, ne = {  9216,   512,     1,     1 }] is used by node 'node_1610' (FLASH_ATTN_EXT)
llama_graph_n_input_tensors: input tensor '                attn_inp_kq_mask' [f16, ne = {  9216,   512,     1,     1 }] is used by node 'node_1832' (FLASH_ATTN_EXT)
llama_graph_n_input_tensors: input tensor '                 attn_inp_v_idxs' [i64, ne = {   512,     1,     1,     1 }] is used by node 'cache_v_l5 (view)' (SET_ROWS)
llama_graph_n_input_tensors: input tensor '                 attn_inp_v_idxs' [i64, ne = {   512,     1,     1,     1 }] is used by node 'cache_v_l11 (view)' (SET_ROWS)
llama_graph_n_input_tensors: input tensor '                 attn_inp_v_idxs' [i64, ne = {   512,     1,     1,     1 }] is used by node 'cache_v_l17 (view)' (SET_ROWS)
llama_graph_n_input_tensors: input tensor '                 attn_inp_v_idxs' [i64, ne = {   512,     1,     1,     1 }] is used by node 'cache_v_l23 (view)' (SET_ROWS)
llama_graph_n_input_tensors: input tensor '                 attn_inp_k_idxs' [i64, ne = {   512,     1,     1,     1 }] is used by node 'cache_k_l5 (view)' (SET_ROWS)
llama_graph_n_input_tensors: input tensor '                 attn_inp_k_idxs' [i64, ne = {   512,     1,     1,     1 }] is used by node 'cache_k_l11 (view)' (SET_ROWS)
llama_graph_n_input_tensors: input tensor '                 attn_inp_k_idxs' [i64, ne = {   512,     1,     1,     1 }] is used by node 'cache_k_l17 (view)' (SET_ROWS)
llama_graph_n_input_tensors: input tensor '                 attn_inp_k_idxs' [i64, ne = {   512,     1,     1,     1 }] is used by node 'cache_k_l23 (view)' (SET_ROWS)
llama_graph_n_input_tensors: input tensor '                attn_inp_kq_mask' [f16, ne = {  9216,   512,     1,     1 }] is used by node 'node_30' (FLASH_ATTN_EXT)
llama_graph_n_input_tensors: input tensor '                attn_inp_kq_mask' [f16, ne = {  9216,   512,     1,     1 }] is used by node 'node_88' (FLASH_ATTN_EXT)
llama_graph_n_input_tensors: input tensor '                attn_inp_kq_mask' [f16, ne = {  9216,   512,     1,     1 }] is used by node 'node_137' (FLASH_ATTN_EXT)
llama_graph_n_input_tensors: input tensor '                attn_inp_kq_mask' [f16, ne = {  9216,   512,     1,     1 }] is used by node 'node_186' (FLASH_ATTN_EXT)
llama_graph_n_input_tensors: input tensor '                attn_inp_kq_mask' [f16, ne = {  9216,   512,     1,     1 }] is used by node 'node_235' (FLASH_ATTN_EXT)
llama_graph_n_input_tensors: input tensor '                attn_inp_kq_mask' [f16, ne = {  9216,   512,     1,     1 }] is used by node 'node_333' (FLASH_ATTN_EXT)
llama_graph_n_input_tensors: input tensor '                attn_inp_kq_mask' [f16, ne = {  9216,   512,     1,     1 }] is used by node 'node_382' (FLASH_ATTN_EXT)
llama_graph_n_input_tensors: input tensor '                attn_inp_kq_mask' [f16, ne = {  9216,   512,     1,     1 }] is used by node 'node_431' (FLASH_ATTN_EXT)
llama_graph_n_input_tensors: input tensor '                attn_inp_kq_mask' [f16, ne = {  9216,   512,     1,     1 }] is used by node 'node_480' (FLASH_ATTN_EXT)
llama_graph_n_input_tensors: input tensor '                attn_inp_kq_mask' [f16, ne = {  9216,   512,     1,     1 }] is used by node 'node_529' (FLASH_ATTN_EXT)
llama_graph_n_input_tensors: input tensor '                attn_inp_kq_mask' [f16, ne = {  9216,   512,     1,     1 }] is used by node 'node_627' (FLASH_ATTN_EXT)
llama_graph_n_input_tensors: input tensor '                attn_inp_kq_mask' [f16, ne = {  9216,   512,     1,     1 }] is used by node 'node_676' (FLASH_ATTN_EXT)
llama_graph_n_input_tensors: input tensor '                attn_inp_kq_mask' [f16, ne = {  9216,   512,     1,     1 }] is used by node 'node_725' (FLASH_ATTN_EXT)
llama_graph_n_input_tensors: input tensor '                attn_inp_kq_mask' [f16, ne = {  9216,   512,     1,     1 }] is used by node 'node_774' (FLASH_ATTN_EXT)
llama_graph_n_input_tensors: input tensor '                attn_inp_kq_mask' [f16, ne = {  9216,   512,     1,     1 }] is used by node 'node_823' (FLASH_ATTN_EXT)
llama_graph_n_input_tensors: input tensor '                attn_inp_kq_mask' [f16, ne = {  9216,   512,     1,     1 }] is used by node 'node_921' (FLASH_ATTN_EXT)
llama_graph_n_input_tensors: input tensor '                attn_inp_kq_mask' [f16, ne = {  9216,   512,     1,     1 }] is used by node 'node_970' (FLASH_ATTN_EXT)
llama_graph_n_input_tensors: input tensor '                attn_inp_kq_mask' [f16, ne = {  9216,   512,     1,     1 }] is used by node 'node_1019' (FLASH_ATTN_EXT)
llama_graph_n_input_tensors: input tensor '                attn_inp_kq_mask' [f16, ne = {  9216,   512,     1,     1 }] is used by node 'node_1068' (FLASH_ATTN_EXT)
llama_graph_n_input_tensors: input tensor '                attn_inp_kq_mask' [f16, ne = {  9216,   512,     1,     1 }] is used by node 'node_1117' (FLASH_ATTN_EXT)
llama_graph_n_input_tensors: input tensor '                attn_inp_kq_mask' [f16, ne = {  9216,   512,     1,     1 }] is used by node 'node_1203' (FLASH_ATTN_EXT)
llama_graph_n_input_tensors: input tensor '                attn_inp_kq_mask' [f16, ne = {  9216,   512,     1,     1 }] is used by node 'node_1240' (FLASH_ATTN_EXT)
llama_graph_n_input_tensors: input tensor '                attn_inp_kq_mask' [f16, ne = {  9216,   512,     1,     1 }] is used by node 'node_1277' (FLASH_ATTN_EXT)
llama_graph_n_input_tensors: input tensor '                attn_inp_kq_mask' [f16, ne = {  9216,   512,     1,     1 }] is used by node 'node_1314' (FLASH_ATTN_EXT)
llama_graph_n_input_tensors: input tensor '                attn_inp_kq_mask' [f16, ne = {  9216,   512,     1,     1 }] is used by node 'node_1351' (FLASH_ATTN_EXT)
llama_graph_n_input_tensors: input tensor '                attn_inp_kq_mask' [f16, ne = {  9216,   512,     1,     1 }] is used by node 'node_1425' (FLASH_ATTN_EXT)
llama_graph_n_input_tensors: input tensor '                attn_inp_kq_mask' [f16, ne = {  9216,   512,     1,     1 }] is used by node 'node_1462' (FLASH_ATTN_EXT)
llama_graph_n_input_tensors: input tensor '                attn_inp_kq_mask' [f16, ne = {  9216,   512,     1,     1 }] is used by node 'node_1499' (FLASH_ATTN_EXT)
llama_graph_n_input_tensors: input tensor '                attn_inp_kq_mask' [f16, ne = {  9216,   512,     1,     1 }] is used by node 'node_1536' (FLASH_ATTN_EXT)
llama_graph_n_input_tensors: input tensor '                attn_inp_kq_mask' [f16, ne = {  9216,   512,     1,     1 }] is used by node 'node_1573' (FLASH_ATTN_EXT)
llama_graph_n_input_tensors: input tensor '                attn_inp_kq_mask' [f16, ne = {  9216,   512,     1,     1 }] is used by node 'node_1647' (FLASH_ATTN_EXT)
llama_graph_n_input_tensors: input tensor '                attn_inp_kq_mask' [f16, ne = {  9216,   512,     1,     1 }] is used by node 'node_1684' (FLASH_ATTN_EXT)
llama_graph_n_input_tensors: input tensor '                attn_inp_kq_mask' [f16, ne = {  9216,   512,     1,     1 }] is used by node 'node_1721' (FLASH_ATTN_EXT)
llama_graph_n_input_tensors: input tensor '                attn_inp_kq_mask' [f16, ne = {  9216,   512,     1,     1 }] is used by node 'node_1758' (FLASH_ATTN_EXT)
llama_graph_n_input_tensors: input tensor '                attn_inp_kq_mask' [f16, ne = {  9216,   512,     1,     1 }] is used by node 'node_1795' (FLASH_ATTN_EXT)
llama_graph_n_input_tensors: input tensor '                 attn_inp_v_idxs' [i64, ne = {   512,     1,     1,     1 }] is used by node 'cache_v_l0 (view)' (SET_ROWS)
llama_graph_n_input_tensors: input tensor '                 attn_inp_v_idxs' [i64, ne = {   512,     1,     1,     1 }] is used by node 'cache_v_l1 (view)' (SET_ROWS)
llama_graph_n_input_tensors: input tensor '                 attn_inp_v_idxs' [i64, ne = {   512,     1,     1,     1 }] is used by node 'cache_v_l2 (view)' (SET_ROWS)
llama_graph_n_input_tensors: input tensor '                 attn_inp_v_idxs' [i64, ne = {   512,     1,     1,     1 }] is used by node 'cache_v_l3 (view)' (SET_ROWS)
llama_graph_n_input_tensors: input tensor '                 attn_inp_v_idxs' [i64, ne = {   512,     1,     1,     1 }] is used by node 'cache_v_l4 (view)' (SET_ROWS)
llama_graph_n_input_tensors: input tensor '                 attn_inp_v_idxs' [i64, ne = {   512,     1,     1,     1 }] is used by node 'cache_v_l6 (view)' (SET_ROWS)
llama_graph_n_input_tensors: input tensor '                 attn_inp_v_idxs' [i64, ne = {   512,     1,     1,     1 }] is used by node 'cache_v_l7 (view)' (SET_ROWS)
llama_graph_n_input_tensors: input tensor '                 attn_inp_v_idxs' [i64, ne = {   512,     1,     1,     1 }] is used by node 'cache_v_l8 (view)' (SET_ROWS)
llama_graph_n_input_tensors: input tensor '                 attn_inp_v_idxs' [i64, ne = {   512,     1,     1,     1 }] is used by node 'cache_v_l9 (view)' (SET_ROWS)
llama_graph_n_input_tensors: input tensor '                 attn_inp_v_idxs' [i64, ne = {   512,     1,     1,     1 }] is used by node 'cache_v_l10 (view)' (SET_ROWS)
llama_graph_n_input_tensors: input tensor '                 attn_inp_v_idxs' [i64, ne = {   512,     1,     1,     1 }] is used by node 'cache_v_l12 (view)' (SET_ROWS)
llama_graph_n_input_tensors: input tensor '                 attn_inp_v_idxs' [i64, ne = {   512,     1,     1,     1 }] is used by node 'cache_v_l13 (view)' (SET_ROWS)
llama_graph_n_input_tensors: input tensor '                 attn_inp_v_idxs' [i64, ne = {   512,     1,     1,     1 }] is used by node 'cache_v_l14 (view)' (SET_ROWS)
llama_graph_n_input_tensors: input tensor '                 attn_inp_v_idxs' [i64, ne = {   512,     1,     1,     1 }] is used by node 'cache_v_l15 (view)' (SET_ROWS)
llama_graph_n_input_tensors: input tensor '                 attn_inp_v_idxs' [i64, ne = {   512,     1,     1,     1 }] is used by node 'cache_v_l16 (view)' (SET_ROWS)
llama_graph_n_input_tensors: input tensor '                 attn_inp_v_idxs' [i64, ne = {   512,     1,     1,     1 }] is used by node 'cache_v_l18 (view)' (SET_ROWS)
llama_graph_n_input_tensors: input tensor '                 attn_inp_v_idxs' [i64, ne = {   512,     1,     1,     1 }] is used by node 'cache_v_l19 (view)' (SET_ROWS)
llama_graph_n_input_tensors: input tensor '                 attn_inp_v_idxs' [i64, ne = {   512,     1,     1,     1 }] is used by node 'cache_v_l20 (view)' (SET_ROWS)
llama_graph_n_input_tensors: input tensor '                 attn_inp_v_idxs' [i64, ne = {   512,     1,     1,     1 }] is used by node 'cache_v_l21 (view)' (SET_ROWS)
llama_graph_n_input_tensors: input tensor '                 attn_inp_v_idxs' [i64, ne = {   512,     1,     1,     1 }] is used by node 'cache_v_l22 (view)' (SET_ROWS)
llama_graph_n_input_tensors: input tensor '                 attn_inp_k_idxs' [i64, ne = {   512,     1,     1,     1 }] is used by node 'cache_k_l0 (view)' (SET_ROWS)
llama_graph_n_input_tensors: input tensor '                 attn_inp_k_idxs' [i64, ne = {   512,     1,     1,     1 }] is used by node 'cache_k_l1 (view)' (SET_ROWS)
llama_graph_n_input_tensors: input tensor '                 attn_inp_k_idxs' [i64, ne = {   512,     1,     1,     1 }] is used by node 'cache_k_l2 (view)' (SET_ROWS)
llama_graph_n_input_tensors: input tensor '                 attn_inp_k_idxs' [i64, ne = {   512,     1,     1,     1 }] is used by node 'cache_k_l3 (view)' (SET_ROWS)
llama_graph_n_input_tensors: input tensor '                 attn_inp_k_idxs' [i64, ne = {   512,     1,     1,     1 }] is used by node 'cache_k_l4 (view)' (SET_ROWS)
llama_graph_n_input_tensors: input tensor '                 attn_inp_k_idxs' [i64, ne = {   512,     1,     1,     1 }] is used by node 'cache_k_l6 (view)' (SET_ROWS)
llama_graph_n_input_tensors: input tensor '                 attn_inp_k_idxs' [i64, ne = {   512,     1,     1,     1 }] is used by node 'cache_k_l7 (view)' (SET_ROWS)
llama_graph_n_input_tensors: input tensor '                 attn_inp_k_idxs' [i64, ne = {   512,     1,     1,     1 }] is used by node 'cache_k_l8 (view)' (SET_ROWS)
llama_graph_n_input_tensors: input tensor '                 attn_inp_k_idxs' [i64, ne = {   512,     1,     1,     1 }] is used by node 'cache_k_l9 (view)' (SET_ROWS)
llama_graph_n_input_tensors: input tensor '                 attn_inp_k_idxs' [i64, ne = {   512,     1,     1,     1 }] is used by node 'cache_k_l10 (view)' (SET_ROWS)
llama_graph_n_input_tensors: input tensor '                 attn_inp_k_idxs' [i64, ne = {   512,     1,     1,     1 }] is used by node 'cache_k_l12 (view)' (SET_ROWS)
llama_graph_n_input_tensors: input tensor '                 attn_inp_k_idxs' [i64, ne = {   512,     1,     1,     1 }] is used by node 'cache_k_l13 (view)' (SET_ROWS)
llama_graph_n_input_tensors: input tensor '                 attn_inp_k_idxs' [i64, ne = {   512,     1,     1,     1 }] is used by node 'cache_k_l14 (view)' (SET_ROWS)
llama_graph_n_input_tensors: input tensor '                 attn_inp_k_idxs' [i64, ne = {   512,     1,     1,     1 }] is used by node 'cache_k_l15 (view)' (SET_ROWS)
llama_graph_n_input_tensors: input tensor '                 attn_inp_k_idxs' [i64, ne = {   512,     1,     1,     1 }] is used by node 'cache_k_l16 (view)' (SET_ROWS)
llama_graph_n_input_tensors: input tensor '                 attn_inp_k_idxs' [i64, ne = {   512,     1,     1,     1 }] is used by node 'cache_k_l18 (view)' (SET_ROWS)
llama_graph_n_input_tensors: input tensor '                 attn_inp_k_idxs' [i64, ne = {   512,     1,     1,     1 }] is used by node 'cache_k_l19 (view)' (SET_ROWS)
llama_graph_n_input_tensors: input tensor '                 attn_inp_k_idxs' [i64, ne = {   512,     1,     1,     1 }] is used by node 'cache_k_l20 (view)' (SET_ROWS)
llama_graph_n_input_tensors: input tensor '                 attn_inp_k_idxs' [i64, ne = {   512,     1,     1,     1 }] is used by node 'cache_k_l21 (view)' (SET_ROWS)
llama_graph_n_input_tensors: input tensor '                 attn_inp_k_idxs' [i64, ne = {   512,     1,     1,     1 }] is used by node 'cache_k_l22 (view)' (SET_ROWS)
llama_graph_n_input_tensors: input tensor '                         inp_pos' [i32, ne = {   512,     1,     1,     1 }] is used by node 'Qcur_pos-0' (ROPE)
llama_graph_n_input_tensors: input tensor '                         inp_pos' [i32, ne = {   512,     1,     1,     1 }] is used by node 'Kcur_pos-0' (ROPE)
llama_graph_n_input_tensors: input tensor '                         inp_pos' [i32, ne = {   512,     1,     1,     1 }] is used by node 'Qcur_pos-1' (ROPE)
llama_graph_n_input_tensors: input tensor '                         inp_pos' [i32, ne = {   512,     1,     1,     1 }] is used by node 'Kcur_pos-1' (ROPE)
llama_graph_n_input_tensors: input tensor '                         inp_pos' [i32, ne = {   512,     1,     1,     1 }] is used by node 'Qcur_pos-2' (ROPE)
llama_graph_n_input_tensors: input tensor '                         inp_pos' [i32, ne = {   512,     1,     1,     1 }] is used by node 'Kcur_pos-2' (ROPE)
llama_graph_n_input_tensors: input tensor '                         inp_pos' [i32, ne = {   512,     1,     1,     1 }] is used by node 'Qcur_pos-3' (ROPE)
llama_graph_n_input_tensors: input tensor '                         inp_pos' [i32, ne = {   512,     1,     1,     1 }] is used by node 'Kcur_pos-3' (ROPE)
llama_graph_n_input_tensors: input tensor '                         inp_pos' [i32, ne = {   512,     1,     1,     1 }] is used by node 'Qcur_pos-4' (ROPE)
llama_graph_n_input_tensors: input tensor '                         inp_pos' [i32, ne = {   512,     1,     1,     1 }] is used by node 'Kcur_pos-4' (ROPE)
llama_graph_n_input_tensors: input tensor '                         inp_pos' [i32, ne = {   512,     1,     1,     1 }] is used by node 'Qcur_pos-5' (ROPE)
llama_graph_n_input_tensors: input tensor '                         inp_pos' [i32, ne = {   512,     1,     1,     1 }] is used by node 'Kcur_pos-5' (ROPE)
llama_graph_n_input_tensors: input tensor '                         inp_pos' [i32, ne = {   512,     1,     1,     1 }] is used by node 'Qcur_pos-6' (ROPE)
llama_graph_n_input_tensors: input tensor '                         inp_pos' [i32, ne = {   512,     1,     1,     1 }] is used by node 'Kcur_pos-6' (ROPE)
llama_graph_n_input_tensors: input tensor '                         inp_pos' [i32, ne = {   512,     1,     1,     1 }] is used by node 'Qcur_pos-7' (ROPE)
llama_graph_n_input_tensors: input tensor '                         inp_pos' [i32, ne = {   512,     1,     1,     1 }] is used by node 'Kcur_pos-7' (ROPE)
llama_graph_n_input_tensors: input tensor '                         inp_pos' [i32, ne = {   512,     1,     1,     1 }] is used by node 'Qcur_pos-8' (ROPE)
llama_graph_n_input_tensors: input tensor '                         inp_pos' [i32, ne = {   512,     1,     1,     1 }] is used by node 'Kcur_pos-8' (ROPE)
llama_graph_n_input_tensors: input tensor '                         inp_pos' [i32, ne = {   512,     1,     1,     1 }] is used by node 'Qcur_pos-9' (ROPE)
llama_graph_n_input_tensors: input tensor '                         inp_pos' [i32, ne = {   512,     1,     1,     1 }] is used by node 'Kcur_pos-9' (ROPE)
llama_graph_n_input_tensors: input tensor '                         inp_pos' [i32, ne = {   512,     1,     1,     1 }] is used by node 'Qcur_pos-10' (ROPE)
llama_graph_n_input_tensors: input tensor '                         inp_pos' [i32, ne = {   512,     1,     1,     1 }] is used by node 'Kcur_pos-10' (ROPE)
llama_graph_n_input_tensors: input tensor '                         inp_pos' [i32, ne = {   512,     1,     1,     1 }] is used by node 'Qcur_pos-11' (ROPE)
llama_graph_n_input_tensors: input tensor '                         inp_pos' [i32, ne = {   512,     1,     1,     1 }] is used by node 'Kcur_pos-11' (ROPE)
llama_graph_n_input_tensors: input tensor '                         inp_pos' [i32, ne = {   512,     1,     1,     1 }] is used by node 'Qcur_pos-12' (ROPE)
llama_graph_n_input_tensors: input tensor '                         inp_pos' [i32, ne = {   512,     1,     1,     1 }] is used by node 'Kcur_pos-12' (ROPE)
llama_graph_n_input_tensors: input tensor '                         inp_pos' [i32, ne = {   512,     1,     1,     1 }] is used by node 'Qcur_pos-13' (ROPE)
llama_graph_n_input_tensors: input tensor '                         inp_pos' [i32, ne = {   512,     1,     1,     1 }] is used by node 'Kcur_pos-13' (ROPE)
llama_graph_n_input_tensors: input tensor '                         inp_pos' [i32, ne = {   512,     1,     1,     1 }] is used by node 'Qcur_pos-14' (ROPE)
llama_graph_n_input_tensors: input tensor '                         inp_pos' [i32, ne = {   512,     1,     1,     1 }] is used by node 'Kcur_pos-14' (ROPE)
llama_graph_n_input_tensors: input tensor '                         inp_pos' [i32, ne = {   512,     1,     1,     1 }] is used by node 'Qcur_pos-15' (ROPE)
llama_graph_n_input_tensors: input tensor '                         inp_pos' [i32, ne = {   512,     1,     1,     1 }] is used by node 'Kcur_pos-15' (ROPE)
llama_graph_n_input_tensors: input tensor '                         inp_pos' [i32, ne = {   512,     1,     1,     1 }] is used by node 'Qcur_pos-16' (ROPE)
llama_graph_n_input_tensors: input tensor '                         inp_pos' [i32, ne = {   512,     1,     1,     1 }] is used by node 'Kcur_pos-16' (ROPE)
llama_graph_n_input_tensors: input tensor '                         inp_pos' [i32, ne = {   512,     1,     1,     1 }] is used by node 'Qcur_pos-17' (ROPE)
llama_graph_n_input_tensors: input tensor '                         inp_pos' [i32, ne = {   512,     1,     1,     1 }] is used by node 'Kcur_pos-17' (ROPE)
llama_graph_n_input_tensors: input tensor '                         inp_pos' [i32, ne = {   512,     1,     1,     1 }] is used by node 'Qcur_pos-18' (ROPE)
llama_graph_n_input_tensors: input tensor '                         inp_pos' [i32, ne = {   512,     1,     1,     1 }] is used by node 'Kcur_pos-18' (ROPE)
llama_graph_n_input_tensors: input tensor '                         inp_pos' [i32, ne = {   512,     1,     1,     1 }] is used by node 'Qcur_pos-19' (ROPE)
llama_graph_n_input_tensors: input tensor '                         inp_pos' [i32, ne = {   512,     1,     1,     1 }] is used by node 'Kcur_pos-19' (ROPE)
llama_graph_n_input_tensors: input tensor '                         inp_pos' [i32, ne = {   512,     1,     1,     1 }] is used by node 'Qcur_pos-20' (ROPE)
llama_graph_n_input_tensors: input tensor '                         inp_pos' [i32, ne = {   512,     1,     1,     1 }] is used by node 'Kcur_pos-20' (ROPE)
llama_graph_n_input_tensors: input tensor '                         inp_pos' [i32, ne = {   512,     1,     1,     1 }] is used by node 'Qcur_pos-21' (ROPE)
llama_graph_n_input_tensors: input tensor '                         inp_pos' [i32, ne = {   512,     1,     1,     1 }] is used by node 'Kcur_pos-21' (ROPE)
llama_graph_n_input_tensors: input tensor '                         inp_pos' [i32, ne = {   512,     1,     1,     1 }] is used by node 'Qcur_pos-22' (ROPE)
llama_graph_n_input_tensors: input tensor '                         inp_pos' [i32, ne = {   512,     1,     1,     1 }] is used by node 'Kcur_pos-22' (ROPE)
llama_graph_n_input_tensors: input tensor '                         inp_pos' [i32, ne = {   512,     1,     1,     1 }] is used by node 'Qcur_pos-23' (ROPE)
llama_graph_n_input_tensors: input tensor '                         inp_pos' [i32, ne = {   512,     1,     1,     1 }] is used by node 'Kcur_pos-23' (ROPE)
llama_graph_n_input_tensors: input tensor '                         inp_pos' [i32, ne = {   512,     1,     1,     1 }] is used by node 'Qcur_pos-24' (ROPE)
llama_graph_n_input_tensors: input tensor '                         inp_pos' [i32, ne = {   512,     1,     1,     1 }] is used by node 'Qcur_pos-25' (ROPE)
llama_graph_n_input_tensors: input tensor '                         inp_pos' [i32, ne = {   512,     1,     1,     1 }] is used by node 'Qcur_pos-26' (ROPE)
llama_graph_n_input_tensors: input tensor '                         inp_pos' [i32, ne = {   512,     1,     1,     1 }] is used by node 'Qcur_pos-27' (ROPE)
llama_graph_n_input_tensors: input tensor '                         inp_pos' [i32, ne = {   512,     1,     1,     1 }] is used by node 'Qcur_pos-28' (ROPE)
llama_graph_n_input_tensors: input tensor '                         inp_pos' [i32, ne = {   512,     1,     1,     1 }] is used by node 'Qcur_pos-29' (ROPE)
llama_graph_n_input_tensors: input tensor '                         inp_pos' [i32, ne = {   512,     1,     1,     1 }] is used by node 'Qcur_pos-30' (ROPE)
llama_graph_n_input_tensors: input tensor '                         inp_pos' [i32, ne = {   512,     1,     1,     1 }] is used by node 'Qcur_pos-31' (ROPE)
llama_graph_n_input_tensors: input tensor '                         inp_pos' [i32, ne = {   512,     1,     1,     1 }] is used by node 'Qcur_pos-32' (ROPE)
llama_graph_n_input_tensors: input tensor '                         inp_pos' [i32, ne = {   512,     1,     1,     1 }] is used by node 'Qcur_pos-33' (ROPE)
llama_graph_n_input_tensors: input tensor '                         inp_pos' [i32, ne = {   512,     1,     1,     1 }] is used by node 'Qcur_pos-34' (ROPE)
llama_graph_n_input_tensors: input tensor '                         inp_pos' [i32, ne = {   512,     1,     1,     1 }] is used by node 'Qcur_pos-35' (ROPE)
llama_graph_n_input_tensors: input tensor '                         inp_pos' [i32, ne = {   512,     1,     1,     1 }] is used by node 'Qcur_pos-36' (ROPE)
llama_graph_n_input_tensors: input tensor '                         inp_pos' [i32, ne = {   512,     1,     1,     1 }] is used by node 'Qcur_pos-37' (ROPE)
llama_graph_n_input_tensors: input tensor '                         inp_pos' [i32, ne = {   512,     1,     1,     1 }] is used by node 'Qcur_pos-38' (ROPE)
llama_graph_n_input_tensors: input tensor '                         inp_pos' [i32, ne = {   512,     1,     1,     1 }] is used by node 'Qcur_pos-39' (ROPE)
llama_graph_n_input_tensors: input tensor '                         inp_pos' [i32, ne = {   512,     1,     1,     1 }] is used by node 'Qcur_pos-40' (ROPE)
llama_graph_n_input_tensors: input tensor '                         inp_pos' [i32, ne = {   512,     1,     1,     1 }] is used by node 'Qcur_pos-41' (ROPE)
llama_graph_n_input_tensors: input tensor '                          leaf_4' [i32, ne = {   512,     1,     1,     1 }] is used by node 'node_1' (GET_ROWS)
llama_graph_n_input_tensors: input tensor '                      inp_tokens' [i32, ne = {   512,     1,     1,     1 }] is used by node 'embd' (GET_ROWS)
graph_reserve: reserving a graph for ubatch with n_tokens =    1, n_seqs =  1, n_outputs =    1
llama_graph_n_input_tensors: input tensor '                         out_ids' [i32, ne = {     1,     1,     1,     1 }] is used by node 'result_norm' (GET_ROWS)
llama_graph_n_input_tensors: input tensor '                attn_inp_kq_mask' [f16, ne = {  9216,     1,     1,     1 }] is used by node 'node_284' (FLASH_ATTN_EXT)
llama_graph_n_input_tensors: input tensor '                attn_inp_kq_mask' [f16, ne = {  9216,     1,     1,     1 }] is used by node 'node_578' (FLASH_ATTN_EXT)
llama_graph_n_input_tensors: input tensor '                attn_inp_kq_mask' [f16, ne = {  9216,     1,     1,     1 }] is used by node 'node_872' (FLASH_ATTN_EXT)
llama_graph_n_input_tensors: input tensor '                attn_inp_kq_mask' [f16, ne = {  9216,     1,     1,     1 }] is used by node 'node_1166' (FLASH_ATTN_EXT)
llama_graph_n_input_tensors: input tensor '                attn_inp_kq_mask' [f16, ne = {  9216,     1,     1,     1 }] is used by node 'node_1388' (FLASH_ATTN_EXT)
llama_graph_n_input_tensors: input tensor '                attn_inp_kq_mask' [f16, ne = {  9216,     1,     1,     1 }] is used by node 'node_1610' (FLASH_ATTN_EXT)
llama_graph_n_input_tensors: input tensor '                attn_inp_kq_mask' [f16, ne = {  9216,     1,     1,     1 }] is used by node 'node_1832' (FLASH_ATTN_EXT)
llama_graph_n_input_tensors: input tensor '                 attn_inp_v_idxs' [i64, ne = {     1,     1,     1,     1 }] is used by node 'cache_v_l5 (view)' (SET_ROWS)
llama_graph_n_input_tensors: input tensor '                 attn_inp_v_idxs' [i64, ne = {     1,     1,     1,     1 }] is used by node 'cache_v_l11 (view)' (SET_ROWS)
llama_graph_n_input_tensors: input tensor '                 attn_inp_v_idxs' [i64, ne = {     1,     1,     1,     1 }] is used by node 'cache_v_l17 (view)' (SET_ROWS)
llama_graph_n_input_tensors: input tensor '                 attn_inp_v_idxs' [i64, ne = {     1,     1,     1,     1 }] is used by node 'cache_v_l23 (view)' (SET_ROWS)
llama_graph_n_input_tensors: input tensor '                 attn_inp_k_idxs' [i64, ne = {     1,     1,     1,     1 }] is used by node 'cache_k_l5 (view)' (SET_ROWS)
llama_graph_n_input_tensors: input tensor '                 attn_inp_k_idxs' [i64, ne = {     1,     1,     1,     1 }] is used by node 'cache_k_l11 (view)' (SET_ROWS)
llama_graph_n_input_tensors: input tensor '                 attn_inp_k_idxs' [i64, ne = {     1,     1,     1,     1 }] is used by node 'cache_k_l17 (view)' (SET_ROWS)
llama_graph_n_input_tensors: input tensor '                 attn_inp_k_idxs' [i64, ne = {     1,     1,     1,     1 }] is used by node 'cache_k_l23 (view)' (SET_ROWS)
llama_graph_n_input_tensors: input tensor '                attn_inp_kq_mask' [f16, ne = {  9216,     1,     1,     1 }] is used by node 'node_30' (FLASH_ATTN_EXT)
llama_graph_n_input_tensors: input tensor '                attn_inp_kq_mask' [f16, ne = {  9216,     1,     1,     1 }] is used by node 'node_88' (FLASH_ATTN_EXT)
llama_graph_n_input_tensors: input tensor '                attn_inp_kq_mask' [f16, ne = {  9216,     1,     1,     1 }] is used by node 'node_137' (FLASH_ATTN_EXT)
llama_graph_n_input_tensors: input tensor '                attn_inp_kq_mask' [f16, ne = {  9216,     1,     1,     1 }] is used by node 'node_186' (FLASH_ATTN_EXT)
llama_graph_n_input_tensors: input tensor '                attn_inp_kq_mask' [f16, ne = {  9216,     1,     1,     1 }] is used by node 'node_235' (FLASH_ATTN_EXT)
llama_graph_n_input_tensors: input tensor '                attn_inp_kq_mask' [f16, ne = {  9216,     1,     1,     1 }] is used by node 'node_333' (FLASH_ATTN_EXT)
llama_graph_n_input_tensors: input tensor '                attn_inp_kq_mask' [f16, ne = {  9216,     1,     1,     1 }] is used by node 'node_382' (FLASH_ATTN_EXT)
llama_graph_n_input_tensors: input tensor '                attn_inp_kq_mask' [f16, ne = {  9216,     1,     1,     1 }] is used by node 'node_431' (FLASH_ATTN_EXT)
llama_graph_n_input_tensors: input tensor '                attn_inp_kq_mask' [f16, ne = {  9216,     1,     1,     1 }] is used by node 'node_480' (FLASH_ATTN_EXT)
llama_graph_n_input_tensors: input tensor '                attn_inp_kq_mask' [f16, ne = {  9216,     1,     1,     1 }] is used by node 'node_529' (FLASH_ATTN_EXT)
llama_graph_n_input_tensors: input tensor '                attn_inp_kq_mask' [f16, ne = {  9216,     1,     1,     1 }] is used by node 'node_627' (FLASH_ATTN_EXT)
llama_graph_n_input_tensors: input tensor '                attn_inp_kq_mask' [f16, ne = {  9216,     1,     1,     1 }] is used by node 'node_676' (FLASH_ATTN_EXT)
llama_graph_n_input_tensors: input tensor '                attn_inp_kq_mask' [f16, ne = {  9216,     1,     1,     1 }] is used by node 'node_725' (FLASH_ATTN_EXT)
llama_graph_n_input_tensors: input tensor '                attn_inp_kq_mask' [f16, ne = {  9216,     1,     1,     1 }] is used by node 'node_774' (FLASH_ATTN_EXT)
llama_graph_n_input_tensors: input tensor '                attn_inp_kq_mask' [f16, ne = {  9216,     1,     1,     1 }] is used by node 'node_823' (FLASH_ATTN_EXT)
llama_graph_n_input_tensors: input tensor '                attn_inp_kq_mask' [f16, ne = {  9216,     1,     1,     1 }] is used by node 'node_921' (FLASH_ATTN_EXT)
llama_graph_n_input_tensors: input tensor '                attn_inp_kq_mask' [f16, ne = {  9216,     1,     1,     1 }] is used by node 'node_970' (FLASH_ATTN_EXT)
llama_graph_n_input_tensors: input tensor '                attn_inp_kq_mask' [f16, ne = {  9216,     1,     1,     1 }] is used by node 'node_1019' (FLASH_ATTN_EXT)
llama_graph_n_input_tensors: input tensor '                attn_inp_kq_mask' [f16, ne = {  9216,     1,     1,     1 }] is used by node 'node_1068' (FLASH_ATTN_EXT)
llama_graph_n_input_tensors: input tensor '                attn_inp_kq_mask' [f16, ne = {  9216,     1,     1,     1 }] is used by node 'node_1117' (FLASH_ATTN_EXT)
llama_graph_n_input_tensors: input tensor '                attn_inp_kq_mask' [f16, ne = {  9216,     1,     1,     1 }] is used by node 'node_1203' (FLASH_ATTN_EXT)
llama_graph_n_input_tensors: input tensor '                attn_inp_kq_mask' [f16, ne = {  9216,     1,     1,     1 }] is used by node 'node_1240' (FLASH_ATTN_EXT)
llama_graph_n_input_tensors: input tensor '                attn_inp_kq_mask' [f16, ne = {  9216,     1,     1,     1 }] is used by node 'node_1277' (FLASH_ATTN_EXT)
llama_graph_n_input_tensors: input tensor '                attn_inp_kq_mask' [f16, ne = {  9216,     1,     1,     1 }] is used by node 'node_1314' (FLASH_ATTN_EXT)
llama_graph_n_input_tensors: input tensor '                attn_inp_kq_mask' [f16, ne = {  9216,     1,     1,     1 }] is used by node 'node_1351' (FLASH_ATTN_EXT)
llama_graph_n_input_tensors: input tensor '                attn_inp_kq_mask' [f16, ne = {  9216,     1,     1,     1 }] is used by node 'node_1425' (FLASH_ATTN_EXT)
llama_graph_n_input_tensors: input tensor '                attn_inp_kq_mask' [f16, ne = {  9216,     1,     1,     1 }] is used by node 'node_1462' (FLASH_ATTN_EXT)
llama_graph_n_input_tensors: input tensor '                attn_inp_kq_mask' [f16, ne = {  9216,     1,     1,     1 }] is used by node 'node_1499' (FLASH_ATTN_EXT)
llama_graph_n_input_tensors: input tensor '                attn_inp_kq_mask' [f16, ne = {  9216,     1,     1,     1 }] is used by node 'node_1536' (FLASH_ATTN_EXT)
llama_graph_n_input_tensors: input tensor '                attn_inp_kq_mask' [f16, ne = {  9216,     1,     1,     1 }] is used by node 'node_1573' (FLASH_ATTN_EXT)
llama_graph_n_input_tensors: input tensor '                attn_inp_kq_mask' [f16, ne = {  9216,     1,     1,     1 }] is used by node 'node_1647' (FLASH_ATTN_EXT)
llama_graph_n_input_tensors: input tensor '                attn_inp_kq_mask' [f16, ne = {  9216,     1,     1,     1 }] is used by node 'node_1684' (FLASH_ATTN_EXT)
llama_graph_n_input_tensors: input tensor '                attn_inp_kq_mask' [f16, ne = {  9216,     1,     1,     1 }] is used by node 'node_1721' (FLASH_ATTN_EXT)
llama_graph_n_input_tensors: input tensor '                attn_inp_kq_mask' [f16, ne = {  9216,     1,     1,     1 }] is used by node 'node_1758' (FLASH_ATTN_EXT)
llama_graph_n_input_tensors: input tensor '                attn_inp_kq_mask' [f16, ne = {  9216,     1,     1,     1 }] is used by node 'node_1795' (FLASH_ATTN_EXT)
llama_graph_n_input_tensors: input tensor '                 attn_inp_v_idxs' [i64, ne = {     1,     1,     1,     1 }] is used by node 'cache_v_l0 (view)' (SET_ROWS)
llama_graph_n_input_tensors: input tensor '                 attn_inp_v_idxs' [i64, ne = {     1,     1,     1,     1 }] is used by node 'cache_v_l1 (view)' (SET_ROWS)
llama_graph_n_input_tensors: input tensor '                 attn_inp_v_idxs' [i64, ne = {     1,     1,     1,     1 }] is used by node 'cache_v_l2 (view)' (SET_ROWS)
llama_graph_n_input_tensors: input tensor '                 attn_inp_v_idxs' [i64, ne = {     1,     1,     1,     1 }] is used by node 'cache_v_l3 (view)' (SET_ROWS)
llama_graph_n_input_tensors: input tensor '                 attn_inp_v_idxs' [i64, ne = {     1,     1,     1,     1 }] is used by node 'cache_v_l4 (view)' (SET_ROWS)
llama_graph_n_input_tensors: input tensor '                 attn_inp_v_idxs' [i64, ne = {     1,     1,     1,     1 }] is used by node 'cache_v_l6 (view)' (SET_ROWS)
llama_graph_n_input_tensors: input tensor '                 attn_inp_v_idxs' [i64, ne = {     1,     1,     1,     1 }] is used by node 'cache_v_l7 (view)' (SET_ROWS)
llama_graph_n_input_tensors: input tensor '                 attn_inp_v_idxs' [i64, ne = {     1,     1,     1,     1 }] is used by node 'cache_v_l8 (view)' (SET_ROWS)
llama_graph_n_input_tensors: input tensor '                 attn_inp_v_idxs' [i64, ne = {     1,     1,     1,     1 }] is used by node 'cache_v_l9 (view)' (SET_ROWS)
llama_graph_n_input_tensors: input tensor '                 attn_inp_v_idxs' [i64, ne = {     1,     1,     1,     1 }] is used by node 'cache_v_l10 (view)' (SET_ROWS)
llama_graph_n_input_tensors: input tensor '                 attn_inp_v_idxs' [i64, ne = {     1,     1,     1,     1 }] is used by node 'cache_v_l12 (view)' (SET_ROWS)
llama_graph_n_input_tensors: input tensor '                 attn_inp_v_idxs' [i64, ne = {     1,     1,     1,     1 }] is used by node 'cache_v_l13 (view)' (SET_ROWS)
llama_graph_n_input_tensors: input tensor '                 attn_inp_v_idxs' [i64, ne = {     1,     1,     1,     1 }] is used by node 'cache_v_l14 (view)' (SET_ROWS)
llama_graph_n_input_tensors: input tensor '                 attn_inp_v_idxs' [i64, ne = {     1,     1,     1,     1 }] is used by node 'cache_v_l15 (view)' (SET_ROWS)
llama_graph_n_input_tensors: input tensor '                 attn_inp_v_idxs' [i64, ne = {     1,     1,     1,     1 }] is used by node 'cache_v_l16 (view)' (SET_ROWS)
llama_graph_n_input_tensors: input tensor '                 attn_inp_v_idxs' [i64, ne = {     1,     1,     1,     1 }] is used by node 'cache_v_l18 (view)' (SET_ROWS)
llama_graph_n_input_tensors: input tensor '                 attn_inp_v_idxs' [i64, ne = {     1,     1,     1,     1 }] is used by node 'cache_v_l19 (view)' (SET_ROWS)
llama_graph_n_input_tensors: input tensor '                 attn_inp_v_idxs' [i64, ne = {     1,     1,     1,     1 }] is used by node 'cache_v_l20 (view)' (SET_ROWS)
llama_graph_n_input_tensors: input tensor '                 attn_inp_v_idxs' [i64, ne = {     1,     1,     1,     1 }] is used by node 'cache_v_l21 (view)' (SET_ROWS)
llama_graph_n_input_tensors: input tensor '                 attn_inp_v_idxs' [i64, ne = {     1,     1,     1,     1 }] is used by node 'cache_v_l22 (view)' (SET_ROWS)
llama_graph_n_input_tensors: input tensor '                 attn_inp_k_idxs' [i64, ne = {     1,     1,     1,     1 }] is used by node 'cache_k_l0 (view)' (SET_ROWS)
llama_graph_n_input_tensors: input tensor '                 attn_inp_k_idxs' [i64, ne = {     1,     1,     1,     1 }] is used by node 'cache_k_l1 (view)' (SET_ROWS)
llama_graph_n_input_tensors: input tensor '                 attn_inp_k_idxs' [i64, ne = {     1,     1,     1,     1 }] is used by node 'cache_k_l2 (view)' (SET_ROWS)
llama_graph_n_input_tensors: input tensor '                 attn_inp_k_idxs' [i64, ne = {     1,     1,     1,     1 }] is used by node 'cache_k_l3 (view)' (SET_ROWS)
llama_graph_n_input_tensors: input tensor '                 attn_inp_k_idxs' [i64, ne = {     1,     1,     1,     1 }] is used by node 'cache_k_l4 (view)' (SET_ROWS)
llama_graph_n_input_tensors: input tensor '                 attn_inp_k_idxs' [i64, ne = {     1,     1,     1,     1 }] is used by node 'cache_k_l6 (view)' (SET_ROWS)
llama_graph_n_input_tensors: input tensor '                 attn_inp_k_idxs' [i64, ne = {     1,     1,     1,     1 }] is used by node 'cache_k_l7 (view)' (SET_ROWS)
llama_graph_n_input_tensors: input tensor '                 attn_inp_k_idxs' [i64, ne = {     1,     1,     1,     1 }] is used by node 'cache_k_l8 (view)' (SET_ROWS)
llama_graph_n_input_tensors: input tensor '                 attn_inp_k_idxs' [i64, ne = {     1,     1,     1,     1 }] is used by node 'cache_k_l9 (view)' (SET_ROWS)
llama_graph_n_input_tensors: input tensor '                 attn_inp_k_idxs' [i64, ne = {     1,     1,     1,     1 }] is used by node 'cache_k_l10 (view)' (SET_ROWS)
llama_graph_n_input_tensors: input tensor '                 attn_inp_k_idxs' [i64, ne = {     1,     1,     1,     1 }] is used by node 'cache_k_l12 (view)' (SET_ROWS)
llama_graph_n_input_tensors: input tensor '                 attn_inp_k_idxs' [i64, ne = {     1,     1,     1,     1 }] is used by node 'cache_k_l13 (view)' (SET_ROWS)
llama_graph_n_input_tensors: input tensor '                 attn_inp_k_idxs' [i64, ne = {     1,     1,     1,     1 }] is used by node 'cache_k_l14 (view)' (SET_ROWS)
llama_graph_n_input_tensors: input tensor '                 attn_inp_k_idxs' [i64, ne = {     1,     1,     1,     1 }] is used by node 'cache_k_l15 (view)' (SET_ROWS)
llama_graph_n_input_tensors: input tensor '                 attn_inp_k_idxs' [i64, ne = {     1,     1,     1,     1 }] is used by node 'cache_k_l16 (view)' (SET_ROWS)
llama_graph_n_input_tensors: input tensor '                 attn_inp_k_idxs' [i64, ne = {     1,     1,     1,     1 }] is used by node 'cache_k_l18 (view)' (SET_ROWS)
llama_graph_n_input_tensors: input tensor '                 attn_inp_k_idxs' [i64, ne = {     1,     1,     1,     1 }] is used by node 'cache_k_l19 (view)' (SET_ROWS)
llama_graph_n_input_tensors: input tensor '                 attn_inp_k_idxs' [i64, ne = {     1,     1,     1,     1 }] is used by node 'cache_k_l20 (view)' (SET_ROWS)
llama_graph_n_input_tensors: input tensor '                 attn_inp_k_idxs' [i64, ne = {     1,     1,     1,     1 }] is used by node 'cache_k_l21 (view)' (SET_ROWS)
llama_graph_n_input_tensors: input tensor '                 attn_inp_k_idxs' [i64, ne = {     1,     1,     1,     1 }] is used by node 'cache_k_l22 (view)' (SET_ROWS)
llama_graph_n_input_tensors: input tensor '                         inp_pos' [i32, ne = {     1,     1,     1,     1 }] is used by node 'Qcur_pos-0' (ROPE)
llama_graph_n_input_tensors: input tensor '                         inp_pos' [i32, ne = {     1,     1,     1,     1 }] is used by node 'Kcur_pos-0' (ROPE)
llama_graph_n_input_tensors: input tensor '                         inp_pos' [i32, ne = {     1,     1,     1,     1 }] is used by node 'Qcur_pos-1' (ROPE)
llama_graph_n_input_tensors: input tensor '                         inp_pos' [i32, ne = {     1,     1,     1,     1 }] is used by node 'Kcur_pos-1' (ROPE)
llama_graph_n_input_tensors: input tensor '                         inp_pos' [i32, ne = {     1,     1,     1,     1 }] is used by node 'Qcur_pos-2' (ROPE)
llama_graph_n_input_tensors: input tensor '                         inp_pos' [i32, ne = {     1,     1,     1,     1 }] is used by node 'Kcur_pos-2' (ROPE)
llama_graph_n_input_tensors: input tensor '                         inp_pos' [i32, ne = {     1,     1,     1,     1 }] is used by node 'Qcur_pos-3' (ROPE)
llama_graph_n_input_tensors: input tensor '                         inp_pos' [i32, ne = {     1,     1,     1,     1 }] is used by node 'Kcur_pos-3' (ROPE)
llama_graph_n_input_tensors: input tensor '                         inp_pos' [i32, ne = {     1,     1,     1,     1 }] is used by node 'Qcur_pos-4' (ROPE)
llama_graph_n_input_tensors: input tensor '                         inp_pos' [i32, ne = {     1,     1,     1,     1 }] is used by node 'Kcur_pos-4' (ROPE)
llama_graph_n_input_tensors: input tensor '                         inp_pos' [i32, ne = {     1,     1,     1,     1 }] is used by node 'Qcur_pos-5' (ROPE)
llama_graph_n_input_tensors: input tensor '                         inp_pos' [i32, ne = {     1,     1,     1,     1 }] is used by node 'Kcur_pos-5' (ROPE)
llama_graph_n_input_tensors: input tensor '                         inp_pos' [i32, ne = {     1,     1,     1,     1 }] is used by node 'Qcur_pos-6' (ROPE)
llama_graph_n_input_tensors: input tensor '                         inp_pos' [i32, ne = {     1,     1,     1,     1 }] is used by node 'Kcur_pos-6' (ROPE)
llama_graph_n_input_tensors: input tensor '                         inp_pos' [i32, ne = {     1,     1,     1,     1 }] is used by node 'Qcur_pos-7' (ROPE)
llama_graph_n_input_tensors: input tensor '                         inp_pos' [i32, ne = {     1,     1,     1,     1 }] is used by node 'Kcur_pos-7' (ROPE)
llama_graph_n_input_tensors: input tensor '                         inp_pos' [i32, ne = {     1,     1,     1,     1 }] is used by node 'Qcur_pos-8' (ROPE)
llama_graph_n_input_tensors: input tensor '                         inp_pos' [i32, ne = {     1,     1,     1,     1 }] is used by node 'Kcur_pos-8' (ROPE)
llama_graph_n_input_tensors: input tensor '                         inp_pos' [i32, ne = {     1,     1,     1,     1 }] is used by node 'Qcur_pos-9' (ROPE)
llama_graph_n_input_tensors: input tensor '                         inp_pos' [i32, ne = {     1,     1,     1,     1 }] is used by node 'Kcur_pos-9' (ROPE)
llama_graph_n_input_tensors: input tensor '                         inp_pos' [i32, ne = {     1,     1,     1,     1 }] is used by node 'Qcur_pos-10' (ROPE)
llama_graph_n_input_tensors: input tensor '                         inp_pos' [i32, ne = {     1,     1,     1,     1 }] is used by node 'Kcur_pos-10' (ROPE)
llama_graph_n_input_tensors: input tensor '                         inp_pos' [i32, ne = {     1,     1,     1,     1 }] is used by node 'Qcur_pos-11' (ROPE)
llama_graph_n_input_tensors: input tensor '                         inp_pos' [i32, ne = {     1,     1,     1,     1 }] is used by node 'Kcur_pos-11' (ROPE)
llama_graph_n_input_tensors: input tensor '                         inp_pos' [i32, ne = {     1,     1,     1,     1 }] is used by node 'Qcur_pos-12' (ROPE)
llama_graph_n_input_tensors: input tensor '                         inp_pos' [i32, ne = {     1,     1,     1,     1 }] is used by node 'Kcur_pos-12' (ROPE)
llama_graph_n_input_tensors: input tensor '                         inp_pos' [i32, ne = {     1,     1,     1,     1 }] is used by node 'Qcur_pos-13' (ROPE)
llama_graph_n_input_tensors: input tensor '                         inp_pos' [i32, ne = {     1,     1,     1,     1 }] is used by node 'Kcur_pos-13' (ROPE)
llama_graph_n_input_tensors: input tensor '                         inp_pos' [i32, ne = {     1,     1,     1,     1 }] is used by node 'Qcur_pos-14' (ROPE)
llama_graph_n_input_tensors: input tensor '                         inp_pos' [i32, ne = {     1,     1,     1,     1 }] is used by node 'Kcur_pos-14' (ROPE)
llama_graph_n_input_tensors: input tensor '                         inp_pos' [i32, ne = {     1,     1,     1,     1 }] is used by node 'Qcur_pos-15' (ROPE)
llama_graph_n_input_tensors: input tensor '                         inp_pos' [i32, ne = {     1,     1,     1,     1 }] is used by node 'Kcur_pos-15' (ROPE)
llama_graph_n_input_tensors: input tensor '                         inp_pos' [i32, ne = {     1,     1,     1,     1 }] is used by node 'Qcur_pos-16' (ROPE)
llama_graph_n_input_tensors: input tensor '                         inp_pos' [i32, ne = {     1,     1,     1,     1 }] is used by node 'Kcur_pos-16' (ROPE)
llama_graph_n_input_tensors: input tensor '                         inp_pos' [i32, ne = {     1,     1,     1,     1 }] is used by node 'Qcur_pos-17' (ROPE)
llama_graph_n_input_tensors: input tensor '                         inp_pos' [i32, ne = {     1,     1,     1,     1 }] is used by node 'Kcur_pos-17' (ROPE)
llama_graph_n_input_tensors: input tensor '                         inp_pos' [i32, ne = {     1,     1,     1,     1 }] is used by node 'Qcur_pos-18' (ROPE)
llama_graph_n_input_tensors: input tensor '                         inp_pos' [i32, ne = {     1,     1,     1,     1 }] is used by node 'Kcur_pos-18' (ROPE)
llama_graph_n_input_tensors: input tensor '                         inp_pos' [i32, ne = {     1,     1,     1,     1 }] is used by node 'Qcur_pos-19' (ROPE)
llama_graph_n_input_tensors: input tensor '                         inp_pos' [i32, ne = {     1,     1,     1,     1 }] is used by node 'Kcur_pos-19' (ROPE)
llama_graph_n_input_tensors: input tensor '                         inp_pos' [i32, ne = {     1,     1,     1,     1 }] is used by node 'Qcur_pos-20' (ROPE)
llama_graph_n_input_tensors: input tensor '                         inp_pos' [i32, ne = {     1,     1,     1,     1 }] is used by node 'Kcur_pos-20' (ROPE)
llama_graph_n_input_tensors: input tensor '                         inp_pos' [i32, ne = {     1,     1,     1,     1 }] is used by node 'Qcur_pos-21' (ROPE)
llama_graph_n_input_tensors: input tensor '                         inp_pos' [i32, ne = {     1,     1,     1,     1 }] is used by node 'Kcur_pos-21' (ROPE)
llama_graph_n_input_tensors: input tensor '                         inp_pos' [i32, ne = {     1,     1,     1,     1 }] is used by node 'Qcur_pos-22' (ROPE)
llama_graph_n_input_tensors: input tensor '                         inp_pos' [i32, ne = {     1,     1,     1,     1 }] is used by node 'Kcur_pos-22' (ROPE)
llama_graph_n_input_tensors: input tensor '                         inp_pos' [i32, ne = {     1,     1,     1,     1 }] is used by node 'Qcur_pos-23' (ROPE)
llama_graph_n_input_tensors: input tensor '                         inp_pos' [i32, ne = {     1,     1,     1,     1 }] is used by node 'Kcur_pos-23' (ROPE)
llama_graph_n_input_tensors: input tensor '                         inp_pos' [i32, ne = {     1,     1,     1,     1 }] is used by node 'Qcur_pos-24' (ROPE)
llama_graph_n_input_tensors: input tensor '                         inp_pos' [i32, ne = {     1,     1,     1,     1 }] is used by node 'Qcur_pos-25' (ROPE)
llama_graph_n_input_tensors: input tensor '                         inp_pos' [i32, ne = {     1,     1,     1,     1 }] is used by node 'Qcur_pos-26' (ROPE)
llama_graph_n_input_tensors: input tensor '                         inp_pos' [i32, ne = {     1,     1,     1,     1 }] is used by node 'Qcur_pos-27' (ROPE)
llama_graph_n_input_tensors: input tensor '                         inp_pos' [i32, ne = {     1,     1,     1,     1 }] is used by node 'Qcur_pos-28' (ROPE)
llama_graph_n_input_tensors: input tensor '                         inp_pos' [i32, ne = {     1,     1,     1,     1 }] is used by node 'Qcur_pos-29' (ROPE)
llama_graph_n_input_tensors: input tensor '                         inp_pos' [i32, ne = {     1,     1,     1,     1 }] is used by node 'Qcur_pos-30' (ROPE)
llama_graph_n_input_tensors: input tensor '                         inp_pos' [i32, ne = {     1,     1,     1,     1 }] is used by node 'Qcur_pos-31' (ROPE)
llama_graph_n_input_tensors: input tensor '                         inp_pos' [i32, ne = {     1,     1,     1,     1 }] is used by node 'Qcur_pos-32' (ROPE)
llama_graph_n_input_tensors: input tensor '                         inp_pos' [i32, ne = {     1,     1,     1,     1 }] is used by node 'Qcur_pos-33' (ROPE)
llama_graph_n_input_tensors: input tensor '                         inp_pos' [i32, ne = {     1,     1,     1,     1 }] is used by node 'Qcur_pos-34' (ROPE)
llama_graph_n_input_tensors: input tensor '                         inp_pos' [i32, ne = {     1,     1,     1,     1 }] is used by node 'Qcur_pos-35' (ROPE)
llama_graph_n_input_tensors: input tensor '                         inp_pos' [i32, ne = {     1,     1,     1,     1 }] is used by node 'Qcur_pos-36' (ROPE)
llama_graph_n_input_tensors: input tensor '                         inp_pos' [i32, ne = {     1,     1,     1,     1 }] is used by node 'Qcur_pos-37' (ROPE)
llama_graph_n_input_tensors: input tensor '                         inp_pos' [i32, ne = {     1,     1,     1,     1 }] is used by node 'Qcur_pos-38' (ROPE)
llama_graph_n_input_tensors: input tensor '                         inp_pos' [i32, ne = {     1,     1,     1,     1 }] is used by node 'Qcur_pos-39' (ROPE)
llama_graph_n_input_tensors: input tensor '                         inp_pos' [i32, ne = {     1,     1,     1,     1 }] is used by node 'Qcur_pos-40' (ROPE)
llama_graph_n_input_tensors: input tensor '                         inp_pos' [i32, ne = {     1,     1,     1,     1 }] is used by node 'Qcur_pos-41' (ROPE)
llama_graph_n_input_tensors: input tensor '                          leaf_4' [i32, ne = {     1,     1,     1,     1 }] is used by node 'node_1' (GET_ROWS)
llama_graph_n_input_tensors: input tensor '                      inp_tokens' [i32, ne = {     1,     1,     1,     1 }] is used by node 'embd' (GET_ROWS)
graph_reserve: reserving a graph for ubatch with n_tokens =  512, n_seqs =  1, n_outputs =  512
llama_graph_n_input_tensors: input tensor '                         out_ids' [i32, ne = {   512,     1,     1,     1 }] is used by node 'result_norm' (GET_ROWS)
llama_graph_n_input_tensors: input tensor '                attn_inp_kq_mask' [f16, ne = {  9216,   512,     1,     1 }] is used by node 'node_284' (FLASH_ATTN_EXT)
llama_graph_n_input_tensors: input tensor '                attn_inp_kq_mask' [f16, ne = {  9216,   512,     1,     1 }] is used by node 'node_578' (FLASH_ATTN_EXT)
llama_graph_n_input_tensors: input tensor '                attn_inp_kq_mask' [f16, ne = {  9216,   512,     1,     1 }] is used by node 'node_872' (FLASH_ATTN_EXT)
llama_graph_n_input_tensors: input tensor '                attn_inp_kq_mask' [f16, ne = {  9216,   512,     1,     1 }] is used by node 'node_1166' (FLASH_ATTN_EXT)
llama_graph_n_input_tensors: input tensor '                attn_inp_kq_mask' [f16, ne = {  9216,   512,     1,     1 }] is used by node 'node_1388' (FLASH_ATTN_EXT)
llama_graph_n_input_tensors: input tensor '                attn_inp_kq_mask' [f16, ne = {  9216,   512,     1,     1 }] is used by node 'node_1610' (FLASH_ATTN_EXT)
llama_graph_n_input_tensors: input tensor '                attn_inp_kq_mask' [f16, ne = {  9216,   512,     1,     1 }] is used by node 'node_1832' (FLASH_ATTN_EXT)
llama_graph_n_input_tensors: input tensor '                 attn_inp_v_idxs' [i64, ne = {   512,     1,     1,     1 }] is used by node 'cache_v_l5 (view)' (SET_ROWS)
llama_graph_n_input_tensors: input tensor '                 attn_inp_v_idxs' [i64, ne = {   512,     1,     1,     1 }] is used by node 'cache_v_l11 (view)' (SET_ROWS)
llama_graph_n_input_tensors: input tensor '                 attn_inp_v_idxs' [i64, ne = {   512,     1,     1,     1 }] is used by node 'cache_v_l17 (view)' (SET_ROWS)
llama_graph_n_input_tensors: input tensor '                 attn_inp_v_idxs' [i64, ne = {   512,     1,     1,     1 }] is used by node 'cache_v_l23 (view)' (SET_ROWS)
llama_graph_n_input_tensors: input tensor '                 attn_inp_k_idxs' [i64, ne = {   512,     1,     1,     1 }] is used by node 'cache_k_l5 (view)' (SET_ROWS)
llama_graph_n_input_tensors: input tensor '                 attn_inp_k_idxs' [i64, ne = {   512,     1,     1,     1 }] is used by node 'cache_k_l11 (view)' (SET_ROWS)
llama_graph_n_input_tensors: input tensor '                 attn_inp_k_idxs' [i64, ne = {   512,     1,     1,     1 }] is used by node 'cache_k_l17 (view)' (SET_ROWS)
llama_graph_n_input_tensors: input tensor '                 attn_inp_k_idxs' [i64, ne = {   512,     1,     1,     1 }] is used by node 'cache_k_l23 (view)' (SET_ROWS)
llama_graph_n_input_tensors: input tensor '                attn_inp_kq_mask' [f16, ne = {  9216,   512,     1,     1 }] is used by node 'node_30' (FLASH_ATTN_EXT)
llama_graph_n_input_tensors: input tensor '                attn_inp_kq_mask' [f16, ne = {  9216,   512,     1,     1 }] is used by node 'node_88' (FLASH_ATTN_EXT)
llama_graph_n_input_tensors: input tensor '                attn_inp_kq_mask' [f16, ne = {  9216,   512,     1,     1 }] is used by node 'node_137' (FLASH_ATTN_EXT)
llama_graph_n_input_tensors: input tensor '                attn_inp_kq_mask' [f16, ne = {  9216,   512,     1,     1 }] is used by node 'node_186' (FLASH_ATTN_EXT)
llama_graph_n_input_tensors: input tensor '                attn_inp_kq_mask' [f16, ne = {  9216,   512,     1,     1 }] is used by node 'node_235' (FLASH_ATTN_EXT)
llama_graph_n_input_tensors: input tensor '                attn_inp_kq_mask' [f16, ne = {  9216,   512,     1,     1 }] is used by node 'node_333' (FLASH_ATTN_EXT)
llama_graph_n_input_tensors: input tensor '                attn_inp_kq_mask' [f16, ne = {  9216,   512,     1,     1 }] is used by node 'node_382' (FLASH_ATTN_EXT)
llama_graph_n_input_tensors: input tensor '                attn_inp_kq_mask' [f16, ne = {  9216,   512,     1,     1 }] is used by node 'node_431' (FLASH_ATTN_EXT)
llama_graph_n_input_tensors: input tensor '                attn_inp_kq_mask' [f16, ne = {  9216,   512,     1,     1 }] is used by node 'node_480' (FLASH_ATTN_EXT)
llama_graph_n_input_tensors: input tensor '                attn_inp_kq_mask' [f16, ne = {  9216,   512,     1,     1 }] is used by node 'node_529' (FLASH_ATTN_EXT)
llama_graph_n_input_tensors: input tensor '                attn_inp_kq_mask' [f16, ne = {  9216,   512,     1,     1 }] is used by node 'node_627' (FLASH_ATTN_EXT)
llama_graph_n_input_tensors: input tensor '                attn_inp_kq_mask' [f16, ne = {  9216,   512,     1,     1 }] is used by node 'node_676' (FLASH_ATTN_EXT)
llama_graph_n_input_tensors: input tensor '                attn_inp_kq_mask' [f16, ne = {  9216,   512,     1,     1 }] is used by node 'node_725' (FLASH_ATTN_EXT)
llama_graph_n_input_tensors: input tensor '                attn_inp_kq_mask' [f16, ne = {  9216,   512,     1,     1 }] is used by node 'node_774' (FLASH_ATTN_EXT)
llama_graph_n_input_tensors: input tensor '                attn_inp_kq_mask' [f16, ne = {  9216,   512,     1,     1 }] is used by node 'node_823' (FLASH_ATTN_EXT)
llama_graph_n_input_tensors: input tensor '                attn_inp_kq_mask' [f16, ne = {  9216,   512,     1,     1 }] is used by node 'node_921' (FLASH_ATTN_EXT)
llama_graph_n_input_tensors: input tensor '                attn_inp_kq_mask' [f16, ne = {  9216,   512,     1,     1 }] is used by node 'node_970' (FLASH_ATTN_EXT)
llama_graph_n_input_tensors: input tensor '                attn_inp_kq_mask' [f16, ne = {  9216,   512,     1,     1 }] is used by node 'node_1019' (FLASH_ATTN_EXT)
llama_graph_n_input_tensors: input tensor '                attn_inp_kq_mask' [f16, ne = {  9216,   512,     1,     1 }] is used by node 'node_1068' (FLASH_ATTN_EXT)
llama_graph_n_input_tensors: input tensor '                attn_inp_kq_mask' [f16, ne = {  9216,   512,     1,     1 }] is used by node 'node_1117' (FLASH_ATTN_EXT)
llama_graph_n_input_tensors: input tensor '                attn_inp_kq_mask' [f16, ne = {  9216,   512,     1,     1 }] is used by node 'node_1203' (FLASH_ATTN_EXT)
llama_graph_n_input_tensors: input tensor '                attn_inp_kq_mask' [f16, ne = {  9216,   512,     1,     1 }] is used by node 'node_1240' (FLASH_ATTN_EXT)
llama_graph_n_input_tensors: input tensor '                attn_inp_kq_mask' [f16, ne = {  9216,   512,     1,     1 }] is used by node 'node_1277' (FLASH_ATTN_EXT)
llama_graph_n_input_tensors: input tensor '                attn_inp_kq_mask' [f16, ne = {  9216,   512,     1,     1 }] is used by node 'node_1314' (FLASH_ATTN_EXT)
llama_graph_n_input_tensors: input tensor '                attn_inp_kq_mask' [f16, ne = {  9216,   512,     1,     1 }] is used by node 'node_1351' (FLASH_ATTN_EXT)
llama_graph_n_input_tensors: input tensor '                attn_inp_kq_mask' [f16, ne = {  9216,   512,     1,     1 }] is used by node 'node_1425' (FLASH_ATTN_EXT)
llama_graph_n_input_tensors: input tensor '                attn_inp_kq_mask' [f16, ne = {  9216,   512,     1,     1 }] is used by node 'node_1462' (FLASH_ATTN_EXT)
llama_graph_n_input_tensors: input tensor '                attn_inp_kq_mask' [f16, ne = {  9216,   512,     1,     1 }] is used by node 'node_1499' (FLASH_ATTN_EXT)
llama_graph_n_input_tensors: input tensor '                attn_inp_kq_mask' [f16, ne = {  9216,   512,     1,     1 }] is used by node 'node_1536' (FLASH_ATTN_EXT)
llama_graph_n_input_tensors: input tensor '                attn_inp_kq_mask' [f16, ne = {  9216,   512,     1,     1 }] is used by node 'node_1573' (FLASH_ATTN_EXT)
llama_graph_n_input_tensors: input tensor '                attn_inp_kq_mask' [f16, ne = {  9216,   512,     1,     1 }] is used by node 'node_1647' (FLASH_ATTN_EXT)
llama_graph_n_input_tensors: input tensor '                attn_inp_kq_mask' [f16, ne = {  9216,   512,     1,     1 }] is used by node 'node_1684' (FLASH_ATTN_EXT)
llama_graph_n_input_tensors: input tensor '                attn_inp_kq_mask' [f16, ne = {  9216,   512,     1,     1 }] is used by node 'node_1721' (FLASH_ATTN_EXT)
llama_graph_n_input_tensors: input tensor '                attn_inp_kq_mask' [f16, ne = {  9216,   512,     1,     1 }] is used by node 'node_1758' (FLASH_ATTN_EXT)
llama_graph_n_input_tensors: input tensor '                attn_inp_kq_mask' [f16, ne = {  9216,   512,     1,     1 }] is used by node 'node_1795' (FLASH_ATTN_EXT)
llama_graph_n_input_tensors: input tensor '                 attn_inp_v_idxs' [i64, ne = {   512,     1,     1,     1 }] is used by node 'cache_v_l0 (view)' (SET_ROWS)
llama_graph_n_input_tensors: input tensor '                 attn_inp_v_idxs' [i64, ne = {   512,     1,     1,     1 }] is used by node 'cache_v_l1 (view)' (SET_ROWS)
llama_graph_n_input_tensors: input tensor '                 attn_inp_v_idxs' [i64, ne = {   512,     1,     1,     1 }] is used by node 'cache_v_l2 (view)' (SET_ROWS)
llama_graph_n_input_tensors: input tensor '                 attn_inp_v_idxs' [i64, ne = {   512,     1,     1,     1 }] is used by node 'cache_v_l3 (view)' (SET_ROWS)
llama_graph_n_input_tensors: input tensor '                 attn_inp_v_idxs' [i64, ne = {   512,     1,     1,     1 }] is used by node 'cache_v_l4 (view)' (SET_ROWS)
llama_graph_n_input_tensors: input tensor '                 attn_inp_v_idxs' [i64, ne = {   512,     1,     1,     1 }] is used by node 'cache_v_l6 (view)' (SET_ROWS)
llama_graph_n_input_tensors: input tensor '                 attn_inp_v_idxs' [i64, ne = {   512,     1,     1,     1 }] is used by node 'cache_v_l7 (view)' (SET_ROWS)
llama_graph_n_input_tensors: input tensor '                 attn_inp_v_idxs' [i64, ne = {   512,     1,     1,     1 }] is used by node 'cache_v_l8 (view)' (SET_ROWS)
llama_graph_n_input_tensors: input tensor '                 attn_inp_v_idxs' [i64, ne = {   512,     1,     1,     1 }] is used by node 'cache_v_l9 (view)' (SET_ROWS)
llama_graph_n_input_tensors: input tensor '                 attn_inp_v_idxs' [i64, ne = {   512,     1,     1,     1 }] is used by node 'cache_v_l10 (view)' (SET_ROWS)
llama_graph_n_input_tensors: input tensor '                 attn_inp_v_idxs' [i64, ne = {   512,     1,     1,     1 }] is used by node 'cache_v_l12 (view)' (SET_ROWS)
llama_graph_n_input_tensors: input tensor '                 attn_inp_v_idxs' [i64, ne = {   512,     1,     1,     1 }] is used by node 'cache_v_l13 (view)' (SET_ROWS)
llama_graph_n_input_tensors: input tensor '                 attn_inp_v_idxs' [i64, ne = {   512,     1,     1,     1 }] is used by node 'cache_v_l14 (view)' (SET_ROWS)
llama_graph_n_input_tensors: input tensor '                 attn_inp_v_idxs' [i64, ne = {   512,     1,     1,     1 }] is used by node 'cache_v_l15 (view)' (SET_ROWS)
llama_graph_n_input_tensors: input tensor '                 attn_inp_v_idxs' [i64, ne = {   512,     1,     1,     1 }] is used by node 'cache_v_l16 (view)' (SET_ROWS)
llama_graph_n_input_tensors: input tensor '                 attn_inp_v_idxs' [i64, ne = {   512,     1,     1,     1 }] is used by node 'cache_v_l18 (view)' (SET_ROWS)
llama_graph_n_input_tensors: input tensor '                 attn_inp_v_idxs' [i64, ne = {   512,     1,     1,     1 }] is used by node 'cache_v_l19 (view)' (SET_ROWS)
llama_graph_n_input_tensors: input tensor '                 attn_inp_v_idxs' [i64, ne = {   512,     1,     1,     1 }] is used by node 'cache_v_l20 (view)' (SET_ROWS)
llama_graph_n_input_tensors: input tensor '                 attn_inp_v_idxs' [i64, ne = {   512,     1,     1,     1 }] is used by node 'cache_v_l21 (view)' (SET_ROWS)
llama_graph_n_input_tensors: input tensor '                 attn_inp_v_idxs' [i64, ne = {   512,     1,     1,     1 }] is used by node 'cache_v_l22 (view)' (SET_ROWS)
llama_graph_n_input_tensors: input tensor '                 attn_inp_k_idxs' [i64, ne = {   512,     1,     1,     1 }] is used by node 'cache_k_l0 (view)' (SET_ROWS)
llama_graph_n_input_tensors: input tensor '                 attn_inp_k_idxs' [i64, ne = {   512,     1,     1,     1 }] is used by node 'cache_k_l1 (view)' (SET_ROWS)
llama_graph_n_input_tensors: input tensor '                 attn_inp_k_idxs' [i64, ne = {   512,     1,     1,     1 }] is used by node 'cache_k_l2 (view)' (SET_ROWS)
llama_graph_n_input_tensors: input tensor '                 attn_inp_k_idxs' [i64, ne = {   512,     1,     1,     1 }] is used by node 'cache_k_l3 (view)' (SET_ROWS)
llama_graph_n_input_tensors: input tensor '                 attn_inp_k_idxs' [i64, ne = {   512,     1,     1,     1 }] is used by node 'cache_k_l4 (view)' (SET_ROWS)
llama_graph_n_input_tensors: input tensor '                 attn_inp_k_idxs' [i64, ne = {   512,     1,     1,     1 }] is used by node 'cache_k_l6 (view)' (SET_ROWS)
llama_graph_n_input_tensors: input tensor '                 attn_inp_k_idxs' [i64, ne = {   512,     1,     1,     1 }] is used by node 'cache_k_l7 (view)' (SET_ROWS)
llama_graph_n_input_tensors: input tensor '                 attn_inp_k_idxs' [i64, ne = {   512,     1,     1,     1 }] is used by node 'cache_k_l8 (view)' (SET_ROWS)
llama_graph_n_input_tensors: input tensor '                 attn_inp_k_idxs' [i64, ne = {   512,     1,     1,     1 }] is used by node 'cache_k_l9 (view)' (SET_ROWS)
llama_graph_n_input_tensors: input tensor '                 attn_inp_k_idxs' [i64, ne = {   512,     1,     1,     1 }] is used by node 'cache_k_l10 (view)' (SET_ROWS)
llama_graph_n_input_tensors: input tensor '                 attn_inp_k_idxs' [i64, ne = {   512,     1,     1,     1 }] is used by node 'cache_k_l12 (view)' (SET_ROWS)
llama_graph_n_input_tensors: input tensor '                 attn_inp_k_idxs' [i64, ne = {   512,     1,     1,     1 }] is used by node 'cache_k_l13 (view)' (SET_ROWS)
llama_graph_n_input_tensors: input tensor '                 attn_inp_k_idxs' [i64, ne = {   512,     1,     1,     1 }] is used by node 'cache_k_l14 (view)' (SET_ROWS)
llama_graph_n_input_tensors: input tensor '                 attn_inp_k_idxs' [i64, ne = {   512,     1,     1,     1 }] is used by node 'cache_k_l15 (view)' (SET_ROWS)
llama_graph_n_input_tensors: input tensor '                 attn_inp_k_idxs' [i64, ne = {   512,     1,     1,     1 }] is used by node 'cache_k_l16 (view)' (SET_ROWS)
llama_graph_n_input_tensors: input tensor '                 attn_inp_k_idxs' [i64, ne = {   512,     1,     1,     1 }] is used by node 'cache_k_l18 (view)' (SET_ROWS)
llama_graph_n_input_tensors: input tensor '                 attn_inp_k_idxs' [i64, ne = {   512,     1,     1,     1 }] is used by node 'cache_k_l19 (view)' (SET_ROWS)
llama_graph_n_input_tensors: input tensor '                 attn_inp_k_idxs' [i64, ne = {   512,     1,     1,     1 }] is used by node 'cache_k_l20 (view)' (SET_ROWS)
llama_graph_n_input_tensors: input tensor '                 attn_inp_k_idxs' [i64, ne = {   512,     1,     1,     1 }] is used by node 'cache_k_l21 (view)' (SET_ROWS)
llama_graph_n_input_tensors: input tensor '                 attn_inp_k_idxs' [i64, ne = {   512,     1,     1,     1 }] is used by node 'cache_k_l22 (view)' (SET_ROWS)
llama_graph_n_input_tensors: input tensor '                         inp_pos' [i32, ne = {   512,     1,     1,     1 }] is used by node 'Qcur_pos-0' (ROPE)
llama_graph_n_input_tensors: input tensor '                         inp_pos' [i32, ne = {   512,     1,     1,     1 }] is used by node 'Kcur_pos-0' (ROPE)
llama_graph_n_input_tensors: input tensor '                         inp_pos' [i32, ne = {   512,     1,     1,     1 }] is used by node 'Qcur_pos-1' (ROPE)
llama_graph_n_input_tensors: input tensor '                         inp_pos' [i32, ne = {   512,     1,     1,     1 }] is used by node 'Kcur_pos-1' (ROPE)
llama_graph_n_input_tensors: input tensor '                         inp_pos' [i32, ne = {   512,     1,     1,     1 }] is used by node 'Qcur_pos-2' (ROPE)
llama_graph_n_input_tensors: input tensor '                         inp_pos' [i32, ne = {   512,     1,     1,     1 }] is used by node 'Kcur_pos-2' (ROPE)
llama_graph_n_input_tensors: input tensor '                         inp_pos' [i32, ne = {   512,     1,     1,     1 }] is used by node 'Qcur_pos-3' (ROPE)
llama_graph_n_input_tensors: input tensor '                         inp_pos' [i32, ne = {   512,     1,     1,     1 }] is used by node 'Kcur_pos-3' (ROPE)
llama_graph_n_input_tensors: input tensor '                         inp_pos' [i32, ne = {   512,     1,     1,     1 }] is used by node 'Qcur_pos-4' (ROPE)
llama_graph_n_input_tensors: input tensor '                         inp_pos' [i32, ne = {   512,     1,     1,     1 }] is used by node 'Kcur_pos-4' (ROPE)
llama_graph_n_input_tensors: input tensor '                         inp_pos' [i32, ne = {   512,     1,     1,     1 }] is used by node 'Qcur_pos-5' (ROPE)
llama_graph_n_input_tensors: input tensor '                         inp_pos' [i32, ne = {   512,     1,     1,     1 }] is used by node 'Kcur_pos-5' (ROPE)
llama_graph_n_input_tensors: input tensor '                         inp_pos' [i32, ne = {   512,     1,     1,     1 }] is used by node 'Qcur_pos-6' (ROPE)
llama_graph_n_input_tensors: input tensor '                         inp_pos' [i32, ne = {   512,     1,     1,     1 }] is used by node 'Kcur_pos-6' (ROPE)
llama_graph_n_input_tensors: input tensor '                         inp_pos' [i32, ne = {   512,     1,     1,     1 }] is used by node 'Qcur_pos-7' (ROPE)
llama_graph_n_input_tensors: input tensor '                         inp_pos' [i32, ne = {   512,     1,     1,     1 }] is used by node 'Kcur_pos-7' (ROPE)
llama_graph_n_input_tensors: input tensor '                         inp_pos' [i32, ne = {   512,     1,     1,     1 }] is used by node 'Qcur_pos-8' (ROPE)
llama_graph_n_input_tensors: input tensor '                         inp_pos' [i32, ne = {   512,     1,     1,     1 }] is used by node 'Kcur_pos-8' (ROPE)
llama_graph_n_input_tensors: input tensor '                         inp_pos' [i32, ne = {   512,     1,     1,     1 }] is used by node 'Qcur_pos-9' (ROPE)
llama_graph_n_input_tensors: input tensor '                         inp_pos' [i32, ne = {   512,     1,     1,     1 }] is used by node 'Kcur_pos-9' (ROPE)
llama_graph_n_input_tensors: input tensor '                         inp_pos' [i32, ne = {   512,     1,     1,     1 }] is used by node 'Qcur_pos-10' (ROPE)
llama_graph_n_input_tensors: input tensor '                         inp_pos' [i32, ne = {   512,     1,     1,     1 }] is used by node 'Kcur_pos-10' (ROPE)
llama_graph_n_input_tensors: input tensor '                         inp_pos' [i32, ne = {   512,     1,     1,     1 }] is used by node 'Qcur_pos-11' (ROPE)
llama_graph_n_input_tensors: input tensor '                         inp_pos' [i32, ne = {   512,     1,     1,     1 }] is used by node 'Kcur_pos-11' (ROPE)
llama_graph_n_input_tensors: input tensor '                         inp_pos' [i32, ne = {   512,     1,     1,     1 }] is used by node 'Qcur_pos-12' (ROPE)
llama_graph_n_input_tensors: input tensor '                         inp_pos' [i32, ne = {   512,     1,     1,     1 }] is used by node 'Kcur_pos-12' (ROPE)
llama_graph_n_input_tensors: input tensor '                         inp_pos' [i32, ne = {   512,     1,     1,     1 }] is used by node 'Qcur_pos-13' (ROPE)
llama_graph_n_input_tensors: input tensor '                         inp_pos' [i32, ne = {   512,     1,     1,     1 }] is used by node 'Kcur_pos-13' (ROPE)
llama_graph_n_input_tensors: input tensor '                         inp_pos' [i32, ne = {   512,     1,     1,     1 }] is used by node 'Qcur_pos-14' (ROPE)
llama_graph_n_input_tensors: input tensor '                         inp_pos' [i32, ne = {   512,     1,     1,     1 }] is used by node 'Kcur_pos-14' (ROPE)
llama_graph_n_input_tensors: input tensor '                         inp_pos' [i32, ne = {   512,     1,     1,     1 }] is used by node 'Qcur_pos-15' (ROPE)
llama_graph_n_input_tensors: input tensor '                         inp_pos' [i32, ne = {   512,     1,     1,     1 }] is used by node 'Kcur_pos-15' (ROPE)
llama_graph_n_input_tensors: input tensor '                         inp_pos' [i32, ne = {   512,     1,     1,     1 }] is used by node 'Qcur_pos-16' (ROPE)
llama_graph_n_input_tensors: input tensor '                         inp_pos' [i32, ne = {   512,     1,     1,     1 }] is used by node 'Kcur_pos-16' (ROPE)
llama_graph_n_input_tensors: input tensor '                         inp_pos' [i32, ne = {   512,     1,     1,     1 }] is used by node 'Qcur_pos-17' (ROPE)
llama_graph_n_input_tensors: input tensor '                         inp_pos' [i32, ne = {   512,     1,     1,     1 }] is used by node 'Kcur_pos-17' (ROPE)
llama_graph_n_input_tensors: input tensor '                         inp_pos' [i32, ne = {   512,     1,     1,     1 }] is used by node 'Qcur_pos-18' (ROPE)
llama_graph_n_input_tensors: input tensor '                         inp_pos' [i32, ne = {   512,     1,     1,     1 }] is used by node 'Kcur_pos-18' (ROPE)
llama_graph_n_input_tensors: input tensor '                         inp_pos' [i32, ne = {   512,     1,     1,     1 }] is used by node 'Qcur_pos-19' (ROPE)
llama_graph_n_input_tensors: input tensor '                         inp_pos' [i32, ne = {   512,     1,     1,     1 }] is used by node 'Kcur_pos-19' (ROPE)
llama_graph_n_input_tensors: input tensor '                         inp_pos' [i32, ne = {   512,     1,     1,     1 }] is used by node 'Qcur_pos-20' (ROPE)
llama_graph_n_input_tensors: input tensor '                         inp_pos' [i32, ne = {   512,     1,     1,     1 }] is used by node 'Kcur_pos-20' (ROPE)
llama_graph_n_input_tensors: input tensor '                         inp_pos' [i32, ne = {   512,     1,     1,     1 }] is used by node 'Qcur_pos-21' (ROPE)
llama_graph_n_input_tensors: input tensor '                         inp_pos' [i32, ne = {   512,     1,     1,     1 }] is used by node 'Kcur_pos-21' (ROPE)
llama_graph_n_input_tensors: input tensor '                         inp_pos' [i32, ne = {   512,     1,     1,     1 }] is used by node 'Qcur_pos-22' (ROPE)
llama_graph_n_input_tensors: input tensor '                         inp_pos' [i32, ne = {   512,     1,     1,     1 }] is used by node 'Kcur_pos-22' (ROPE)
llama_graph_n_input_tensors: input tensor '                         inp_pos' [i32, ne = {   512,     1,     1,     1 }] is used by node 'Qcur_pos-23' (ROPE)
llama_graph_n_input_tensors: input tensor '                         inp_pos' [i32, ne = {   512,     1,     1,     1 }] is used by node 'Kcur_pos-23' (ROPE)
llama_graph_n_input_tensors: input tensor '                         inp_pos' [i32, ne = {   512,     1,     1,     1 }] is used by node 'Qcur_pos-24' (ROPE)
llama_graph_n_input_tensors: input tensor '                         inp_pos' [i32, ne = {   512,     1,     1,     1 }] is used by node 'Qcur_pos-25' (ROPE)
llama_graph_n_input_tensors: input tensor '                         inp_pos' [i32, ne = {   512,     1,     1,     1 }] is used by node 'Qcur_pos-26' (ROPE)
llama_graph_n_input_tensors: input tensor '                         inp_pos' [i32, ne = {   512,     1,     1,     1 }] is used by node 'Qcur_pos-27' (ROPE)
llama_graph_n_input_tensors: input tensor '                         inp_pos' [i32, ne = {   512,     1,     1,     1 }] is used by node 'Qcur_pos-28' (ROPE)
llama_graph_n_input_tensors: input tensor '                         inp_pos' [i32, ne = {   512,     1,     1,     1 }] is used by node 'Qcur_pos-29' (ROPE)
llama_graph_n_input_tensors: input tensor '                         inp_pos' [i32, ne = {   512,     1,     1,     1 }] is used by node 'Qcur_pos-30' (ROPE)
llama_graph_n_input_tensors: input tensor '                         inp_pos' [i32, ne = {   512,     1,     1,     1 }] is used by node 'Qcur_pos-31' (ROPE)
llama_graph_n_input_tensors: input tensor '                         inp_pos' [i32, ne = {   512,     1,     1,     1 }] is used by node 'Qcur_pos-32' (ROPE)
llama_graph_n_input_tensors: input tensor '                         inp_pos' [i32, ne = {   512,     1,     1,     1 }] is used by node 'Qcur_pos-33' (ROPE)
llama_graph_n_input_tensors: input tensor '                         inp_pos' [i32, ne = {   512,     1,     1,     1 }] is used by node 'Qcur_pos-34' (ROPE)
llama_graph_n_input_tensors: input tensor '                         inp_pos' [i32, ne = {   512,     1,     1,     1 }] is used by node 'Qcur_pos-35' (ROPE)
llama_graph_n_input_tensors: input tensor '                         inp_pos' [i32, ne = {   512,     1,     1,     1 }] is used by node 'Qcur_pos-36' (ROPE)
llama_graph_n_input_tensors: input tensor '                         inp_pos' [i32, ne = {   512,     1,     1,     1 }] is used by node 'Qcur_pos-37' (ROPE)
llama_graph_n_input_tensors: input tensor '                         inp_pos' [i32, ne = {   512,     1,     1,     1 }] is used by node 'Qcur_pos-38' (ROPE)
llama_graph_n_input_tensors: input tensor '                         inp_pos' [i32, ne = {   512,     1,     1,     1 }] is used by node 'Qcur_pos-39' (ROPE)
llama_graph_n_input_tensors: input tensor '                         inp_pos' [i32, ne = {   512,     1,     1,     1 }] is used by node 'Qcur_pos-40' (ROPE)
llama_graph_n_input_tensors: input tensor '                         inp_pos' [i32, ne = {   512,     1,     1,     1 }] is used by node 'Qcur_pos-41' (ROPE)
llama_graph_n_input_tensors: input tensor '                          leaf_4' [i32, ne = {   512,     1,     1,     1 }] is used by node 'node_1' (GET_ROWS)
llama_graph_n_input_tensors: input tensor '                      inp_tokens' [i32, ne = {   512,     1,     1,     1 }] is used by node 'embd' (GET_ROWS)
sched_reserve:      CUDA0 compute buffer size =   522.00 MiB
sched_reserve:  CUDA_Host compute buffer size =    23.02 MiB
sched_reserve: graph: nodes = 1863, splits = 1, input objects = 5, input tensors = 10
sched_reserve: reserve took 20.17 ms, sched copies = 1
before=8780 image_tokens=300 after=7 positions=9087 embedding_width=2560 answers=512
answer_0 id=3066 logit=22.5242252
answer_1 id=6552 logit=28.1885586
answer_2 id=26204 logit=23.7122402
answer_3 id=7172 logit=23.334774
answer_4 id=5856 logit=23.2854919
answer_5 id=4815 logit=26.3504562
answer_6 id=10032 logit=21.3562374
answer_7 id=14983 logit=26.5973053
answer_8 id=5299 logit=23.32407
answer_9 id=32698 logit=26.8491344
answer_10 id=26574 logit=23.0097618
answer_11 id=11319 logit=21.2677994
answer_12 id=4868 logit=25.1207962
answer_13 id=4383 logit=19.3764858
answer_14 id=10209 logit=20.9018269
answer_15 id=6597 logit=18.9161034
answer_16 id=42958 logit=25.2632885
answer_17 id=4428 logit=23.2734337
answer_18 id=32118 logit=20.5641041
answer_19 id=8121 logit=22.4128628
answer_20 id=10669 logit=16.1274891
answer_21 id=13422 logit=17.0132313
answer_22 id=14015 logit=21.6674137
answer_23 id=174666 logit=25.0703316
answer_24 id=49011 logit=17.970253
answer_25 id=40205 logit=23.331852
answer_26 id=2466 logit=16.2564106
answer_27 id=20804 logit=20.9759655
answer_28 id=6329 logit=14.0623837
answer_29 id=6270 logit=21.0139122
answer_30 id=2413 logit=12.0131636
answer_31 id=38131 logit=22.4535923
answer_32 id=8242 logit=20.9899921
answer_33 id=61026 logit=19.9404411
answer_34 id=7692 logit=19.6150608
answer_35 id=85752 logit=23.1595268
answer_36 id=39773 logit=18.7228985
answer_37 id=11234 logit=14.450819
answer_38 id=11792 logit=19.510603
answer_39 id=31140 logit=14.0858688
answer_40 id=4340 logit=21.2754936
answer_41 id=14346 logit=7.31167889
answer_42 id=175388 logit=22.9239616
answer_43 id=15247 logit=18.5654926
answer_44 id=8209 logit=12.7133646
answer_45 id=40352 logit=17.8927956
answer_46 id=13551 logit=14.5102701
answer_47 id=65626 logit=13.0400734
answer_48 id=43121 logit=14.0500307
answer_49 id=105596 logit=15.9827328
answer_50 id=112830 logit=16.8282661
answer_51 id=135897 logit=12.9803228
answer_52 id=11558 logit=15.1916885
answer_53 id=5901 logit=21.8565216
answer_54 id=13880 logit=11.829875
answer_55 id=12622 logit=17.9985657
answer_56 id=28135 logit=16.7465801
answer_57 id=11962 logit=18.0133171
answer_58 id=11925 logit=13.321682
answer_59 id=24084 logit=15.7542782
answer_60 id=2011 logit=17.0775776
answer_61 id=70923 logit=18.0545349
answer_62 id=11998 logit=14.8853006
answer_63 id=19749 logit=5.04281425
answer_64 id=7273 logit=8.78629303
answer_65 id=10284 logit=7.34509754
answer_66 id=3253 logit=15.4179668
answer_67 id=4110 logit=17.876503
answer_68 id=67442 logit=16.0388374
answer_69 id=1357 logit=20.3231335
answer_70 id=1989 logit=15.0794096
answer_71 id=11666 logit=15.3483276
answer_72 id=9135 logit=5.0098362
answer_73 id=15191 logit=13.2656307
answer_74 id=34485 logit=12.1022682
answer_75 id=92732 logit=19.6430416
answer_76 id=145821 logit=10.5403299
answer_77 id=121577 logit=15.4904976
answer_78 id=2807 logit=15.8559408
answer_79 id=11217 logit=18.7698154
answer_80 id=17956 logit=11.5281239
answer_81 id=21738 logit=14.1342402
answer_82 id=63426 logit=16.034399
answer_83 id=17179 logit=16.5084324
answer_84 id=8809 logit=13.4030132
answer_85 id=14563 logit=13.4621677
answer_86 id=1735 logit=5.71017551
answer_87 id=49651 logit=16.0078049
answer_88 id=61655 logit=9.01466846
answer_89 id=1618 logit=14.1856508
answer_90 id=18111 logit=10.8736382
answer_91 id=2885 logit=12.7908001
answer_92 id=19069 logit=16.096159
answer_93 id=30844 logit=9.20794773
answer_94 id=109450 logit=15.8760815
answer_95 id=33833 logit=17.0629559
answer_96 id=31675 logit=11.9363556
answer_97 id=5270 logit=13.5630465
answer_98 id=4708 logit=8.71576405
answer_99 id=15513 logit=7.5382762
answer_100 id=31284 logit=12.4877968
answer_101 id=118377 logit=13.2885437
answer_102 id=66943 logit=9.02094269
answer_103 id=7942 logit=16.2464485
answer_104 id=20211 logit=19.3698292
answer_105 id=28671 logit=17.0637913
answer_106 id=2293 logit=17.4300995
answer_107 id=4070 logit=19.0366287
answer_108 id=102109 logit=20.7416706
answer_109 id=5495 logit=16.5781384
answer_110 id=15015 logit=13.0045977
answer_111 id=2808 logit=16.0559387
answer_112 id=6354 logit=12.2850027
answer_113 id=40264 logit=16.5999641
answer_114 id=67904 logit=17.3869171
answer_115 id=43102 logit=10.4555435
answer_116 id=31301 logit=11.5688791
answer_117 id=6136 logit=10.7682524
answer_118 id=3692 logit=13.5403442
answer_119 id=19018 logit=12.7865267
answer_120 id=129909 logit=19.201376
answer_121 id=37278 logit=17.5358124
answer_122 id=7510 logit=17.9291801
answer_123 id=65669 logit=14.843956
answer_124 id=14436 logit=12.4586601
answer_125 id=11818 logit=12.5347519
answer_126 id=11284 logit=17.4331684
answer_127 id=144052 logit=11.0026817
answer_128 id=146606 logit=6.99845791
answer_129 id=113442 logit=16.9953842
answer_130 id=57902 logit=18.207386
answer_131 id=54684 logit=19.197998
answer_132 id=81265 logit=17.7394562
answer_133 id=7332 logit=9.97942352
answer_134 id=46570 logit=18.1812572
answer_135 id=40807 logit=15.5671463
answer_136 id=30389 logit=9.49194717
answer_137 id=37030 logit=13.2244396
answer_138 id=2996 logit=10.5279236
answer_139 id=131192 logit=13.7841797
answer_140 id=41410 logit=11.4728165
answer_141 id=38158 logit=10.6869421
answer_142 id=64240 logit=13.1440439
answer_143 id=38531 logit=14.9408789
answer_144 id=6973 logit=15.4382048
answer_145 id=9402 logit=17.7474289
answer_146 id=141650 logit=16.1594257
answer_147 id=53708 logit=21.802166
answer_148 id=5491 logit=15.3191414
answer_149 id=4989 logit=17.4597607
answer_150 id=5920 logit=11.3414078
answer_151 id=75741 logit=11.1753254
answer_152 id=60573 logit=11.0951643
answer_153 id=217844 logit=12.2009249
answer_154 id=227933 logit=19.724678
answer_155 id=83202 logit=20.1149426
answer_156 id=9978 logit=15.7162247
answer_157 id=48367 logit=20.982975
answer_158 id=20045 logit=14.3085022
answer_159 id=54634 logit=16.7833481
answer_160 id=3387 logit=17.1202316
answer_161 id=8537 logit=14.7888107
answer_162 id=32701 logit=15.1000319
answer_163 id=40325 logit=12.4596891
answer_164 id=4490 logit=11.9314508
answer_165 id=124501 logit=18.227457
answer_166 id=172679 logit=16.0543003
answer_167 id=22547 logit=13.4347219
answer_168 id=12154 logit=11.0704575
answer_169 id=14702 logit=11.0885315
answer_170 id=181472 logit=15.7333984
answer_171 id=3516 logit=14.9594212
answer_172 id=187241 logit=18.6826229
answer_173 id=5610 logit=14.5517769
answer_174 id=21775 logit=14.7831278
answer_175 id=17578 logit=16.5760765
answer_176 id=176863 logit=5.67269135
answer_177 id=97658 logit=13.5124331
answer_178 id=98352 logit=12.3475752
answer_179 id=69396 logit=16.3404999
answer_180 id=142625 logit=14.8186874
answer_181 id=73173 logit=15.0600567
answer_182 id=1565 logit=16.0651855
answer_183 id=11526 logit=19.2245884
answer_184 id=5094 logit=14.2736845
answer_185 id=9982 logit=10.5051203
answer_186 id=3158 logit=15.7044554
answer_187 id=191318 logit=21.0197716
answer_188 id=17508 logit=14.8248501
answer_189 id=26722 logit=20.2564659
answer_190 id=107007 logit=10.9932308
answer_191 id=70243 logit=13.4485435
answer_192 id=40797 logit=9.79597855
answer_193 id=199718 logit=13.3923769
answer_194 id=78645 logit=14.9686775
answer_195 id=16014 logit=15.7900944
answer_196 id=7676 logit=12.1351175
answer_197 id=99553 logit=17.6040878
answer_198 id=121482 logit=19.3133583
answer_199 id=136559 logit=17.1399765
answer_200 id=12747 logit=18.2298069
answer_201 id=179222 logit=15.7097502
answer_202 id=17827 logit=9.15374756
answer_203 id=14031 logit=11.6686573
answer_204 id=21326 logit=20.2610435
answer_205 id=230041 logit=7.52154255
answer_206 id=64261 logit=8.19861412
answer_207 id=114705 logit=12.6617184
answer_208 id=1936 logit=20.9628696
answer_209 id=127017 logit=16.862154
answer_210 id=10087 logit=18.024271
answer_211 id=43793 logit=17.9473
answer_212 id=1439 logit=13.7487345
answer_213 id=49512 logit=14.7550879
answer_214 id=118670 logit=17.3814831
answer_215 id=139168 logit=17.3507671
answer_216 id=19994 logit=9.27052975
answer_217 id=80166 logit=18.3963699
answer_218 id=37130 logit=5.01246452
answer_219 id=2182 logit=12.1192818
answer_220 id=56423 logit=12.5695314
answer_221 id=54222 logit=10.8975544
answer_222 id=3769 logit=18.3046227
answer_223 id=32436 logit=15.9888
answer_224 id=114699 logit=17.0489197
answer_225 id=66677 logit=10.600069
answer_226 id=13215 logit=9.78584385
answer_227 id=19193 logit=17.8098927
answer_228 id=4057 logit=12.1982508
answer_229 id=224468 logit=11.3507605
answer_230 id=29894 logit=17.219965
answer_231 id=49128 logit=13.3114948
answer_232 id=152427 logit=14.6020584
answer_233 id=89387 logit=13.9338827
answer_234 id=1536 logit=20.3385029
answer_235 id=8017 logit=21.1371098
answer_236 id=9353 logit=15.7110319
answer_237 id=12536 logit=15.1973085
answer_238 id=6864 logit=12.8324823
answer_239 id=7750 logit=18.2088909
answer_240 id=9179 logit=17.9482765
answer_241 id=31581 logit=15.1525517
answer_242 id=3334 logit=17.8197079
answer_243 id=29351 logit=16.7419853
answer_244 id=47488 logit=5.16486788
answer_245 id=13062 logit=14.9492731
answer_246 id=3620 logit=16.1020298
answer_247 id=66359 logit=13.1048737
answer_248 id=4206 logit=18.9711914
answer_249 id=5672 logit=9.43289661
answer_250 id=7555 logit=19.1957722
answer_251 id=8407 logit=19.1508026
answer_252 id=19763 logit=15.4880743
answer_253 id=20008 logit=12.7665033
answer_254 id=4200 logit=9.11776924
answer_255 id=42017 logit=3.00344062
answer_256 id=15378 logit=13.5006151
answer_257 id=90295 logit=12.0490379
answer_258 id=45339 logit=10.4306107
answer_259 id=62650 logit=16.6546402
answer_260 id=2663 logit=11.9347401
answer_261 id=16070 logit=20.2252216
answer_262 id=2457 logit=21.029808
answer_263 id=48774 logit=14.4469986
answer_264 id=13237 logit=20.9970245
answer_265 id=32479 logit=18.3056278
answer_266 id=24464 logit=11.0739422
answer_267 id=17287 logit=14.7609682
answer_268 id=2783 logit=15.8453484
answer_269 id=67480 logit=18.2951889
answer_270 id=43891 logit=12.7174282
answer_271 id=21664 logit=8.9595623
answer_272 id=8395 logit=14.7555265
answer_273 id=13200 logit=12.4554033
answer_274 id=1140 logit=12.6005964
answer_275 id=10192 logit=12.9251299
answer_276 id=101748 logit=17.0089951
answer_277 id=36154 logit=18.2451515
answer_278 id=6120 logit=14.4276934
answer_279 id=6257 logit=12.3010988
answer_280 id=3743 logit=12.1408844
answer_281 id=19137 logit=12.4604225
answer_282 id=24436 logit=13.1542473
answer_283 id=110284 logit=15.609314
answer_284 id=67032 logit=10.4614878
answer_285 id=201587 logit=14.5324574
answer_286 id=80055 logit=20.2776871
answer_287 id=10589 logit=20.5077896
answer_288 id=7618 logit=14.427845
answer_289 id=10009 logit=12.2196531
answer_290 id=38254 logit=20.5928955
answer_291 id=12041 logit=15.2284632
answer_292 id=36875 logit=14.1341944
answer_293 id=10858 logit=10.5965891
answer_294 id=1204 logit=18.4878178
answer_295 id=27651 logit=17.3160324
answer_296 id=31823 logit=12.1667757
answer_297 id=168863 logit=13.1109962
answer_298 id=21241 logit=15.9716234
answer_299 id=7018 logit=20.7403374
answer_300 id=5228 logit=13.6819286
answer_301 id=16739 logit=15.2755718
answer_302 id=90229 logit=20.0087223
answer_303 id=2073 logit=18.0993519
answer_304 id=39892 logit=20.3282795
answer_305 id=7216 logit=11.4054642
answer_306 id=6507 logit=9.02762222
answer_307 id=97999 logit=12.5479031
answer_308 id=49489 logit=14.5082855
answer_309 id=66013 logit=11.6385374
answer_310 id=185620 logit=13.3130236
answer_311 id=107527 logit=13.2046108
answer_312 id=1425 logit=23.5650558
answer_313 id=8791 logit=20.793499
answer_314 id=85549 logit=20.1968842
answer_315 id=10904 logit=13.6966343
answer_316 id=1089 logit=16.7996273
answer_317 id=123622 logit=19.0314293
answer_318 id=10677 logit=19.2714062
answer_319 id=18835 logit=16.9624786
answer_320 id=6462 logit=12.6269989
answer_321 id=25086 logit=18.1852455
answer_322 id=149739 logit=12.7316236
answer_323 id=27349 logit=10.9163313
answer_324 id=5153 logit=10.34725
answer_325 id=6510 logit=15.724164
answer_326 id=1579 logit=17.9912491
answer_327 id=4885 logit=16.9604511
answer_328 id=59920 logit=18.0471992
answer_329 id=11288 logit=15.3242378
answer_330 id=4870 logit=15.6468668
answer_331 id=6553 logit=13.4788189
answer_332 id=2402 logit=13.0926485
answer_333 id=23124 logit=17.3114719
answer_334 id=224042 logit=13.213027
answer_335 id=60216 logit=18.6352806
answer_336 id=16649 logit=13.1678438
answer_337 id=142946 logit=17.5908012
answer_338 id=1375 logit=15.1914062
answer_339 id=159610 logit=20.0717506
answer_340 id=1692 logit=16.5746841
answer_341 id=137414 logit=14.52145
answer_342 id=1740 logit=17.5000477
answer_343 id=11869 logit=19.7718792
answer_344 id=23172 logit=16.1065159
answer_345 id=98264 logit=16.5187778
answer_346 id=4012 logit=11.1871738
answer_347 id=185763 logit=18.5792065
answer_348 id=14488 logit=6.70619345
answer_349 id=15843 logit=9.56112099
answer_350 id=64452 logit=18.0813694
answer_351 id=14341 logit=14.3481846
answer_352 id=3354 logit=18.7034531
answer_353 id=83793 logit=15.1410275
answer_354 id=58093 logit=19.5644512
answer_355 id=139732 logit=21.5959072
answer_356 id=1393 logit=18.5493126
answer_357 id=5911 logit=22.3092804
answer_358 id=3118 logit=11.8663578
answer_359 id=20134 logit=12.3325377
answer_360 id=16877 logit=21.2167873
answer_361 id=102489 logit=15.6495323
answer_362 id=103637 logit=14.1090174
answer_363 id=115240 logit=16.0178185
answer_364 id=22258 logit=17.270546
answer_365 id=5580 logit=16.1025581
answer_366 id=33186 logit=15.8367577
answer_367 id=7560 logit=19.5251064
answer_368 id=2406 logit=15.6633749
answer_369 id=7627 logit=10.6281605
answer_370 id=202788 logit=14.1211414
answer_371 id=17372 logit=15.2125702
answer_372 id=79463 logit=12.6191339
answer_373 id=85371 logit=13.9198494
answer_374 id=38536 logit=12.7368841
answer_375 id=35592 logit=8.67620468
answer_376 id=9512 logit=12.5755129
answer_377 id=39951 logit=11.9914532
answer_378 id=2586 logit=15.7119083
answer_379 id=7719 logit=16.658947
answer_380 id=38943 logit=18.7254066
answer_381 id=12971 logit=18.8901863
answer_382 id=13204 logit=11.5219908
answer_383 id=14182 logit=16.2293835
answer_384 id=2170 logit=11.234889
answer_385 id=146578 logit=10.0549726
answer_386 id=10124 logit=15.8424158
answer_387 id=43635 logit=12.3634262
answer_388 id=195427 logit=14.3834076
answer_389 id=166123 logit=11.8975229
answer_390 id=7008 logit=18.3270206
answer_391 id=8462 logit=19.3593102
answer_392 id=20741 logit=16.8833523
answer_393 id=8925 logit=15.1799831
answer_394 id=30722 logit=13.7177801
answer_395 id=44519 logit=15.5332336
answer_396 id=11124 logit=16.6987495
answer_397 id=11767 logit=17.7843323
answer_398 id=3359 logit=17.116888
answer_399 id=21083 logit=19.6419811
answer_400 id=82883 logit=15.201293
answer_401 id=29547 logit=11.4895554
answer_402 id=5352 logit=10.3642244
answer_403 id=47149 logit=17.9677563
answer_404 id=7328 logit=11.7241602
answer_405 id=7847 logit=13.5202522
answer_406 id=49421 logit=19.0981445
answer_407 id=69198 logit=14.6004467
answer_408 id=51774 logit=14.9909534
answer_409 id=47747 logit=16.1128349
answer_410 id=58565 logit=4.4978466
answer_411 id=25291 logit=12.6889658
answer_412 id=27985 logit=14.7047625
answer_413 id=91257 logit=14.881403
answer_414 id=115575 logit=6.03668165
answer_415 id=149729 logit=14.8657188
answer_416 id=35066 logit=19.8994427
answer_417 id=75007 logit=15.7066994
answer_418 id=63746 logit=11.4886761
answer_419 id=11965 logit=14.3456621
answer_420 id=22486 logit=14.7312202
answer_421 id=61688 logit=15.2839766
answer_422 id=26943 logit=13.4613657
answer_423 id=4080 logit=12.8419695
answer_424 id=1768 logit=15.7008848
answer_425 id=74158 logit=16.3973923
answer_426 id=57137 logit=13.1944847
answer_427 id=53844 logit=7.67695332
answer_428 id=52048 logit=14.6597576
answer_429 id=80382 logit=14.9219389
answer_430 id=5130 logit=15.6428661
answer_431 id=11152 logit=15.08148
answer_432 id=44359 logit=17.9282913
answer_433 id=62004 logit=13.1064348
answer_434 id=23729 logit=14.8953171
answer_435 id=52468 logit=21.0004082
answer_436 id=27898 logit=15.9889412
answer_437 id=8394 logit=10.7239618
answer_438 id=46489 logit=18.2192516
answer_439 id=11002 logit=20.1388664
answer_440 id=152119 logit=16.9059162
answer_441 id=97688 logit=15.4088421
answer_442 id=26428 logit=19.0371742
answer_443 id=121922 logit=20.0105076
answer_444 id=82279 logit=23.1080837
answer_445 id=42771 logit=8.86306381
answer_446 id=2201 logit=18.~llama_context:      CUDA0 compute buffer size is 522.0000 MiB, matches expectation of 522.0000 MiB
~llama_context:  CUDA_Host compute buffer size is  23.0234 MiB, matches expectation of  23.0234 MiB
8484554
answer_447 id=27330 logit=16.3853016
answer_448 id=60572 logit=12.9001408
answer_449 id=47281 logit=16.9629631
answer_450 id=3767 logit=16.1431389
answer_451 id=93537 logit=14.0699844
answer_452 id=85703 logit=15.2579994
answer_453 id=122609 logit=18.6306572
answer_454 id=19397 logit=10.906744
answer_455 id=107310 logit=15.7043877
answer_456 id=85558 logit=21.6572723
answer_457 id=32185 logit=16.2827892
answer_458 id=10524 logit=20.1015072
answer_459 id=73849 logit=19.7733154
answer_460 id=26932 logit=20.6737385
answer_461 id=20520 logit=22.4720764
answer_462 id=31333 logit=20.3910217
answer_463 id=49150 logit=8.64339256
answer_464 id=155366 logit=18.2563763
answer_465 id=20820 logit=21.5567989
answer_466 id=33990 logit=13.6188202
answer_467 id=69683 logit=20.7399578
answer_468 id=5790 logit=18.7813702
answer_469 id=19470 logit=23.2592449
answer_470 id=40736 logit=22.3963509
answer_471 id=39399 logit=18.6788673
answer_472 id=6594 logit=14.0998507
answer_473 id=36991 logit=19.2733459
answer_474 id=59141 logit=14.5947428
answer_475 id=32207 logit=19.460331
answer_476 id=13399 logit=19.4808331
answer_477 id=112054 logit=20.3292198
answer_478 id=38354 logit=20.5999851
answer_479 id=15062 logit=15.9069958
answer_480 id=20074 logit=21.4901752
answer_481 id=23551 logit=18.1782856
answer_482 id=51784 logit=19.4693336
answer_483 id=61203 logit=12.6098089
answer_484 id=170536 logit=18.1669979
answer_485 id=76633 logit=19.8726196
answer_486 id=127810 logit=19.0125427
answer_487 id=76845 logit=18.8153553
answer_488 id=65724 logit=13.5873346
answer_489 id=96565 logit=11.400239
answer_490 id=84484 logit=19.0487633
answer_491 id=37446 logit=17.1441536
answer_492 id=65827 logit=12.4756222
answer_493 id=48976 logit=16.0676174
answer_494 id=25862 logit=24.8248634
answer_495 id=153766 logit=19.6317997
answer_496 id=129399 logit=17.7502136
answer_497 id=164367 logit=16.9554806
answer_498 id=79526 logit=16.2730465
answer_499 id=175992 logit=15.2644911
answer_500 id=34144 logit=20.3230076
answer_501 id=158347 logit=19.187706
answer_502 id=14527 logit=10.6942511
answer_503 id=117930 logit=16.2765999
answer_504 id=180193 logit=11.6704197
answer_505 id=88876 logit=15.268178
answer_506 id=29214 logit=17.9967651
answer_507 id=82926 logit=16.862421
answer_508 id=177892 logit=22.1493874
answer_509 id=22965 logit=25.893013
answer_510 id=121517 logit=24.9491329
answer_511 id=22897 logit=23.4529438
