ggml_cuda_init: found 1 CUDA devices (Total VRAM: 7800 MiB):
  Device 0: NVIDIA GeForce RTX 2060 SUPER, compute capability 7.5, VMM: yes, VRAM: 7800 MiB
llama_model_loader: loaded meta data with 56 key-value pairs and 720 tensors from /opt/sinobuz/copula/openjev-ggml/models/e4b/gemma-4-E4B-it-Q4_K_M.gguf (version GGUF V3 (latest))
llama_model_loader: Dumping metadata keys/values. Note: KV overrides do not apply in this output.
llama_model_loader: - kv   0:                       general.architecture str              = gemma4
llama_model_loader: - kv   1:                               general.type str              = model
llama_model_loader: - kv   2:                     general.sampling.top_k i32              = 64
llama_model_loader: - kv   3:                     general.sampling.top_p f32              = 0.950000
llama_model_loader: - kv   4:                      general.sampling.temp f32              = 1.000000
llama_model_loader: - kv   5:                               general.name str              = Gemma-4-E4B-It
llama_model_loader: - kv   6:                           general.basename str              = Gemma-4-E4B-It
llama_model_loader: - kv   7:                       general.quantized_by str              = Unsloth
llama_model_loader: - kv   8:                         general.size_label str              = 7.5B
llama_model_loader: - kv   9:                            general.license str              = apache-2.0
llama_model_loader: - kv  10:                       general.license.link str              = https://ai.google.dev/gemma/docs/gemm...
llama_model_loader: - kv  11:                           general.repo_url str              = https://huggingface.co/unsloth
llama_model_loader: - kv  12:                   general.base_model.count u32              = 1
llama_model_loader: - kv  13:                  general.base_model.0.name str              = Gemma 4 E4B It
llama_model_loader: - kv  14:          general.base_model.0.organization str              = Google
llama_model_loader: - kv  15:              general.base_model.0.repo_url str              = https://huggingface.co/google/gemma-4...
llama_model_loader: - kv  16:                               general.tags arr[str,2]       = ["unsloth", "any-to-any"]
llama_model_loader: - kv  17:                         gemma4.block_count u32              = 42
llama_model_loader: - kv  18:                      gemma4.context_length u32              = 131072
llama_model_loader: - kv  19:                    gemma4.embedding_length u32              = 2560
llama_model_loader: - kv  20:                 gemma4.feed_forward_length u32              = 10240
llama_model_loader: - kv  21:                gemma4.attention.head_count u32              = 8
llama_model_loader: - kv  22:             gemma4.attention.head_count_kv u32              = 2
llama_model_loader: - kv  23:                      gemma4.rope.freq_base f32              = 1000000.000000
llama_model_loader: - kv  24:                  gemma4.rope.freq_base_swa f32              = 10000.000000
llama_model_loader: - kv  25:    gemma4.attention.layer_norm_rms_epsilon f32              = 0.000001
llama_model_loader: - kv  26:                gemma4.attention.key_length u32              = 512
llama_model_loader: - kv  27:              gemma4.attention.value_length u32              = 512
llama_model_loader: - kv  28:             gemma4.final_logit_softcapping f32              = 30.000000
llama_model_loader: - kv  29:            gemma4.attention.sliding_window u32              = 512
llama_model_loader: - kv  30:          gemma4.attention.shared_kv_layers u32              = 18
llama_model_loader: - kv  31:    gemma4.embedding_length_per_layer_input u32              = 256
llama_model_loader: - kv  32:    gemma4.attention.sliding_window_pattern arr[bool,42]     = [true, true, true, true, true, false,...
llama_model_loader: - kv  33:            gemma4.attention.key_length_swa u32              = 256
llama_model_loader: - kv  34:          gemma4.attention.value_length_swa u32              = 256
llama_model_loader: - kv  35:                gemma4.rope.dimension_count u32              = 512
llama_model_loader: - kv  36:            gemma4.rope.dimension_count_swa u32              = 256
llama_model_loader: - kv  37:                       tokenizer.ggml.model str              = gemma4
llama_model_loader: - kv  38:                      tokenizer.ggml.tokens arr[str,262144]  = ["<pad>", "<eos>", "<bos>", "<unk>", ...
llama_model_loader: - kv  39:                      tokenizer.ggml.scores arr[f32,262144]  = [-1000.000000, -1000.000000, -1000.00...
llama_model_loader: - kv  40:                  tokenizer.ggml.token_type arr[i32,262144]  = [3, 1, 3, 3, 3, 1, 1, 1, 1, 1, 1, 1, ...
llama_model_loader: - kv  41:                      tokenizer.ggml.merges arr[str,514906]  = ["\n\n\n\n\n\n\n\n\n\n\n\n\n\n\n\n\n\n\n\n\n\n\n\n\n\n\n\n\n\n \n", ...
llama_model_loader: - kv  42:                tokenizer.ggml.bos_token_id u32              = 2
llama_model_loader: - kv  43:                tokenizer.ggml.eos_token_id u32              = 106
llama_model_loader: - kv  44:            tokenizer.ggml.unknown_token_id u32              = 3
llama_model_loader: - kv  45:            tokenizer.ggml.padding_token_id u32              = 0
llama_model_loader: - kv  46:               tokenizer.ggml.mask_token_id u32              = 4
llama_model_loader: - kv  47:            tokenizer.ggml.add_space_prefix bool             = false
llama_model_loader: - kv  48:               tokenizer.ggml.add_bos_token bool             = true
llama_model_loader: - kv  49:               general.quantization_version u32              = 2
llama_model_loader: - kv  50:                          general.file_type u32              = 15
llama_model_loader: - kv  51:                      quantize.imatrix.file str              = gemma-4-E4B-it-GGUF/imatrix_unsloth.gguf
llama_model_loader: - kv  52:                   quantize.imatrix.dataset str              = unsloth_calibration_gemma-4-E4B-it.txt
llama_model_loader: - kv  53:             quantize.imatrix.entries_count u32              = 342
llama_model_loader: - kv  54:              quantize.imatrix.chunks_count u32              = 141
llama_model_loader: - kv  55:                    tokenizer.chat_template str              = {%- macro format_parameters(propertie...
llama_model_loader: - type  f32:  423 tensors
llama_model_loader: - type q4_K:  253 tensors
llama_model_loader: - type q5_K:    1 tensors
llama_model_loader: - type q6_K:   42 tensors
llama_model_loader: - type bf16:    1 tensors
print_info: file format = GGUF V3 (latest)
print_info: file type   = Q4_K - Medium
print_info: file size   = 4.62 GiB (5.28 BPW) 
llama_prepare_model_devices: using device CUDA0 (NVIDIA GeForce RTX 2060 SUPER) (0000:af:00.0) - 7707 MiB free
init_tokenizer: initializing tokenizer for type 2
load: 0 unused tokens
load: control token: 258884 '<|video|>' is not marked as EOG
load: control token: 255999 '<|image>' is not marked as EOG
load: control token: 258882 '<image|>' is not marked as EOG
load: control token: 258883 '<audio|>' is not marked as EOG
load: control token:     98 '<|think|>' is not marked as EOG
load: control token:    105 '<|turn>' is not marked as EOG
load: control token: 258880 '<|image|>' is not marked as EOG
load: control token:      2 '<bos>' is not marked as EOG
load: control-looking token:    212 '</s>' was not control-type; this is probably a bug in the model. its type will be overridden
load: control token:      0 '<pad>' is not marked as EOG
load: control-looking token:     50 '<|tool_response>' was not control-type; this is probably a bug in the model. its type will be overridden
load: control token:     46 '<|tool>' is not marked as EOG
load: control token:     47 '<tool|>' is not marked as EOG
load: control token: 256000 '<|audio>' is not marked as EOG
load: control token:      3 '<unk>' is not marked as EOG
load: control token: 258881 '<|audio|>' is not marked as EOG
load: control-looking token:      1 '<eos>' was not control-type; this is probably a bug in the model. its type will be overridden
load: control token:      4 '<mask>' is not marked as EOG
load: printing all EOG tokens:
load:   - 1 ('<eos>')
load:   - 50 ('<|tool_response>')
load:   - 106 ('<turn|>')
load:   - 212 ('</s>')
load: '</s>' is a normal token here, removing it from EOG list
load: special tokens cache size = 24
load: token to piece cache size = 1.9445 MB
print_info: arch                  = gemma4
print_info: vocab_only            = 0
print_info: no_alloc              = 0
print_info: n_ctx_train           = 131072
print_info: n_embd_inp            = 2560
print_info: n_embd                = 2560
print_info: n_embd_out            = 2560
print_info: n_layer               = 42
print_info: n_layer_all           = 42
print_info: n_head                = 8
print_info: n_head_kv             = 2
print_info: n_rot                 = 512
print_info: n_swa                 = 512
print_info: is_swa_any            = 1
print_info: non_causal_type       = 1
print_info: n_embd_head_k         = 512
print_info: n_embd_head_v         = 512
print_info: n_gqa                 = 4
print_info: n_embd_k_gqa          = [512, 512, 512, 512, 512, 1024, 512, 512, 512, 512, 512, 1024, 512, 512, 512, 512, 512, 1024, 512, 512, 512, 512, 512, 1024, 512, 512, 512, 512, 512, 1024, 512, 512, 512, 512, 512, 1024, 512, 512, 512, 512, 512, 1024]
print_info: n_embd_v_gqa          = [512, 512, 512, 512, 512, 1024, 512, 512, 512, 512, 512, 1024, 512, 512, 512, 512, 512, 1024, 512, 512, 512, 512, 512, 1024, 512, 512, 512, 512, 512, 1024, 512, 512, 512, 512, 512, 1024, 512, 512, 512, 512, 512, 1024]
print_info: f_norm_eps            = 0.0e+00
print_info: f_norm_rms_eps        = 1.0e-06
print_info: f_clamp_kqv           = 0.0e+00
print_info: f_max_alibi_bias      = 0.0e+00
print_info: f_logit_scale         = 0.0e+00
print_info: f_attn_scale          = 1.0e+00
print_info: f_attn_value_scale    = 0.0000
print_info: n_ff                  = 10240
print_info: n_expert              = 0
print_info: n_expert_used         = 0
print_info: n_expert_groups       = 0
print_info: n_group_used          = 0
print_info: causal attn           = 1
print_info: pooling type          = -1
print_info: rope type             = 2
print_info: rope scaling          = linear
print_info: freq_base_train       = 1000000.0
print_info: freq_scale_train      = 1
print_info: freq_base_swa         = 10000.0
print_info: freq_scale_swa        = 1
print_info: n_embd_head_k_swa     = 256
print_info: n_embd_head_v_swa     = 256
print_info: n_rot_swa             = 256
print_info: n_ctx_orig_yarn       = 131072
print_info: rope_yarn_log_mul     = 0.0000
print_info: rope_finetuned        = unknown
print_info: model type            = E4B
print_info: model params          = 7.52 B
print_info: general.name          = Gemma-4-E4B-It
print_info: vocab type            = BPE
print_info: n_vocab               = 262144
print_info: n_merges              = 514906
print_info: BOS token             = 2 '<bos>'
print_info: EOS token             = 106 '<turn|>'
print_info: UNK token             = 3 '<unk>'
print_info: PAD token             = 0 '<pad>'
print_info: MASK token            = 4 '<mask>'
print_info: LF token              = 107 '
'
print_info: EOG token             = 1 '<eos>'
print_info: EOG token             = 50 '<|tool_response>'
print_info: EOG token             = 106 '<turn|>'
print_info: max token length      = 93
load_tensors: loading model tensors, this can take a while... (load_mode = mmap)
load_tensors: layer   0 assigned to device CUDA0, is_swa = 1
load_tensors: layer   1 assigned to device CUDA0, is_swa = 1
load_tensors: layer   2 assigned to device CUDA0, is_swa = 1
load_tensors: layer   3 assigned to device CUDA0, is_swa = 1
load_tensors: layer   4 assigned to device CUDA0, is_swa = 1
load_tensors: layer   5 assigned to device CUDA0, is_swa = 0
load_tensors: layer   6 assigned to device CUDA0, is_swa = 1
load_tensors: layer   7 assigned to device CUDA0, is_swa = 1
load_tensors: layer   8 assigned to device CUDA0, is_swa = 1
load_tensors: layer   9 assigned to device CUDA0, is_swa = 1
load_tensors: layer  10 assigned to device CUDA0, is_swa = 1
load_tensors: layer  11 assigned to device CUDA0, is_swa = 0
load_tensors: layer  12 assigned to device CUDA0, is_swa = 1
load_tensors: layer  13 assigned to device CUDA0, is_swa = 1
load_tensors: layer  14 assigned to device CUDA0, is_swa = 1
load_tensors: layer  15 assigned to device CUDA0, is_swa = 1
load_tensors: layer  16 assigned to device CUDA0, is_swa = 1
load_tensors: layer  17 assigned to device CUDA0, is_swa = 0
load_tensors: layer  18 assigned to device CUDA0, is_swa = 1
load_tensors: layer  19 assigned to device CUDA0, is_swa = 1
load_tensors: layer  20 assigned to device CUDA0, is_swa = 1
load_tensors: layer  21 assigned to device CUDA0, is_swa = 1
load_tensors: layer  22 assigned to device CUDA0, is_swa = 1
load_tensors: layer  23 assigned to device CUDA0, is_swa = 0
load_tensors: layer  24 assigned to device CUDA0, is_swa = 1
load_tensors: layer  25 assigned to device CUDA0, is_swa = 1
load_tensors: layer  26 assigned to device CUDA0, is_swa = 1
load_tensors: layer  27 assigned to device CUDA0, is_swa = 1
load_tensors: layer  28 assigned to device CUDA0, is_swa = 1
load_tensors: layer  29 assigned to device CUDA0, is_swa = 0
load_tensors: layer  30 assigned to device CUDA0, is_swa = 1
load_tensors: layer  31 assigned to device CUDA0, is_swa = 1
load_tensors: layer  32 assigned to device CUDA0, is_swa = 1
load_tensors: layer  33 assigned to device CUDA0, is_swa = 1
load_tensors: layer  34 assigned to device CUDA0, is_swa = 1
load_tensors: layer  35 assigned to device CUDA0, is_swa = 0
load_tensors: layer  36 assigned to device CUDA0, is_swa = 1
load_tensors: layer  37 assigned to device CUDA0, is_swa = 1
load_tensors: layer  38 assigned to device CUDA0, is_swa = 1
load_tensors: layer  39 assigned to device CUDA0, is_swa = 1
load_tensors: layer  40 assigned to device CUDA0, is_swa = 1
load_tensors: layer  41 assigned to device CUDA0, is_swa = 0
load_tensors: layer  42 assigned to device CUDA0, is_swa = 0
create_tensor: loading tensor output.weight
create_tensor: loading tensor token_embd.weight
tensor token_embd.weight (360 MiB q4_K) buffer type overridden to CUDA0
create_tensor: loading tensor token_embd.weight
tensor token_embd.weight (360 MiB q4_K) buffer type overridden to CUDA0
create_tensor: loading tensor per_layer_token_embd.weight
tensor per_layer_token_embd.weight (1848 MiB q5_K) buffer type overridden to CUDA0
create_tensor: loading tensor per_layer_model_proj.weight
tensor per_layer_model_proj.weight (52 MiB bf16) buffer type overridden to CUDA0
create_tensor: loading tensor per_layer_proj_norm.weight
tensor per_layer_proj_norm.weight (0 MiB f32) buffer type overridden to CUDA0
create_tensor: loading tensor output_norm.weight
tensor output_norm.weight (0 MiB f32) buffer type overridden to CUDA0
create_tensor: loading tensor blk.0.attn_norm.weight
tensor blk.0.attn_norm.weight (0 MiB f32) buffer type overridden to CUDA0
create_tensor: loading tensor blk.0.attn_qkv.weight
create_tensor: loading tensor blk.0.attn_q.weight
tensor blk.0.attn_q.weight (2 MiB q4_K) buffer type overridden to CUDA0
create_tensor: loading tensor blk.0.attn_k.weight
tensor blk.0.attn_k.weight (0 MiB q4_K) buffer type overridden to CUDA0
create_tensor: loading tensor blk.0.attn_v.weight
tensor blk.0.attn_v.weight (1 MiB q6_K) buffer type overridden to CUDA0
create_tensor: loading tensor blk.0.attn_output.weight
tensor blk.0.attn_output.weight (2 MiB q4_K) buffer type overridden to CUDA0
create_tensor: loading tensor blk.0.attn_q_norm.weight
tensor blk.0.attn_q_norm.weight (0 MiB f32) buffer type overridden to CUDA0
create_tensor: loading tensor blk.0.attn_k_norm.weight
tensor blk.0.attn_k_norm.weight (0 MiB f32) buffer type overridden to CUDA0
create_tensor: loading tensor blk.0.post_attention_norm.weight
tensor blk.0.post_attention_norm.weight (0 MiB f32) buffer type overridden to CUDA0
create_tensor: loading tensor blk.0.layer_output_scale.weight
tensor blk.0.layer_output_scale.weight (0 MiB f32) buffer type overridden to CUDA0
create_tensor: loading tensor blk.0.ffn_norm.weight
tensor blk.0.ffn_norm.weight (0 MiB f32) buffer type overridden to CUDA0
create_tensor: loading tensor blk.0.ffn_gate.weight
tensor blk.0.ffn_gate.weight (14 MiB q4_K) buffer type overridden to CUDA0
create_tensor: loading tensor blk.0.ffn_up.weight
tensor blk.0.ffn_up.weight (14 MiB q4_K) buffer type overridden to CUDA0
create_tensor: loading tensor blk.0.ffn_down.weight
tensor blk.0.ffn_down.weight (20 MiB q6_K) buffer type overridden to CUDA0
create_tensor: loading tensor blk.0.post_ffw_norm.weight
tensor blk.0.post_ffw_norm.weight (0 MiB f32) buffer type overridden to CUDA0
create_tensor: loading tensor blk.0.ffn_gate_inp.weight
create_tensor: loading tensor blk.0.inp_gate.weight
tensor blk.0.inp_gate.weight (2 MiB f32) buffer type overridden to CUDA0
create_tensor: loading tensor blk.0.proj.weight
tensor blk.0.proj.weight (2 MiB f32) buffer type overridden to CUDA0
create_tensor: loading tensor blk.0.post_norm.weight
tensor blk.0.post_norm.weight (0 MiB f32) buffer type overridden to CUDA0
create_tensor: loading tensor blk.1.attn_norm.weight
tensor blk.1.attn_norm.weight (0 MiB f32) buffer type overridden to CUDA0
create_tensor: loading tensor blk.1.attn_qkv.weight
create_tensor: loading tensor blk.1.attn_q.weight
tensor blk.1.attn_q.weight (2 MiB q4_K) buffer type overridden to CUDA0
create_tensor: loading tensor blk.1.attn_k.weight
tensor blk.1.attn_k.weight (0 MiB q4_K) buffer type overridden to CUDA0
create_tensor: loading tensor blk.1.attn_v.weight
tensor blk.1.attn_v.weight (1 MiB q6_K) buffer type overridden to CUDA0
create_tensor: loading tensor blk.1.attn_output.weight
tensor blk.1.attn_output.weight (2 MiB q4_K) buffer type overridden to CUDA0
create_tensor: loading tensor blk.1.attn_q_norm.weight
tensor blk.1.attn_q_norm.weight (0 MiB f32) buffer type overridden to CUDA0
create_tensor: loading tensor blk.1.attn_k_norm.weight
tensor blk.1.attn_k_norm.weight (0 MiB f32) buffer type overridden to CUDA0
create_tensor: loading tensor blk.1.post_attention_norm.weight
tensor blk.1.post_attention_norm.weight (0 MiB f32) buffer type overridden to CUDA0
create_tensor: loading tensor blk.1.layer_output_scale.weight
tensor blk.1.layer_output_scale.weight (0 MiB f32) buffer type overridden to CUDA0
create_tensor: loading tensor blk.1.ffn_norm.weight
tensor blk.1.ffn_norm.weight (0 MiB f32) buffer type overridden to CUDA0
create_tensor: loading tensor blk.1.ffn_gate.weight
tensor blk.1.ffn_gate.weight (14 MiB q4_K) buffer type overridden to CUDA0
create_tensor: loading tensor blk.1.ffn_up.weight
tensor blk.1.ffn_up.weight (14 MiB q4_K) buffer type overridden to CUDA0
create_tensor: loading tensor blk.1.ffn_down.weight
tensor blk.1.ffn_down.weight (20 MiB q6_K) buffer type overridden to CUDA0
create_tensor: loading tensor blk.1.post_ffw_norm.weight
tensor blk.1.post_ffw_norm.weight (0 MiB f32) buffer type overridden to CUDA0
create_tensor: loading tensor blk.1.ffn_gate_inp.weight
create_tensor: loading tensor blk.1.inp_gate.weight
tensor blk.1.inp_gate.weight (2 MiB f32) buffer type overridden to CUDA0
create_tensor: loading tensor blk.1.proj.weight
tensor blk.1.proj.weight (2 MiB f32) buffer type overridden to CUDA0
create_tensor: loading tensor blk.1.post_norm.weight
tensor blk.1.post_norm.weight (0 MiB f32) buffer type overridden to CUDA0
create_tensor: loading tensor blk.2.attn_norm.weight
tensor blk.2.attn_norm.weight (0 MiB f32) buffer type overridden to CUDA0
create_tensor: loading tensor blk.2.attn_qkv.weight
create_tensor: loading tensor blk.2.attn_q.weight
tensor blk.2.attn_q.weight (2 MiB q4_K) buffer type overridden to CUDA0
create_tensor: loading tensor blk.2.attn_k.weight
tensor blk.2.attn_k.weight (0 MiB q4_K) buffer type overridden to CUDA0
create_tensor: loading tensor blk.2.attn_v.weight
tensor blk.2.attn_v.weight (1 MiB q6_K) buffer type overridden to CUDA0
create_tensor: loading tensor blk.2.attn_output.weight
tensor blk.2.attn_output.weight (2 MiB q4_K) buffer type overridden to CUDA0
create_tensor: loading tensor blk.2.attn_q_norm.weight
tensor blk.2.attn_q_norm.weight (0 MiB f32) buffer type overridden to CUDA0
create_tensor: loading tensor blk.2.attn_k_norm.weight
tensor blk.2.attn_k_norm.weight (0 MiB f32) buffer type overridden to CUDA0
create_tensor: loading tensor blk.2.post_attention_norm.weight
tensor blk.2.post_attention_norm.weight (0 MiB f32) buffer type overridden to CUDA0
create_tensor: loading tensor blk.2.layer_output_scale.weight
tensor blk.2.layer_output_scale.weight (0 MiB f32) buffer type overridden to CUDA0
create_tensor: loading tensor blk.2.ffn_norm.weight
tensor blk.2.ffn_norm.weight (0 MiB f32) buffer type overridden to CUDA0
create_tensor: loading tensor blk.2.ffn_gate.weight
tensor blk.2.ffn_gate.weight (14 MiB q4_K) buffer type overridden to CUDA0
create_tensor: loading tensor blk.2.ffn_up.weight
tensor blk.2.ffn_up.weight (14 MiB q4_K) buffer type overridden to CUDA0
create_tensor: loading tensor blk.2.ffn_down.weight
tensor blk.2.ffn_down.weight (20 MiB q6_K) buffer type overridden to CUDA0
create_tensor: loading tensor blk.2.post_ffw_norm.weight
tensor blk.2.post_ffw_norm.weight (0 MiB f32) buffer type overridden to CUDA0
create_tensor: loading tensor blk.2.ffn_gate_inp.weight
create_tensor: loading tensor blk.2.inp_gate.weight
tensor blk.2.inp_gate.weight (2 MiB f32) buffer type overridden to CUDA0
create_tensor: loading tensor blk.2.proj.weight
tensor blk.2.proj.weight (2 MiB f32) buffer type overridden to CUDA0
create_tensor: loading tensor blk.2.post_norm.weight
tensor blk.2.post_norm.weight (0 MiB f32) buffer type overridden to CUDA0
create_tensor: loading tensor blk.3.attn_norm.weight
tensor blk.3.attn_norm.weight (0 MiB f32) buffer type overridden to CUDA0
create_tensor: loading tensor blk.3.attn_qkv.weight
create_tensor: loading tensor blk.3.attn_q.weight
tensor blk.3.attn_q.weight (2 MiB q4_K) buffer type overridden to CUDA0
create_tensor: loading tensor blk.3.attn_k.weight
tensor blk.3.attn_k.weight (0 MiB q4_K) buffer type overridden to CUDA0
create_tensor: loading tensor blk.3.attn_v.weight
tensor blk.3.attn_v.weight (1 MiB q6_K) buffer type overridden to CUDA0
create_tensor: loading tensor blk.3.attn_output.weight
tensor blk.3.attn_output.weight (2 MiB q4_K) buffer type overridden to CUDA0
create_tensor: loading tensor blk.3.attn_q_norm.weight
tensor blk.3.attn_q_norm.weight (0 MiB f32) buffer type overridden to CUDA0
create_tensor: loading tensor blk.3.attn_k_norm.weight
tensor blk.3.attn_k_norm.weight (0 MiB f32) buffer type overridden to CUDA0
create_tensor: loading tensor blk.3.post_attention_norm.weight
tensor blk.3.post_attention_norm.weight (0 MiB f32) buffer type overridden to CUDA0
create_tensor: loading tensor blk.3.layer_output_scale.weight
tensor blk.3.layer_output_scale.weight (0 MiB f32) buffer type overridden to CUDA0
create_tensor: loading tensor blk.3.ffn_norm.weight
tensor blk.3.ffn_norm.weight (0 MiB f32) buffer type overridden to CUDA0
create_tensor: loading tensor blk.3.ffn_gate.weight
tensor blk.3.ffn_gate.weight (14 MiB q4_K) buffer type overridden to CUDA0
create_tensor: loading tensor blk.3.ffn_up.weight
tensor blk.3.ffn_up.weight (14 MiB q4_K) buffer type overridden to CUDA0
create_tensor: loading tensor blk.3.ffn_down.weight
tensor blk.3.ffn_down.weight (20 MiB q6_K) buffer type overridden to CUDA0
create_tensor: loading tensor blk.3.post_ffw_norm.weight
tensor blk.3.post_ffw_norm.weight (0 MiB f32) buffer type overridden to CUDA0
create_tensor: loading tensor blk.3.ffn_gate_inp.weight
create_tensor: loading tensor blk.3.inp_gate.weight
tensor blk.3.inp_gate.weight (2 MiB f32) buffer type overridden to CUDA0
create_tensor: loading tensor blk.3.proj.weight
tensor blk.3.proj.weight (2 MiB f32) buffer type overridden to CUDA0
create_tensor: loading tensor blk.3.post_norm.weight
tensor blk.3.post_norm.weight (0 MiB f32) buffer type overridden to CUDA0
create_tensor: loading tensor blk.4.attn_norm.weight
tensor blk.4.attn_norm.weight (0 MiB f32) buffer type overridden to CUDA0
create_tensor: loading tensor blk.4.attn_qkv.weight
create_tensor: loading tensor blk.4.attn_q.weight
tensor blk.4.attn_q.weight (2 MiB q4_K) buffer type overridden to CUDA0
create_tensor: loading tensor blk.4.attn_k.weight
tensor blk.4.attn_k.weight (0 MiB q4_K) buffer type overridden to CUDA0
create_tensor: loading tensor blk.4.attn_v.weight
tensor blk.4.attn_v.weight (1 MiB q6_K) buffer type overridden to CUDA0
create_tensor: loading tensor blk.4.attn_output.weight
tensor blk.4.attn_output.weight (2 MiB q4_K) buffer type overridden to CUDA0
create_tensor: loading tensor blk.4.attn_q_norm.weight
tensor blk.4.attn_q_norm.weight (0 MiB f32) buffer type overridden to CUDA0
create_tensor: loading tensor blk.4.attn_k_norm.weight
tensor blk.4.attn_k_norm.weight (0 MiB f32) buffer type overridden to CUDA0
create_tensor: loading tensor blk.4.post_attention_norm.weight
tensor blk.4.post_attention_norm.weight (0 MiB f32) buffer type overridden to CUDA0
create_tensor: loading tensor blk.4.layer_output_scale.weight
tensor blk.4.layer_output_scale.weight (0 MiB f32) buffer type overridden to CUDA0
create_tensor: loading tensor blk.4.ffn_norm.weight
tensor blk.4.ffn_norm.weight (0 MiB f32) buffer type overridden to CUDA0
create_tensor: loading tensor blk.4.ffn_gate.weight
tensor blk.4.ffn_gate.weight (14 MiB q4_K) buffer type overridden to CUDA0
create_tensor: loading tensor blk.4.ffn_up.weight
tensor blk.4.ffn_up.weight (14 MiB q4_K) buffer type overridden to CUDA0
create_tensor: loading tensor blk.4.ffn_down.weight
tensor blk.4.ffn_down.weight (20 MiB q6_K) buffer type overridden to CUDA0
create_tensor: loading tensor blk.4.post_ffw_norm.weight
tensor blk.4.post_ffw_norm.weight (0 MiB f32) buffer type overridden to CUDA0
create_tensor: loading tensor blk.4.ffn_gate_inp.weight
create_tensor: loading tensor blk.4.inp_gate.weight
tensor blk.4.inp_gate.weight (2 MiB f32) buffer type overridden to CUDA0
create_tensor: loading tensor blk.4.proj.weight
tensor blk.4.proj.weight (2 MiB f32) buffer type overridden to CUDA0
create_tensor: loading tensor blk.4.post_norm.weight
tensor blk.4.post_norm.weight (0 MiB f32) buffer type overridden to CUDA0
create_tensor: loading tensor blk.5.attn_norm.weight
tensor blk.5.attn_norm.weight (0 MiB f32) buffer type overridden to CUDA0
create_tensor: loading tensor blk.5.attn_qkv.weight
create_tensor: loading tensor blk.5.attn_q.weight
tensor blk.5.attn_q.weight (5 MiB q4_K) buffer type overridden to CUDA0
create_tensor: loading tensor blk.5.attn_k.weight
tensor blk.5.attn_k.weight (1 MiB q4_K) buffer type overridden to CUDA0
create_tensor: loading tensor blk.5.attn_v.weight
tensor blk.5.attn_v.weight (1 MiB q4_K) buffer type overridden to CUDA0
create_tensor: loading tensor blk.5.attn_output.weight
tensor blk.5.attn_output.weight (5 MiB q4_K) buffer type overridden to CUDA0
create_tensor: loading tensor blk.5.attn_q_norm.weight
tensor blk.5.attn_q_norm.weight (0 MiB f32) buffer type overridden to CUDA0
create_tensor: loading tensor blk.5.attn_k_norm.weight
tensor blk.5.attn_k_norm.weight (0 MiB f32) buffer type overridden to CUDA0
create_tensor: loading tensor blk.5.post_attention_norm.weight
tensor blk.5.post_attention_norm.weight (0 MiB f32) buffer type overridden to CUDA0
create_tensor: loading tensor blk.5.layer_output_scale.weight
tensor blk.5.layer_output_scale.weight (0 MiB f32) buffer type overridden to CUDA0
create_tensor: loading tensor rope_freqs.weight
tensor rope_freqs.weight (0 MiB f32) buffer type overridden to CUDA0
create_tensor: loading tensor blk.5.ffn_norm.weight
tensor blk.5.ffn_norm.weight (0 MiB f32) buffer type overridden to CUDA0
create_tensor: loading tensor blk.5.ffn_gate.weight
tensor blk.5.ffn_gate.weight (14 MiB q4_K) buffer type overridden to CUDA0
create_tensor: loading tensor blk.5.ffn_up.weight
tensor blk.5.ffn_up.weight (14 MiB q4_K) buffer type overridden to CUDA0
create_tensor: loading tensor blk.5.ffn_down.weight
tensor blk.5.ffn_down.weight (14 MiB q4_K) buffer type overridden to CUDA0
create_tensor: loading tensor blk.5.post_ffw_norm.weight
tensor blk.5.post_ffw_norm.weight (0 MiB f32) buffer type overridden to CUDA0
create_tensor: loading tensor blk.5.ffn_gate_inp.weight
create_tensor: loading tensor blk.5.inp_gate.weight
tensor blk.5.inp_gate.weight (2 MiB f32) buffer type overridden to CUDA0
create_tensor: loading tensor blk.5.proj.weight
tensor blk.5.proj.weight (2 MiB f32) buffer type overridden to CUDA0
create_tensor: loading tensor blk.5.post_norm.weight
tensor blk.5.post_norm.weight (0 MiB f32) buffer type overridden to CUDA0
create_tensor: loading tensor blk.6.attn_norm.weight
tensor blk.6.attn_norm.weight (0 MiB f32) buffer type overridden to CUDA0
create_tensor: loading tensor blk.6.attn_qkv.weight
create_tensor: loading tensor blk.6.attn_q.weight
tensor blk.6.attn_q.weight (2 MiB q4_K) buffer type overridden to CUDA0
create_tensor: loading tensor blk.6.attn_k.weight
tensor blk.6.attn_k.weight (0 MiB q4_K) buffer type overridden to CUDA0
create_tensor: loading tensor blk.6.attn_v.weight
tensor blk.6.attn_v.weight (0 MiB q4_K) buffer type overridden to CUDA0
create_tensor: loading tensor blk.6.attn_output.weight
tensor blk.6.attn_output.weight (2 MiB q4_K) buffer type overridden to CUDA0
create_tensor: loading tensor blk.6.attn_q_norm.weight
tensor blk.6.attn_q_norm.weight (0 MiB f32) buffer type overridden to CUDA0
create_tensor: loading tensor blk.6.attn_k_norm.weight
tensor blk.6.attn_k_norm.weight (0 MiB f32) buffer type overridden to CUDA0
create_tensor: loading tensor blk.6.post_attention_norm.weight
tensor blk.6.post_attention_norm.weight (0 MiB f32) buffer type overridden to CUDA0
create_tensor: loading tensor blk.6.layer_output_scale.weight
tensor blk.6.layer_output_scale.weight (0 MiB f32) buffer type overridden to CUDA0
create_tensor: loading tensor blk.6.ffn_norm.weight
tensor blk.6.ffn_norm.weight (0 MiB f32) buffer type overridden to CUDA0
create_tensor: loading tensor blk.6.ffn_gate.weight
tensor blk.6.ffn_gate.weight (14 MiB q4_K) buffer type overridden to CUDA0
create_tensor: loading tensor blk.6.ffn_up.weight
tensor blk.6.ffn_up.weight (14 MiB q4_K) buffer type overridden to CUDA0
create_tensor: loading tensor blk.6.ffn_down.weight
tensor blk.6.ffn_down.weight (14 MiB q4_K) buffer type overridden to CUDA0
create_tensor: loading tensor blk.6.post_ffw_norm.weight
tensor blk.6.post_ffw_norm.weight (0 MiB f32) buffer type overridden to CUDA0
create_tensor: loading tensor blk.6.ffn_gate_inp.weight
create_tensor: loading tensor blk.6.inp_gate.weight
tensor blk.6.inp_gate.weight (2 MiB f32) buffer type overridden to CUDA0
create_tensor: loading tensor blk.6.proj.weight
tensor blk.6.proj.weight (2 MiB f32) buffer type overridden to CUDA0
create_tensor: loading tensor blk.6.post_norm.weight
tensor blk.6.post_norm.weight (0 MiB f32) buffer type overridden to CUDA0
create_tensor: loading tensor blk.7.attn_norm.weight
tensor blk.7.attn_norm.weight (0 MiB f32) buffer type overridden to CUDA0
create_tensor: loading tensor blk.7.attn_qkv.weight
create_tensor: loading tensor blk.7.attn_q.weight
tensor blk.7.attn_q.weight (2 MiB q4_K) buffer type overridden to CUDA0
create_tensor: loading tensor blk.7.attn_k.weight
tensor blk.7.attn_k.weight (0 MiB q4_K) buffer type overridden to CUDA0
create_tensor: loading tensor blk.7.attn_v.weight
tensor blk.7.attn_v.weight (1 MiB q6_K) buffer type overridden to CUDA0
create_tensor: loading tensor blk.7.attn_output.weight
tensor blk.7.attn_output.weight (2 MiB q4_K) buffer type overridden to CUDA0
create_tensor: loading tensor blk.7.attn_q_norm.weight
tensor blk.7.attn_q_norm.weight (0 MiB f32) buffer type overridden to CUDA0
create_tensor: loading tensor blk.7.attn_k_norm.weight
tensor blk.7.attn_k_norm.weight (0 MiB f32) buffer type overridden to CUDA0
create_tensor: loading tensor blk.7.post_attention_norm.weight
tensor blk.7.post_attention_norm.weight (0 MiB f32) buffer type overridden to CUDA0
create_tensor: loading tensor blk.7.layer_output_scale.weight
tensor blk.7.layer_output_scale.weight (0 MiB f32) buffer type overridden to CUDA0
create_tensor: loading tensor blk.7.ffn_norm.weight
tensor blk.7.ffn_norm.weight (0 MiB f32) buffer type overridden to CUDA0
create_tensor: loading tensor blk.7.ffn_gate.weight
tensor blk.7.ffn_gate.weight (14 MiB q4_K) buffer type overridden to CUDA0
create_tensor: loading tensor blk.7.ffn_up.weight
tensor blk.7.ffn_up.weight (14 MiB q4_K) buffer type overridden to CUDA0
create_tensor: loading tensor blk.7.ffn_down.weight
tensor blk.7.ffn_down.weight (20 MiB q6_K) buffer type overridden to CUDA0
create_tensor: loading tensor blk.7.post_ffw_norm.weight
tensor blk.7.post_ffw_norm.weight (0 MiB f32) buffer type overridden to CUDA0
create_tensor: loading tensor blk.7.ffn_gate_inp.weight
create_tensor: loading tensor blk.7.inp_gate.weight
tensor blk.7.inp_gate.weight (2 MiB f32) buffer type overridden to CUDA0
create_tensor: loading tensor blk.7.proj.weight
tensor blk.7.proj.weight (2 MiB f32) buffer type overridden to CUDA0
create_tensor: loading tensor blk.7.post_norm.weight
tensor blk.7.post_norm.weight (0 MiB f32) buffer type overridden to CUDA0
create_tensor: loading tensor blk.8.attn_norm.weight
tensor blk.8.attn_norm.weight (0 MiB f32) buffer type overridden to CUDA0
create_tensor: loading tensor blk.8.attn_qkv.weight
create_tensor: loading tensor blk.8.attn_q.weight
tensor blk.8.attn_q.weight (2 MiB q4_K) buffer type overridden to CUDA0
create_tensor: loading tensor blk.8.attn_k.weight
tensor blk.8.attn_k.weight (0 MiB q4_K) buffer type overridden to CUDA0
create_tensor: loading tensor blk.8.attn_v.weight
tensor blk.8.attn_v.weight (0 MiB q4_K) buffer type overridden to CUDA0
create_tensor: loading tensor blk.8.attn_output.weight
tensor blk.8.attn_output.weight (2 MiB q4_K) buffer type overridden to CUDA0
create_tensor: loading tensor blk.8.attn_q_norm.weight
tensor blk.8.attn_q_norm.weight (0 MiB f32) buffer type overridden to CUDA0
create_tensor: loading tensor blk.8.attn_k_norm.weight
tensor blk.8.attn_k_norm.weight (0 MiB f32) buffer type overridden to CUDA0
create_tensor: loading tensor blk.8.post_attention_norm.weight
tensor blk.8.post_attention_norm.weight (0 MiB f32) buffer type overridden to CUDA0
create_tensor: loading tensor blk.8.layer_output_scale.weight
tensor blk.8.layer_output_scale.weight (0 MiB f32) buffer type overridden to CUDA0
create_tensor: loading tensor blk.8.ffn_norm.weight
tensor blk.8.ffn_norm.weight (0 MiB f32) buffer type overridden to CUDA0
create_tensor: loading tensor blk.8.ffn_gate.weight
tensor blk.8.ffn_gate.weight (14 MiB q4_K) buffer type overridden to CUDA0
create_tensor: loading tensor blk.8.ffn_up.weight
tensor blk.8.ffn_up.weight (14 MiB q4_K) buffer type overridden to CUDA0
create_tensor: loading tensor blk.8.ffn_down.weight
tensor blk.8.ffn_down.weight (14 MiB q4_K) buffer type overridden to CUDA0
create_tensor: loading tensor blk.8.post_ffw_norm.weight
tensor blk.8.post_ffw_norm.weight (0 MiB f32) buffer type overridden to CUDA0
create_tensor: loading tensor blk.8.ffn_gate_inp.weight
create_tensor: loading tensor blk.8.inp_gate.weight
tensor blk.8.inp_gate.weight (2 MiB f32) buffer type overridden to CUDA0
create_tensor: loading tensor blk.8.proj.weight
tensor blk.8.proj.weight (2 MiB f32) buffer type overridden to CUDA0
create_tensor: loading tensor blk.8.post_norm.weight
tensor blk.8.post_norm.weight (0 MiB f32) buffer type overridden to CUDA0
create_tensor: loading tensor blk.9.attn_norm.weight
tensor blk.9.attn_norm.weight (0 MiB f32) buffer type overridden to CUDA0
create_tensor: loading tensor blk.9.attn_qkv.weight
create_tensor: loading tensor blk.9.attn_q.weight
tensor blk.9.attn_q.weight (2 MiB q4_K) buffer type overridden to CUDA0
create_tensor: loading tensor blk.9.attn_k.weight
tensor blk.9.attn_k.weight (0 MiB q4_K) buffer type overridden to CUDA0
create_tensor: loading tensor blk.9.attn_v.weight
tensor blk.9.attn_v.weight (0 MiB q4_K) buffer type overridden to CUDA0
create_tensor: loading tensor blk.9.attn_output.weight
tensor blk.9.attn_output.weight (2 MiB q4_K) buffer type overridden to CUDA0
create_tensor: loading tensor blk.9.attn_q_norm.weight
tensor blk.9.attn_q_norm.weight (0 MiB f32) buffer type overridden to CUDA0
create_tensor: loading tensor blk.9.attn_k_norm.weight
tensor blk.9.attn_k_norm.weight (0 MiB f32) buffer type overridden to CUDA0
create_tensor: loading tensor blk.9.post_attention_norm.weight
tensor blk.9.post_attention_norm.weight (0 MiB f32) buffer type overridden to CUDA0
create_tensor: loading tensor blk.9.layer_output_scale.weight
tensor blk.9.layer_output_scale.weight (0 MiB f32) buffer type overridden to CUDA0
create_tensor: loading tensor blk.9.ffn_norm.weight
tensor blk.9.ffn_norm.weight (0 MiB f32) buffer type overridden to CUDA0
create_tensor: loading tensor blk.9.ffn_gate.weight
tensor blk.9.ffn_gate.weight (14 MiB q4_K) buffer type overridden to CUDA0
create_tensor: loading tensor blk.9.ffn_up.weight
tensor blk.9.ffn_up.weight (14 MiB q4_K) buffer type overridden to CUDA0
create_tensor: loading tensor blk.9.ffn_down.weight
tensor blk.9.ffn_down.weight (14 MiB q4_K) buffer type overridden to CUDA0
create_tensor: loading tensor blk.9.post_ffw_norm.weight
tensor blk.9.post_ffw_norm.weight (0 MiB f32) buffer type overridden to CUDA0
create_tensor: loading tensor blk.9.ffn_gate_inp.weight
create_tensor: loading tensor blk.9.inp_gate.weight
tensor blk.9.inp_gate.weight (2 MiB f32) buffer type overridden to CUDA0
create_tensor: loading tensor blk.9.proj.weight
tensor blk.9.proj.weight (2 MiB f32) buffer type overridden to CUDA0
create_tensor: loading tensor blk.9.post_norm.weight
tensor blk.9.post_norm.weight (0 MiB f32) buffer type overridden to CUDA0
create_tensor: loading tensor blk.10.attn_norm.weight
tensor blk.10.attn_norm.weight (0 MiB f32) buffer type overridden to CUDA0
create_tensor: loading tensor blk.10.attn_qkv.weight
create_tensor: loading tensor blk.10.attn_q.weight
tensor blk.10.attn_q.weight (2 MiB q4_K) buffer type overridden to CUDA0
create_tensor: loading tensor blk.10.attn_k.weight
tensor blk.10.attn_k.weight (0 MiB q4_K) buffer type overridden to CUDA0
create_tensor: loading tensor blk.10.attn_v.weight
tensor blk.10.attn_v.weight (1 MiB q6_K) buffer type overridden to CUDA0
create_tensor: loading tensor blk.10.attn_output.weight
tensor blk.10.attn_output.weight (2 MiB q4_K) buffer type overridden to CUDA0
create_tensor: loading tensor blk.10.attn_q_norm.weight
tensor blk.10.attn_q_norm.weight (0 MiB f32) buffer type overridden to CUDA0
create_tensor: loading tensor blk.10.attn_k_norm.weight
tensor blk.10.attn_k_norm.weight (0 MiB f32) buffer type overridden to CUDA0
create_tensor: loading tensor blk.10.post_attention_norm.weight
tensor blk.10.post_attention_norm.weight (0 MiB f32) buffer type overridden to CUDA0
create_tensor: loading tensor blk.10.layer_output_scale.weight
tensor blk.10.layer_output_scale.weight (0 MiB f32) buffer type overridden to CUDA0
create_tensor: loading tensor blk.10.ffn_norm.weight
tensor blk.10.ffn_norm.weight (0 MiB f32) buffer type overridden to CUDA0
create_tensor: loading tensor blk.10.ffn_gate.weight
tensor blk.10.ffn_gate.weight (14 MiB q4_K) buffer type overridden to CUDA0
create_tensor: loading tensor blk.10.ffn_up.weight
tensor blk.10.ffn_up.weight (14 MiB q4_K) buffer type overridden to CUDA0
create_tensor: loading tensor blk.10.ffn_down.weight
tensor blk.10.ffn_down.weight (20 MiB q6_K) buffer type overridden to CUDA0
create_tensor: loading tensor blk.10.post_ffw_norm.weight
tensor blk.10.post_ffw_norm.weight (0 MiB f32) buffer type overridden to CUDA0
create_tensor: loading tensor blk.10.ffn_gate_inp.weight
create_tensor: loading tensor blk.10.inp_gate.weight
tensor blk.10.inp_gate.weight (2 MiB f32) buffer type overridden to CUDA0
create_tensor: loading tensor blk.10.proj.weight
tensor blk.10.proj.weight (2 MiB f32) buffer type overridden to CUDA0
create_tensor: loading tensor blk.10.post_norm.weight
tensor blk.10.post_norm.weight (0 MiB f32) buffer type overridden to CUDA0
create_tensor: loading tensor blk.11.attn_norm.weight
tensor blk.11.attn_norm.weight (0 MiB f32) buffer type overridden to CUDA0
create_tensor: loading tensor blk.11.attn_qkv.weight
create_tensor: loading tensor blk.11.attn_q.weight
tensor blk.11.attn_q.weight (5 MiB q4_K) buffer type overridden to CUDA0
create_tensor: loading tensor blk.11.attn_k.weight
tensor blk.11.attn_k.weight (1 MiB q4_K) buffer type overridden to CUDA0
create_tensor: loading tensor blk.11.attn_v.weight
tensor blk.11.attn_v.weight (1 MiB q4_K) buffer type overridden to CUDA0
create_tensor: loading tensor blk.11.attn_output.weight
tensor blk.11.attn_output.weight (5 MiB q4_K) buffer type overridden to CUDA0
create_tensor: loading tensor blk.11.attn_q_norm.weight
tensor blk.11.attn_q_norm.weight (0 MiB f32) buffer type overridden to CUDA0
create_tensor: loading tensor blk.11.attn_k_norm.weight
tensor blk.11.attn_k_norm.weight (0 MiB f32) buffer type overridden to CUDA0
create_tensor: loading tensor blk.11.post_attention_norm.weight
tensor blk.11.post_attention_norm.weight (0 MiB f32) buffer type overridden to CUDA0
create_tensor: loading tensor blk.11.layer_output_scale.weight
tensor blk.11.layer_output_scale.weight (0 MiB f32) buffer type overridden to CUDA0
create_tensor: loading tensor rope_freqs.weight
tensor rope_freqs.weight (0 MiB f32) buffer type overridden to CUDA0
create_tensor: loading tensor blk.11.ffn_norm.weight
tensor blk.11.ffn_norm.weight (0 MiB f32) buffer type overridden to CUDA0
create_tensor: loading tensor blk.11.ffn_gate.weight
tensor blk.11.ffn_gate.weight (14 MiB q4_K) buffer type overridden to CUDA0
create_tensor: loading tensor blk.11.ffn_up.weight
tensor blk.11.ffn_up.weight (14 MiB q4_K) buffer type overridden to CUDA0
create_tensor: loading tensor blk.11.ffn_down.weight
tensor blk.11.ffn_down.weight (14 MiB q4_K) buffer type overridden to CUDA0
create_tensor: loading tensor blk.11.post_ffw_norm.weight
tensor blk.11.post_ffw_norm.weight (0 MiB f32) buffer type overridden to CUDA0
create_tensor: loading tensor blk.11.ffn_gate_inp.weight
create_tensor: loading tensor blk.11.inp_gate.weight
tensor blk.11.inp_gate.weight (2 MiB f32) buffer type overridden to CUDA0
create_tensor: loading tensor blk.11.proj.weight
tensor blk.11.proj.weight (2 MiB f32) buffer type overridden to CUDA0
create_tensor: loading tensor blk.11.post_norm.weight
tensor blk.11.post_norm.weight (0 MiB f32) buffer type overridden to CUDA0
create_tensor: loading tensor blk.12.attn_norm.weight
tensor blk.12.attn_norm.weight (0 MiB f32) buffer type overridden to CUDA0
create_tensor: loading tensor blk.12.attn_qkv.weight
create_tensor: loading tensor blk.12.attn_q.weight
tensor blk.12.attn_q.weight (2 MiB q4_K) buffer type overridden to CUDA0
create_tensor: loading tensor blk.12.attn_k.weight
tensor blk.12.attn_k.weight (0 MiB q4_K) buffer type overridden to CUDA0
create_tensor: loading tensor blk.12.attn_v.weight
tensor blk.12.attn_v.weight (0 MiB q4_K) buffer type overridden to CUDA0
create_tensor: loading tensor blk.12.attn_output.weight
tensor blk.12.attn_output.weight (2 MiB q4_K) buffer type overridden to CUDA0
create_tensor: loading tensor blk.12.attn_q_norm.weight
tensor blk.12.attn_q_norm.weight (0 MiB f32) buffer type overridden to CUDA0
create_tensor: loading tensor blk.12.attn_k_norm.weight
tensor blk.12.attn_k_norm.weight (0 MiB f32) buffer type overridden to CUDA0
create_tensor: loading tensor blk.12.post_attention_norm.weight
tensor blk.12.post_attention_norm.weight (0 MiB f32) buffer type overridden to CUDA0
create_tensor: loading tensor blk.12.layer_output_scale.weight
tensor blk.12.layer_output_scale.weight (0 MiB f32) buffer type overridden to CUDA0
create_tensor: loading tensor blk.12.ffn_norm.weight
tensor blk.12.ffn_norm.weight (0 MiB f32) buffer type overridden to CUDA0
create_tensor: loading tensor blk.12.ffn_gate.weight
tensor blk.12.ffn_gate.weight (14 MiB q4_K) buffer type overridden to CUDA0
create_tensor: loading tensor blk.12.ffn_up.weight
tensor blk.12.ffn_up.weight (14 MiB q4_K) buffer type overridden to CUDA0
create_tensor: loading tensor blk.12.ffn_down.weight
tensor blk.12.ffn_down.weight (14 MiB q4_K) buffer type overridden to CUDA0
create_tensor: loading tensor blk.12.post_ffw_norm.weight
tensor blk.12.post_ffw_norm.weight (0 MiB f32) buffer type overridden to CUDA0
create_tensor: loading tensor blk.12.ffn_gate_inp.weight
create_tensor: loading tensor blk.12.inp_gate.weight
tensor blk.12.inp_gate.weight (2 MiB f32) buffer type overridden to CUDA0
create_tensor: loading tensor blk.12.proj.weight
tensor blk.12.proj.weight (2 MiB f32) buffer type overridden to CUDA0
create_tensor: loading tensor blk.12.post_norm.weight
tensor blk.12.post_norm.weight (0 MiB f32) buffer type overridden to CUDA0
create_tensor: loading tensor blk.13.attn_norm.weight
tensor blk.13.attn_norm.weight (0 MiB f32) buffer type overridden to CUDA0
create_tensor: loading tensor blk.13.attn_qkv.weight
create_tensor: loading tensor blk.13.attn_q.weight
tensor blk.13.attn_q.weight (2 MiB q4_K) buffer type overridden to CUDA0
create_tensor: loading tensor blk.13.attn_k.weight
tensor blk.13.attn_k.weight (0 MiB q4_K) buffer type overridden to CUDA0
create_tensor: loading tensor blk.13.attn_v.weight
tensor blk.13.attn_v.weight (1 MiB q6_K) buffer type overridden to CUDA0
create_tensor: loading tensor blk.13.attn_output.weight
tensor blk.13.attn_output.weight (2 MiB q4_K) buffer type overridden to CUDA0
create_tensor: loading tensor blk.13.attn_q_norm.weight
tensor blk.13.attn_q_norm.weight (0 MiB f32) buffer type overridden to CUDA0
create_tensor: loading tensor blk.13.attn_k_norm.weight
tensor blk.13.attn_k_norm.weight (0 MiB f32) buffer type overridden to CUDA0
create_tensor: loading tensor blk.13.post_attention_norm.weight
tensor blk.13.post_attention_norm.weight (0 MiB f32) buffer type overridden to CUDA0
create_tensor: loading tensor blk.13.layer_output_scale.weight
tensor blk.13.layer_output_scale.weight (0 MiB f32) buffer type overridden to CUDA0
create_tensor: loading tensor blk.13.ffn_norm.weight
tensor blk.13.ffn_norm.weight (0 MiB f32) buffer type overridden to CUDA0
create_tensor: loading tensor blk.13.ffn_gate.weight
tensor blk.13.ffn_gate.weight (14 MiB q4_K) buffer type overridden to CUDA0
create_tensor: loading tensor blk.13.ffn_up.weight
tensor blk.13.ffn_up.weight (14 MiB q4_K) buffer type overridden to CUDA0
create_tensor: loading tensor blk.13.ffn_down.weight
tensor blk.13.ffn_down.weight (20 MiB q6_K) buffer type overridden to CUDA0
create_tensor: loading tensor blk.13.post_ffw_norm.weight
tensor blk.13.post_ffw_norm.weight (0 MiB f32) buffer type overridden to CUDA0
create_tensor: loading tensor blk.13.ffn_gate_inp.weight
create_tensor: loading tensor blk.13.inp_gate.weight
tensor blk.13.inp_gate.weight (2 MiB f32) buffer type overridden to CUDA0
create_tensor: loading tensor blk.13.proj.weight
tensor blk.13.proj.weight (2 MiB f32) buffer type overridden to CUDA0
create_tensor: loading tensor blk.13.post_norm.weight
tensor blk.13.post_norm.weight (0 MiB f32) buffer type overridden to CUDA0
create_tensor: loading tensor blk.14.attn_norm.weight
tensor blk.14.attn_norm.weight (0 MiB f32) buffer type overridden to CUDA0
create_tensor: loading tensor blk.14.attn_qkv.weight
create_tensor: loading tensor blk.14.attn_q.weight
tensor blk.14.attn_q.weight (2 MiB q4_K) buffer type overridden to CUDA0
create_tensor: loading tensor blk.14.attn_k.weight
tensor blk.14.attn_k.weight (0 MiB q4_K) buffer type overridden to CUDA0
create_tensor: loading tensor blk.14.attn_v.weight
tensor blk.14.attn_v.weight (0 MiB q4_K) buffer type overridden to CUDA0
create_tensor: loading tensor blk.14.attn_output.weight
tensor blk.14.attn_output.weight (2 MiB q4_K) buffer type overridden to CUDA0
create_tensor: loading tensor blk.14.attn_q_norm.weight
tensor blk.14.attn_q_norm.weight (0 MiB f32) buffer type overridden to CUDA0
create_tensor: loading tensor blk.14.attn_k_norm.weight
tensor blk.14.attn_k_norm.weight (0 MiB f32) buffer type overridden to CUDA0
create_tensor: loading tensor blk.14.post_attention_norm.weight
tensor blk.14.post_attention_norm.weight (0 MiB f32) buffer type overridden to CUDA0
create_tensor: loading tensor blk.14.layer_output_scale.weight
tensor blk.14.layer_output_scale.weight (0 MiB f32) buffer type overridden to CUDA0
create_tensor: loading tensor blk.14.ffn_norm.weight
tensor blk.14.ffn_norm.weight (0 MiB f32) buffer type overridden to CUDA0
create_tensor: loading tensor blk.14.ffn_gate.weight
tensor blk.14.ffn_gate.weight (14 MiB q4_K) buffer type overridden to CUDA0
create_tensor: loading tensor blk.14.ffn_up.weight
tensor blk.14.ffn_up.weight (14 MiB q4_K) buffer type overridden to CUDA0
create_tensor: loading tensor blk.14.ffn_down.weight
tensor blk.14.ffn_down.weight (14 MiB q4_K) buffer type overridden to CUDA0
create_tensor: loading tensor blk.14.post_ffw_norm.weight
tensor blk.14.post_ffw_norm.weight (0 MiB f32) buffer type overridden to CUDA0
create_tensor: loading tensor blk.14.ffn_gate_inp.weight
create_tensor: loading tensor blk.14.inp_gate.weight
tensor blk.14.inp_gate.weight (2 MiB f32) buffer type overridden to CUDA0
create_tensor: loading tensor blk.14.proj.weight
tensor blk.14.proj.weight (2 MiB f32) buffer type overridden to CUDA0
create_tensor: loading tensor blk.14.post_norm.weight
tensor blk.14.post_norm.weight (0 MiB f32) buffer type overridden to CUDA0
create_tensor: loading tensor blk.15.attn_norm.weight
tensor blk.15.attn_norm.weight (0 MiB f32) buffer type overridden to CUDA0
create_tensor: loading tensor blk.15.attn_qkv.weight
create_tensor: loading tensor blk.15.attn_q.weight
tensor blk.15.attn_q.weight (2 MiB q4_K) buffer type overridden to CUDA0
create_tensor: loading tensor blk.15.attn_k.weight
tensor blk.15.attn_k.weight (0 MiB q4_K) buffer type overridden to CUDA0
create_tensor: loading tensor blk.15.attn_v.weight
tensor blk.15.attn_v.weight (0 MiB q4_K) buffer type overridden to CUDA0
create_tensor: loading tensor blk.15.attn_output.weight
tensor blk.15.attn_output.weight (2 MiB q4_K) buffer type overridden to CUDA0
create_tensor: loading tensor blk.15.attn_q_norm.weight
tensor blk.15.attn_q_norm.weight (0 MiB f32) buffer type overridden to CUDA0
create_tensor: loading tensor blk.15.attn_k_norm.weight
tensor blk.15.attn_k_norm.weight (0 MiB f32) buffer type overridden to CUDA0
create_tensor: loading tensor blk.15.post_attention_norm.weight
tensor blk.15.post_attention_norm.weight (0 MiB f32) buffer type overridden to CUDA0
create_tensor: loading tensor blk.15.layer_output_scale.weight
tensor blk.15.layer_output_scale.weight (0 MiB f32) buffer type overridden to CUDA0
create_tensor: loading tensor blk.15.ffn_norm.weight
tensor blk.15.ffn_norm.weight (0 MiB f32) buffer type overridden to CUDA0
create_tensor: loading tensor blk.15.ffn_gate.weight
tensor blk.15.ffn_gate.weight (14 MiB q4_K) buffer type overridden to CUDA0
create_tensor: loading tensor blk.15.ffn_up.weight
tensor blk.15.ffn_up.weight (14 MiB q4_K) buffer type overridden to CUDA0
create_tensor: loading tensor blk.15.ffn_down.weight
tensor blk.15.ffn_down.weight (14 MiB q4_K) buffer type overridden to CUDA0
create_tensor: loading tensor blk.15.post_ffw_norm.weight
tensor blk.15.post_ffw_norm.weight (0 MiB f32) buffer type overridden to CUDA0
create_tensor: loading tensor blk.15.ffn_gate_inp.weight
create_tensor: loading tensor blk.15.inp_gate.weight
tensor blk.15.inp_gate.weight (2 MiB f32) buffer type overridden to CUDA0
create_tensor: loading tensor blk.15.proj.weight
tensor blk.15.proj.weight (2 MiB f32) buffer type overridden to CUDA0
create_tensor: loading tensor blk.15.post_norm.weight
tensor blk.15.post_norm.weight (0 MiB f32) buffer type overridden to CUDA0
create_tensor: loading tensor blk.16.attn_norm.weight
tensor blk.16.attn_norm.weight (0 MiB f32) buffer type overridden to CUDA0
create_tensor: loading tensor blk.16.attn_qkv.weight
create_tensor: loading tensor blk.16.attn_q.weight
tensor blk.16.attn_q.weight (2 MiB q4_K) buffer type overridden to CUDA0
create_tensor: loading tensor blk.16.attn_k.weight
tensor blk.16.attn_k.weight (0 MiB q4_K) buffer type overridden to CUDA0
create_tensor: loading tensor blk.16.attn_v.weight
tensor blk.16.attn_v.weight (1 MiB q6_K) buffer type overridden to CUDA0
create_tensor: loading tensor blk.16.attn_output.weight
tensor blk.16.attn_output.weight (2 MiB q4_K) buffer type overridden to CUDA0
create_tensor: loading tensor blk.16.attn_q_norm.weight
tensor blk.16.attn_q_norm.weight (0 MiB f32) buffer type overridden to CUDA0
create_tensor: loading tensor blk.16.attn_k_norm.weight
tensor blk.16.attn_k_norm.weight (0 MiB f32) buffer type overridden to CUDA0
create_tensor: loading tensor blk.16.post_attention_norm.weight
tensor blk.16.post_attention_norm.weight (0 MiB f32) buffer type overridden to CUDA0
create_tensor: loading tensor blk.16.layer_output_scale.weight
tensor blk.16.layer_output_scale.weight (0 MiB f32) buffer type overridden to CUDA0
create_tensor: loading tensor blk.16.ffn_norm.weight
tensor blk.16.ffn_norm.weight (0 MiB f32) buffer type overridden to CUDA0
create_tensor: loading tensor blk.16.ffn_gate.weight
tensor blk.16.ffn_gate.weight (14 MiB q4_K) buffer type overridden to CUDA0
create_tensor: loading tensor blk.16.ffn_up.weight
tensor blk.16.ffn_up.weight (14 MiB q4_K) buffer type overridden to CUDA0
create_tensor: loading tensor blk.16.ffn_down.weight
tensor blk.16.ffn_down.weight (20 MiB q6_K) buffer type overridden to CUDA0
create_tensor: loading tensor blk.16.post_ffw_norm.weight
tensor blk.16.post_ffw_norm.weight (0 MiB f32) buffer type overridden to CUDA0
create_tensor: loading tensor blk.16.ffn_gate_inp.weight
create_tensor: loading tensor blk.16.inp_gate.weight
tensor blk.16.inp_gate.weight (2 MiB f32) buffer type overridden to CUDA0
create_tensor: loading tensor blk.16.proj.weight
tensor blk.16.proj.weight (2 MiB f32) buffer type overridden to CUDA0
create_tensor: loading tensor blk.16.post_norm.weight
tensor blk.16.post_norm.weight (0 MiB f32) buffer type overridden to CUDA0
create_tensor: loading tensor blk.17.attn_norm.weight
tensor blk.17.attn_norm.weight (0 MiB f32) buffer type overridden to CUDA0
create_tensor: loading tensor blk.17.attn_qkv.weight
create_tensor: loading tensor blk.17.attn_q.weight
tensor blk.17.attn_q.weight (5 MiB q4_K) buffer type overridden to CUDA0
create_tensor: loading tensor blk.17.attn_k.weight
tensor blk.17.attn_k.weight (1 MiB q4_K) buffer type overridden to CUDA0
create_tensor: loading tensor blk.17.attn_v.weight
tensor blk.17.attn_v.weight (1 MiB q4_K) buffer type overridden to CUDA0
create_tensor: loading tensor blk.17.attn_output.weight
tensor blk.17.attn_output.weight (5 MiB q4_K) buffer type overridden to CUDA0
create_tensor: loading tensor blk.17.attn_q_norm.weight
tensor blk.17.attn_q_norm.weight (0 MiB f32) buffer type overridden to CUDA0
create_tensor: loading tensor blk.17.attn_k_norm.weight
tensor blk.17.attn_k_norm.weight (0 MiB f32) buffer type overridden to CUDA0
create_tensor: loading tensor blk.17.post_attention_norm.weight
tensor blk.17.post_attention_norm.weight (0 MiB f32) buffer type overridden to CUDA0
create_tensor: loading tensor blk.17.layer_output_scale.weight
tensor blk.17.layer_output_scale.weight (0 MiB f32) buffer type overridden to CUDA0
create_tensor: loading tensor rope_freqs.weight
tensor rope_freqs.weight (0 MiB f32) buffer type overridden to CUDA0
create_tensor: loading tensor blk.17.ffn_norm.weight
tensor blk.17.ffn_norm.weight (0 MiB f32) buffer type overridden to CUDA0
create_tensor: loading tensor blk.17.ffn_gate.weight
tensor blk.17.ffn_gate.weight (14 MiB q4_K) buffer type overridden to CUDA0
create_tensor: loading tensor blk.17.ffn_up.weight
tensor blk.17.ffn_up.weight (14 MiB q4_K) buffer type overridden to CUDA0
create_tensor: loading tensor blk.17.ffn_down.weight
tensor blk.17.ffn_down.weight (14 MiB q4_K) buffer type overridden to CUDA0
create_tensor: loading tensor blk.17.post_ffw_norm.weight
tensor blk.17.post_ffw_norm.weight (0 MiB f32) buffer type overridden to CUDA0
create_tensor: loading tensor blk.17.ffn_gate_inp.weight
create_tensor: loading tensor blk.17.inp_gate.weight
tensor blk.17.inp_gate.weight (2 MiB f32) buffer type overridden to CUDA0
create_tensor: loading tensor blk.17.proj.weight
tensor blk.17.proj.weight (2 MiB f32) buffer type overridden to CUDA0
create_tensor: loading tensor blk.17.post_norm.weight
tensor blk.17.post_norm.weight (0 MiB f32) buffer type overridden to CUDA0
create_tensor: loading tensor blk.18.attn_norm.weight
tensor blk.18.attn_norm.weight (0 MiB f32) buffer type overridden to CUDA0
create_tensor: loading tensor blk.18.attn_qkv.weight
create_tensor: loading tensor blk.18.attn_q.weight
tensor blk.18.attn_q.weight (2 MiB q4_K) buffer type overridden to CUDA0
create_tensor: loading tensor blk.18.attn_k.weight
tensor blk.18.attn_k.weight (0 MiB q4_K) buffer type overridden to CUDA0
create_tensor: loading tensor blk.18.attn_v.weight
tensor blk.18.attn_v.weight (0 MiB q4_K) buffer type overridden to CUDA0
create_tensor: loading tensor blk.18.attn_output.weight
tensor blk.18.attn_output.weight (2 MiB q4_K) buffer type overridden to CUDA0
create_tensor: loading tensor blk.18.attn_q_norm.weight
tensor blk.18.attn_q_norm.weight (0 MiB f32) buffer type overridden to CUDA0
create_tensor: loading tensor blk.18.attn_k_norm.weight
tensor blk.18.attn_k_norm.weight (0 MiB f32) buffer type overridden to CUDA0
create_tensor: loading tensor blk.18.post_attention_norm.weight
tensor blk.18.post_attention_norm.weight (0 MiB f32) buffer type overridden to CUDA0
create_tensor: loading tensor blk.18.layer_output_scale.weight
tensor blk.18.layer_output_scale.weight (0 MiB f32) buffer type overridden to CUDA0
create_tensor: loading tensor blk.18.ffn_norm.weight
tensor blk.18.ffn_norm.weight (0 MiB f32) buffer type overridden to CUDA0
create_tensor: loading tensor blk.18.ffn_gate.weight
tensor blk.18.ffn_gate.weight (14 MiB q4_K) buffer type overridden to CUDA0
create_tensor: loading tensor blk.18.ffn_up.weight
tensor blk.18.ffn_up.weight (14 MiB q4_K) buffer type overridden to CUDA0
create_tensor: loading tensor blk.18.ffn_down.weight
tensor blk.18.ffn_down.weight (14 MiB q4_K) buffer type overridden to CUDA0
create_tensor: loading tensor blk.18.post_ffw_norm.weight
tensor blk.18.post_ffw_norm.weight (0 MiB f32) buffer type overridden to CUDA0
create_tensor: loading tensor blk.18.ffn_gate_inp.weight
create_tensor: loading tensor blk.18.inp_gate.weight
tensor blk.18.inp_gate.weight (2 MiB f32) buffer type overridden to CUDA0
create_tensor: loading tensor blk.18.proj.weight
tensor blk.18.proj.weight (2 MiB f32) buffer type overridden to CUDA0
create_tensor: loading tensor blk.18.post_norm.weight
tensor blk.18.post_norm.weight (0 MiB f32) buffer type overridden to CUDA0
create_tensor: loading tensor blk.19.attn_norm.weight
tensor blk.19.attn_norm.weight (0 MiB f32) buffer type overridden to CUDA0
create_tensor: loading tensor blk.19.attn_qkv.weight
create_tensor: loading tensor blk.19.attn_q.weight
tensor blk.19.attn_q.weight (2 MiB q4_K) buffer type overridden to CUDA0
create_tensor: loading tensor blk.19.attn_k.weight
tensor blk.19.attn_k.weight (0 MiB q4_K) buffer type overridden to CUDA0
create_tensor: loading tensor blk.19.attn_v.weight
tensor blk.19.attn_v.weight (1 MiB q6_K) buffer type overridden to CUDA0
create_tensor: loading tensor blk.19.attn_output.weight
tensor blk.19.attn_output.weight (2 MiB q4_K) buffer type overridden to CUDA0
create_tensor: loading tensor blk.19.attn_q_norm.weight
tensor blk.19.attn_q_norm.weight (0 MiB f32) buffer type overridden to CUDA0
create_tensor: loading tensor blk.19.attn_k_norm.weight
tensor blk.19.attn_k_norm.weight (0 MiB f32) buffer type overridden to CUDA0
create_tensor: loading tensor blk.19.post_attention_norm.weight
tensor blk.19.post_attention_norm.weight (0 MiB f32) buffer type overridden to CUDA0
create_tensor: loading tensor blk.19.layer_output_scale.weight
tensor blk.19.layer_output_scale.weight (0 MiB f32) buffer type overridden to CUDA0
create_tensor: loading tensor blk.19.ffn_norm.weight
tensor blk.19.ffn_norm.weight (0 MiB f32) buffer type overridden to CUDA0
create_tensor: loading tensor blk.19.ffn_gate.weight
tensor blk.19.ffn_gate.weight (14 MiB q4_K) buffer type overridden to CUDA0
create_tensor: loading tensor blk.19.ffn_up.weight
tensor blk.19.ffn_up.weight (14 MiB q4_K) buffer type overridden to CUDA0
create_tensor: loading tensor blk.19.ffn_down.weight
tensor blk.19.ffn_down.weight (20 MiB q6_K) buffer type overridden to CUDA0
create_tensor: loading tensor blk.19.post_ffw_norm.weight
tensor blk.19.post_ffw_norm.weight (0 MiB f32) buffer type overridden to CUDA0
create_tensor: loading tensor blk.19.ffn_gate_inp.weight
create_tensor: loading tensor blk.19.inp_gate.weight
tensor blk.19.inp_gate.weight (2 MiB f32) buffer type overridden to CUDA0
create_tensor: loading tensor blk.19.proj.weight
tensor blk.19.proj.weight (2 MiB f32) buffer type overridden to CUDA0
create_tensor: loading tensor blk.19.post_norm.weight
tensor blk.19.post_norm.weight (0 MiB f32) buffer type overridden to CUDA0
create_tensor: loading tensor blk.20.attn_norm.weight
tensor blk.20.attn_norm.weight (0 MiB f32) buffer type overridden to CUDA0
create_tensor: loading tensor blk.20.attn_qkv.weight
create_tensor: loading tensor blk.20.attn_q.weight
tensor blk.20.attn_q.weight (2 MiB q4_K) buffer type overridden to CUDA0
create_tensor: loading tensor blk.20.attn_k.weight
tensor blk.20.attn_k.weight (0 MiB q4_K) buffer type overridden to CUDA0
create_tensor: loading tensor blk.20.attn_v.weight
tensor blk.20.attn_v.weight (0 MiB q4_K) buffer type overridden to CUDA0
create_tensor: loading tensor blk.20.attn_output.weight
tensor blk.20.attn_output.weight (2 MiB q4_K) buffer type overridden to CUDA0
create_tensor: loading tensor blk.20.attn_q_norm.weight
tensor blk.20.attn_q_norm.weight (0 MiB f32) buffer type overridden to CUDA0
create_tensor: loading tensor blk.20.attn_k_norm.weight
tensor blk.20.attn_k_norm.weight (0 MiB f32) buffer type overridden to CUDA0
create_tensor: loading tensor blk.20.post_attention_norm.weight
tensor blk.20.post_attention_norm.weight (0 MiB f32) buffer type overridden to CUDA0
create_tensor: loading tensor blk.20.layer_output_scale.weight
tensor blk.20.layer_output_scale.weight (0 MiB f32) buffer type overridden to CUDA0
create_tensor: loading tensor blk.20.ffn_norm.weight
tensor blk.20.ffn_norm.weight (0 MiB f32) buffer type overridden to CUDA0
create_tensor: loading tensor blk.20.ffn_gate.weight
tensor blk.20.ffn_gate.weight (14 MiB q4_K) buffer type overridden to CUDA0
create_tensor: loading tensor blk.20.ffn_up.weight
tensor blk.20.ffn_up.weight (14 MiB q4_K) buffer type overridden to CUDA0
create_tensor: loading tensor blk.20.ffn_down.weight
tensor blk.20.ffn_down.weight (14 MiB q4_K) buffer type overridden to CUDA0
create_tensor: loading tensor blk.20.post_ffw_norm.weight
tensor blk.20.post_ffw_norm.weight (0 MiB f32) buffer type overridden to CUDA0
create_tensor: loading tensor blk.20.ffn_gate_inp.weight
create_tensor: loading tensor blk.20.inp_gate.weight
tensor blk.20.inp_gate.weight (2 MiB f32) buffer type overridden to CUDA0
create_tensor: loading tensor blk.20.proj.weight
tensor blk.20.proj.weight (2 MiB f32) buffer type overridden to CUDA0
create_tensor: loading tensor blk.20.post_norm.weight
tensor blk.20.post_norm.weight (0 MiB f32) buffer type overridden to CUDA0
create_tensor: loading tensor blk.21.attn_norm.weight
tensor blk.21.attn_norm.weight (0 MiB f32) buffer type overridden to CUDA0
create_tensor: loading tensor blk.21.attn_qkv.weight
create_tensor: loading tensor blk.21.attn_q.weight
tensor blk.21.attn_q.weight (2 MiB q4_K) buffer type overridden to CUDA0
create_tensor: loading tensor blk.21.attn_k.weight
tensor blk.21.attn_k.weight (0 MiB q4_K) buffer type overridden to CUDA0
create_tensor: loading tensor blk.21.attn_v.weight
tensor blk.21.attn_v.weight (0 MiB q4_K) buffer type overridden to CUDA0
create_tensor: loading tensor blk.21.attn_output.weight
tensor blk.21.attn_output.weight (2 MiB q4_K) buffer type overridden to CUDA0
create_tensor: loading tensor blk.21.attn_q_norm.weight
tensor blk.21.attn_q_norm.weight (0 MiB f32) buffer type overridden to CUDA0
create_tensor: loading tensor blk.21.attn_k_norm.weight
tensor blk.21.attn_k_norm.weight (0 MiB f32) buffer type overridden to CUDA0
create_tensor: loading tensor blk.21.post_attention_norm.weight
tensor blk.21.post_attention_norm.weight (0 MiB f32) buffer type overridden to CUDA0
create_tensor: loading tensor blk.21.layer_output_scale.weight
tensor blk.21.layer_output_scale.weight (0 MiB f32) buffer type overridden to CUDA0
create_tensor: loading tensor blk.21.ffn_norm.weight
tensor blk.21.ffn_norm.weight (0 MiB f32) buffer type overridden to CUDA0
create_tensor: loading tensor blk.21.ffn_gate.weight
tensor blk.21.ffn_gate.weight (14 MiB q4_K) buffer type overridden to CUDA0
create_tensor: loading tensor blk.21.ffn_up.weight
tensor blk.21.ffn_up.weight (14 MiB q4_K) buffer type overridden to CUDA0
create_tensor: loading tensor blk.21.ffn_down.weight
tensor blk.21.ffn_down.weight (14 MiB q4_K) buffer type overridden to CUDA0
create_tensor: loading tensor blk.21.post_ffw_norm.weight
tensor blk.21.post_ffw_norm.weight (0 MiB f32) buffer type overridden to CUDA0
create_tensor: loading tensor blk.21.ffn_gate_inp.weight
create_tensor: loading tensor blk.21.inp_gate.weight
tensor blk.21.inp_gate.weight (2 MiB f32) buffer type overridden to CUDA0
create_tensor: loading tensor blk.21.proj.weight
tensor blk.21.proj.weight (2 MiB f32) buffer type overridden to CUDA0
create_tensor: loading tensor blk.21.post_norm.weight
tensor blk.21.post_norm.weight (0 MiB f32) buffer type overridden to CUDA0
create_tensor: loading tensor blk.22.attn_norm.weight
tensor blk.22.attn_norm.weight (0 MiB f32) buffer type overridden to CUDA0
create_tensor: loading tensor blk.22.attn_qkv.weight
create_tensor: loading tensor blk.22.attn_q.weight
tensor blk.22.attn_q.weight (2 MiB q4_K) buffer type overridden to CUDA0
create_tensor: loading tensor blk.22.attn_k.weight
tensor blk.22.attn_k.weight (0 MiB q4_K) buffer type overridden to CUDA0
create_tensor: loading tensor blk.22.attn_v.weight
tensor blk.22.attn_v.weight (1 MiB q6_K) buffer type overridden to CUDA0
create_tensor: loading tensor blk.22.attn_output.weight
tensor blk.22.attn_output.weight (2 MiB q4_K) buffer type overridden to CUDA0
create_tensor: loading tensor blk.22.attn_q_norm.weight
tensor blk.22.attn_q_norm.weight (0 MiB f32) buffer type overridden to CUDA0
create_tensor: loading tensor blk.22.attn_k_norm.weight
tensor blk.22.attn_k_norm.weight (0 MiB f32) buffer type overridden to CUDA0
create_tensor: loading tensor blk.22.post_attention_norm.weight
tensor blk.22.post_attention_norm.weight (0 MiB f32) buffer type overridden to CUDA0
create_tensor: loading tensor blk.22.layer_output_scale.weight
tensor blk.22.layer_output_scale.weight (0 MiB f32) buffer type overridden to CUDA0
create_tensor: loading tensor blk.22.ffn_norm.weight
tensor blk.22.ffn_norm.weight (0 MiB f32) buffer type overridden to CUDA0
create_tensor: loading tensor blk.22.ffn_gate.weight
tensor blk.22.ffn_gate.weight (14 MiB q4_K) buffer type overridden to CUDA0
create_tensor: loading tensor blk.22.ffn_up.weight
tensor blk.22.ffn_up.weight (14 MiB q4_K) buffer type overridden to CUDA0
create_tensor: loading tensor blk.22.ffn_down.weight
tensor blk.22.ffn_down.weight (20 MiB q6_K) buffer type overridden to CUDA0
create_tensor: loading tensor blk.22.post_ffw_norm.weight
tensor blk.22.post_ffw_norm.weight (0 MiB f32) buffer type overridden to CUDA0
create_tensor: loading tensor blk.22.ffn_gate_inp.weight
create_tensor: loading tensor blk.22.inp_gate.weight
tensor blk.22.inp_gate.weight (2 MiB f32) buffer type overridden to CUDA0
create_tensor: loading tensor blk.22.proj.weight
tensor blk.22.proj.weight (2 MiB f32) buffer type overridden to CUDA0
create_tensor: loading tensor blk.22.post_norm.weight
tensor blk.22.post_norm.weight (0 MiB f32) buffer type overridden to CUDA0
create_tensor: loading tensor blk.23.attn_norm.weight
tensor blk.23.attn_norm.weight (0 MiB f32) buffer type overridden to CUDA0
create_tensor: loading tensor blk.23.attn_qkv.weight
create_tensor: loading tensor blk.23.attn_q.weight
tensor blk.23.attn_q.weight (5 MiB q4_K) buffer type overridden to CUDA0
create_tensor: loading tensor blk.23.attn_k.weight
tensor blk.23.attn_k.weight (1 MiB q4_K) buffer type overridden to CUDA0
create_tensor: loading tensor blk.23.attn_v.weight
tensor blk.23.attn_v.weight (1 MiB q4_K) buffer type overridden to CUDA0
create_tensor: loading tensor blk.23.attn_output.weight
tensor blk.23.attn_output.weight (5 MiB q4_K) buffer type overridden to CUDA0
create_tensor: loading tensor blk.23.attn_q_norm.weight
tensor blk.23.attn_q_norm.weight (0 MiB f32) buffer type overridden to CUDA0
create_tensor: loading tensor blk.23.attn_k_norm.weight
tensor blk.23.attn_k_norm.weight (0 MiB f32) buffer type overridden to CUDA0
create_tensor: loading tensor blk.23.post_attention_norm.weight
tensor blk.23.post_attention_norm.weight (0 MiB f32) buffer type overridden to CUDA0
create_tensor: loading tensor blk.23.layer_output_scale.weight
tensor blk.23.layer_output_scale.weight (0 MiB f32) buffer type overridden to CUDA0
create_tensor: loading tensor rope_freqs.weight
tensor rope_freqs.weight (0 MiB f32) buffer type overridden to CUDA0
create_tensor: loading tensor blk.23.ffn_norm.weight
tensor blk.23.ffn_norm.weight (0 MiB f32) buffer type overridden to CUDA0
create_tensor: loading tensor blk.23.ffn_gate.weight
tensor blk.23.ffn_gate.weight (14 MiB q4_K) buffer type overridden to CUDA0
create_tensor: loading tensor blk.23.ffn_up.weight
tensor blk.23.ffn_up.weight (14 MiB q4_K) buffer type overridden to CUDA0
create_tensor: loading tensor blk.23.ffn_down.weight
tensor blk.23.ffn_down.weight (14 MiB q4_K) buffer type overridden to CUDA0
create_tensor: loading tensor blk.23.post_ffw_norm.weight
tensor blk.23.post_ffw_norm.weight (0 MiB f32) buffer type overridden to CUDA0
create_tensor: loading tensor blk.23.ffn_gate_inp.weight
create_tensor: loading tensor blk.23.inp_gate.weight
tensor blk.23.inp_gate.weight (2 MiB f32) buffer type overridden to CUDA0
create_tensor: loading tensor blk.23.proj.weight
tensor blk.23.proj.weight (2 MiB f32) buffer type overridden to CUDA0
create_tensor: loading tensor blk.23.post_norm.weight
tensor blk.23.post_norm.weight (0 MiB f32) buffer type overridden to CUDA0
create_tensor: loading tensor blk.24.attn_norm.weight
tensor blk.24.attn_norm.weight (0 MiB f32) buffer type overridden to CUDA0
create_tensor: loading tensor blk.24.attn_qkv.weight
create_tensor: loading tensor blk.24.attn_q.weight
tensor blk.24.attn_q.weight (2 MiB q4_K) buffer type overridden to CUDA0
create_tensor: loading tensor blk.24.attn_k.weight
tensor blk.24.attn_k.weight (0 MiB q4_K) buffer type overridden to CUDA0
create_tensor: loading tensor blk.24.attn_v.weight
tensor blk.24.attn_v.weight (0 MiB q4_K) buffer type overridden to CUDA0
create_tensor: loading tensor blk.24.attn_output.weight
tensor blk.24.attn_output.weight (2 MiB q4_K) buffer type overridden to CUDA0
create_tensor: loading tensor blk.24.attn_q_norm.weight
tensor blk.24.attn_q_norm.weight (0 MiB f32) buffer type overridden to CUDA0
create_tensor: loading tensor blk.24.attn_k_norm.weight
tensor blk.24.attn_k_norm.weight (0 MiB f32) buffer type overridden to CUDA0
create_tensor: loading tensor blk.24.post_attention_norm.weight
tensor blk.24.post_attention_norm.weight (0 MiB f32) buffer type overridden to CUDA0
create_tensor: loading tensor blk.24.layer_output_scale.weight
tensor blk.24.layer_output_scale.weight (0 MiB f32) buffer type overridden to CUDA0
create_tensor: loading tensor blk.24.ffn_norm.weight
tensor blk.24.ffn_norm.weight (0 MiB f32) buffer type overridden to CUDA0
create_tensor: loading tensor blk.24.ffn_gate.weight
tensor blk.24.ffn_gate.weight (14 MiB q4_K) buffer type overridden to CUDA0
create_tensor: loading tensor blk.24.ffn_up.weight
tensor blk.24.ffn_up.weight (14 MiB q4_K) buffer type overridden to CUDA0
create_tensor: loading tensor blk.24.ffn_down.weight
tensor blk.24.ffn_down.weight (14 MiB q4_K) buffer type overridden to CUDA0
create_tensor: loading tensor blk.24.post_ffw_norm.weight
tensor blk.24.post_ffw_norm.weight (0 MiB f32) buffer type overridden to CUDA0
create_tensor: loading tensor blk.24.ffn_gate_inp.weight
create_tensor: loading tensor blk.24.inp_gate.weight
tensor blk.24.inp_gate.weight (2 MiB f32) buffer type overridden to CUDA0
create_tensor: loading tensor blk.24.proj.weight
tensor blk.24.proj.weight (2 MiB f32) buffer type overridden to CUDA0
create_tensor: loading tensor blk.24.post_norm.weight
tensor blk.24.post_norm.weight (0 MiB f32) buffer type overridden to CUDA0
create_tensor: loading tensor blk.25.attn_norm.weight
tensor blk.25.attn_norm.weight (0 MiB f32) buffer type overridden to CUDA0
create_tensor: loading tensor blk.25.attn_qkv.weight
create_tensor: loading tensor blk.25.attn_q.weight
tensor blk.25.attn_q.weight (2 MiB q4_K) buffer type overridden to CUDA0
create_tensor: loading tensor blk.25.attn_k.weight
tensor blk.25.attn_k.weight (0 MiB q4_K) buffer type overridden to CUDA0
create_tensor: loading tensor blk.25.attn_v.weight
tensor blk.25.attn_v.weight (1 MiB q6_K) buffer type overridden to CUDA0
create_tensor: loading tensor blk.25.attn_output.weight
tensor blk.25.attn_output.weight (2 MiB q4_K) buffer type overridden to CUDA0
create_tensor: loading tensor blk.25.attn_q_norm.weight
tensor blk.25.attn_q_norm.weight (0 MiB f32) buffer type overridden to CUDA0
create_tensor: loading tensor blk.25.attn_k_norm.weight
tensor blk.25.attn_k_norm.weight (0 MiB f32) buffer type overridden to CUDA0
create_tensor: loading tensor blk.25.post_attention_norm.weight
tensor blk.25.post_attention_norm.weight (0 MiB f32) buffer type overridden to CUDA0
create_tensor: loading tensor blk.25.layer_output_scale.weight
tensor blk.25.layer_output_scale.weight (0 MiB f32) buffer type overridden to CUDA0
create_tensor: loading tensor blk.25.ffn_norm.weight
tensor blk.25.ffn_norm.weight (0 MiB f32) buffer type overridden to CUDA0
create_tensor: loading tensor blk.25.ffn_gate.weight
tensor blk.25.ffn_gate.weight (14 MiB q4_K) buffer type overridden to CUDA0
create_tensor: loading tensor blk.25.ffn_up.weight
tensor blk.25.ffn_up.weight (14 MiB q4_K) buffer type overridden to CUDA0
create_tensor: loading tensor blk.25.ffn_down.weight
tensor blk.25.ffn_down.weight (20 MiB q6_K) buffer type overridden to CUDA0
create_tensor: loading tensor blk.25.post_ffw_norm.weight
tensor blk.25.post_ffw_norm.weight (0 MiB f32) buffer type overridden to CUDA0
create_tensor: loading tensor blk.25.ffn_gate_inp.weight
create_tensor: loading tensor blk.25.inp_gate.weight
tensor blk.25.inp_gate.weight (2 MiB f32) buffer type overridden to CUDA0
create_tensor: loading tensor blk.25.proj.weight
tensor blk.25.proj.weight (2 MiB f32) buffer type overridden to CUDA0
create_tensor: loading tensor blk.25.post_norm.weight
tensor blk.25.post_norm.weight (0 MiB f32) buffer type overridden to CUDA0
create_tensor: loading tensor blk.26.attn_norm.weight
tensor blk.26.attn_norm.weight (0 MiB f32) buffer type overridden to CUDA0
create_tensor: loading tensor blk.26.attn_qkv.weight
create_tensor: loading tensor blk.26.attn_q.weight
tensor blk.26.attn_q.weight (2 MiB q4_K) buffer type overridden to CUDA0
create_tensor: loading tensor blk.26.attn_k.weight
tensor blk.26.attn_k.weight (0 MiB q4_K) buffer type overridden to CUDA0
create_tensor: loading tensor blk.26.attn_v.weight
tensor blk.26.attn_v.weight (0 MiB q4_K) buffer type overridden to CUDA0
create_tensor: loading tensor blk.26.attn_output.weight
tensor blk.26.attn_output.weight (2 MiB q4_K) buffer type overridden to CUDA0
create_tensor: loading tensor blk.26.attn_q_norm.weight
tensor blk.26.attn_q_norm.weight (0 MiB f32) buffer type overridden to CUDA0
create_tensor: loading tensor blk.26.attn_k_norm.weight
tensor blk.26.attn_k_norm.weight (0 MiB f32) buffer type overridden to CUDA0
create_tensor: loading tensor blk.26.post_attention_norm.weight
tensor blk.26.post_attention_norm.weight (0 MiB f32) buffer type overridden to CUDA0
create_tensor: loading tensor blk.26.layer_output_scale.weight
tensor blk.26.layer_output_scale.weight (0 MiB f32) buffer type overridden to CUDA0
create_tensor: loading tensor blk.26.ffn_norm.weight
tensor blk.26.ffn_norm.weight (0 MiB f32) buffer type overridden to CUDA0
create_tensor: loading tensor blk.26.ffn_gate.weight
tensor blk.26.ffn_gate.weight (14 MiB q4_K) buffer type overridden to CUDA0
create_tensor: loading tensor blk.26.ffn_up.weight
tensor blk.26.ffn_up.weight (14 MiB q4_K) buffer type overridden to CUDA0
create_tensor: loading tensor blk.26.ffn_down.weight
tensor blk.26.ffn_down.weight (14 MiB q4_K) buffer type overridden to CUDA0
create_tensor: loading tensor blk.26.post_ffw_norm.weight
tensor blk.26.post_ffw_norm.weight (0 MiB f32) buffer type overridden to CUDA0
create_tensor: loading tensor blk.26.ffn_gate_inp.weight
create_tensor: loading tensor blk.26.inp_gate.weight
tensor blk.26.inp_gate.weight (2 MiB f32) buffer type overridden to CUDA0
create_tensor: loading tensor blk.26.proj.weight
tensor blk.26.proj.weight (2 MiB f32) buffer type overridden to CUDA0
create_tensor: loading tensor blk.26.post_norm.weight
tensor blk.26.post_norm.weight (0 MiB f32) buffer type overridden to CUDA0
create_tensor: loading tensor blk.27.attn_norm.weight
tensor blk.27.attn_norm.weight (0 MiB f32) buffer type overridden to CUDA0
create_tensor: loading tensor blk.27.attn_qkv.weight
create_tensor: loading tensor blk.27.attn_q.weight
tensor blk.27.attn_q.weight (2 MiB q4_K) buffer type overridden to CUDA0
create_tensor: loading tensor blk.27.attn_k.weight
tensor blk.27.attn_k.weight (0 MiB q4_K) buffer type overridden to CUDA0
create_tensor: loading tensor blk.27.attn_v.weight
tensor blk.27.attn_v.weight (0 MiB q4_K) buffer type overridden to CUDA0
create_tensor: loading tensor blk.27.attn_output.weight
tensor blk.27.attn_output.weight (2 MiB q4_K) buffer type overridden to CUDA0
create_tensor: loading tensor blk.27.attn_q_norm.weight
tensor blk.27.attn_q_norm.weight (0 MiB f32) buffer type overridden to CUDA0
create_tensor: loading tensor blk.27.attn_k_norm.weight
tensor blk.27.attn_k_norm.weight (0 MiB f32) buffer type overridden to CUDA0
create_tensor: loading tensor blk.27.post_attention_norm.weight
tensor blk.27.post_attention_norm.weight (0 MiB f32) buffer type overridden to CUDA0
create_tensor: loading tensor blk.27.layer_output_scale.weight
tensor blk.27.layer_output_scale.weight (0 MiB f32) buffer type overridden to CUDA0
create_tensor: loading tensor blk.27.ffn_norm.weight
tensor blk.27.ffn_norm.weight (0 MiB f32) buffer type overridden to CUDA0
create_tensor: loading tensor blk.27.ffn_gate.weight
tensor blk.27.ffn_gate.weight (14 MiB q4_K) buffer type overridden to CUDA0
create_tensor: loading tensor blk.27.ffn_up.weight
tensor blk.27.ffn_up.weight (14 MiB q4_K) buffer type overridden to CUDA0
create_tensor: loading tensor blk.27.ffn_down.weight
tensor blk.27.ffn_down.weight (14 MiB q4_K) buffer type overridden to CUDA0
create_tensor: loading tensor blk.27.post_ffw_norm.weight
tensor blk.27.post_ffw_norm.weight (0 MiB f32) buffer type overridden to CUDA0
create_tensor: loading tensor blk.27.ffn_gate_inp.weight
create_tensor: loading tensor blk.27.inp_gate.weight
tensor blk.27.inp_gate.weight (2 MiB f32) buffer type overridden to CUDA0
create_tensor: loading tensor blk.27.proj.weight
tensor blk.27.proj.weight (2 MiB f32) buffer type overridden to CUDA0
create_tensor: loading tensor blk.27.post_norm.weight
tensor blk.27.post_norm.weight (0 MiB f32) buffer type overridden to CUDA0
create_tensor: loading tensor blk.28.attn_norm.weight
tensor blk.28.attn_norm.weight (0 MiB f32) buffer type overridden to CUDA0
create_tensor: loading tensor blk.28.attn_qkv.weight
create_tensor: loading tensor blk.28.attn_q.weight
tensor blk.28.attn_q.weight (2 MiB q4_K) buffer type overridden to CUDA0
create_tensor: loading tensor blk.28.attn_k.weight
tensor blk.28.attn_k.weight (0 MiB q4_K) buffer type overridden to CUDA0
create_tensor: loading tensor blk.28.attn_v.weight
tensor blk.28.attn_v.weight (1 MiB q6_K) buffer type overridden to CUDA0
create_tensor: loading tensor blk.28.attn_output.weight
tensor blk.28.attn_output.weight (2 MiB q4_K) buffer type overridden to CUDA0
create_tensor: loading tensor blk.28.attn_q_norm.weight
tensor blk.28.attn_q_norm.weight (0 MiB f32) buffer type overridden to CUDA0
create_tensor: loading tensor blk.28.attn_k_norm.weight
tensor blk.28.attn_k_norm.weight (0 MiB f32) buffer type overridden to CUDA0
create_tensor: loading tensor blk.28.post_attention_norm.weight
tensor blk.28.post_attention_norm.weight (0 MiB f32) buffer type overridden to CUDA0
create_tensor: loading tensor blk.28.layer_output_scale.weight
tensor blk.28.layer_output_scale.weight (0 MiB f32) buffer type overridden to CUDA0
create_tensor: loading tensor blk.28.ffn_norm.weight
tensor blk.28.ffn_norm.weight (0 MiB f32) buffer type overridden to CUDA0
create_tensor: loading tensor blk.28.ffn_gate.weight
tensor blk.28.ffn_gate.weight (14 MiB q4_K) buffer type overridden to CUDA0
create_tensor: loading tensor blk.28.ffn_up.weight
tensor blk.28.ffn_up.weight (14 MiB q4_K) buffer type overridden to CUDA0
create_tensor: loading tensor blk.28.ffn_down.weight
tensor blk.28.ffn_down.weight (20 MiB q6_K) buffer type overridden to CUDA0
create_tensor: loading tensor blk.28.post_ffw_norm.weight
tensor blk.28.post_ffw_norm.weight (0 MiB f32) buffer type overridden to CUDA0
create_tensor: loading tensor blk.28.ffn_gate_inp.weight
create_tensor: loading tensor blk.28.inp_gate.weight
tensor blk.28.inp_gate.weight (2 MiB f32) buffer type overridden to CUDA0
create_tensor: loading tensor blk.28.proj.weight
tensor blk.28.proj.weight (2 MiB f32) buffer type overridden to CUDA0
create_tensor: loading tensor blk.28.post_norm.weight
tensor blk.28.post_norm.weight (0 MiB f32) buffer type overridden to CUDA0
create_tensor: loading tensor blk.29.attn_norm.weight
tensor blk.29.attn_norm.weight (0 MiB f32) buffer type overridden to CUDA0
create_tensor: loading tensor blk.29.attn_qkv.weight
create_tensor: loading tensor blk.29.attn_q.weight
tensor blk.29.attn_q.weight (5 MiB q4_K) buffer type overridden to CUDA0
create_tensor: loading tensor blk.29.attn_k.weight
tensor blk.29.attn_k.weight (1 MiB q4_K) buffer type overridden to CUDA0
create_tensor: loading tensor blk.29.attn_v.weight
tensor blk.29.attn_v.weight (1 MiB q4_K) buffer type overridden to CUDA0
create_tensor: loading tensor blk.29.attn_output.weight
tensor blk.29.attn_output.weight (5 MiB q4_K) buffer type overridden to CUDA0
create_tensor: loading tensor blk.29.attn_q_norm.weight
tensor blk.29.attn_q_norm.weight (0 MiB f32) buffer type overridden to CUDA0
create_tensor: loading tensor blk.29.attn_k_norm.weight
tensor blk.29.attn_k_norm.weight (0 MiB f32) buffer type overridden to CUDA0
create_tensor: loading tensor blk.29.post_attention_norm.weight
tensor blk.29.post_attention_norm.weight (0 MiB f32) buffer type overridden to CUDA0
create_tensor: loading tensor blk.29.layer_output_scale.weight
tensor blk.29.layer_output_scale.weight (0 MiB f32) buffer type overridden to CUDA0
create_tensor: loading tensor rope_freqs.weight
tensor rope_freqs.weight (0 MiB f32) buffer type overridden to CUDA0
create_tensor: loading tensor blk.29.ffn_norm.weight
tensor blk.29.ffn_norm.weight (0 MiB f32) buffer type overridden to CUDA0
create_tensor: loading tensor blk.29.ffn_gate.weight
tensor blk.29.ffn_gate.weight (14 MiB q4_K) buffer type overridden to CUDA0
create_tensor: loading tensor blk.29.ffn_up.weight
tensor blk.29.ffn_up.weight (14 MiB q4_K) buffer type overridden to CUDA0
create_tensor: loading tensor blk.29.ffn_down.weight
tensor blk.29.ffn_down.weight (14 MiB q4_K) buffer type overridden to CUDA0
create_tensor: loading tensor blk.29.post_ffw_norm.weight
tensor blk.29.post_ffw_norm.weight (0 MiB f32) buffer type overridden to CUDA0
create_tensor: loading tensor blk.29.ffn_gate_inp.weight
create_tensor: loading tensor blk.29.inp_gate.weight
tensor blk.29.inp_gate.weight (2 MiB f32) buffer type overridden to CUDA0
create_tensor: loading tensor blk.29.proj.weight
tensor blk.29.proj.weight (2 MiB f32) buffer type overridden to CUDA0
create_tensor: loading tensor blk.29.post_norm.weight
tensor blk.29.post_norm.weight (0 MiB f32) buffer type overridden to CUDA0
create_tensor: loading tensor blk.30.attn_norm.weight
tensor blk.30.attn_norm.weight (0 MiB f32) buffer type overridden to CUDA0
create_tensor: loading tensor blk.30.attn_qkv.weight
create_tensor: loading tensor blk.30.attn_q.weight
tensor blk.30.attn_q.weight (2 MiB q4_K) buffer type overridden to CUDA0
create_tensor: loading tensor blk.30.attn_k.weight
tensor blk.30.attn_k.weight (0 MiB q4_K) buffer type overridden to CUDA0
create_tensor: loading tensor blk.30.attn_v.weight
tensor blk.30.attn_v.weight (0 MiB q4_K) buffer type overridden to CUDA0
create_tensor: loading tensor blk.30.attn_output.weight
tensor blk.30.attn_output.weight (2 MiB q4_K) buffer type overridden to CUDA0
create_tensor: loading tensor blk.30.attn_q_norm.weight
tensor blk.30.attn_q_norm.weight (0 MiB f32) buffer type overridden to CUDA0
create_tensor: loading tensor blk.30.attn_k_norm.weight
tensor blk.30.attn_k_norm.weight (0 MiB f32) buffer type overridden to CUDA0
create_tensor: loading tensor blk.30.post_attention_norm.weight
tensor blk.30.post_attention_norm.weight (0 MiB f32) buffer type overridden to CUDA0
create_tensor: loading tensor blk.30.layer_output_scale.weight
tensor blk.30.layer_output_scale.weight (0 MiB f32) buffer type overridden to CUDA0
create_tensor: loading tensor blk.30.ffn_norm.weight
tensor blk.30.ffn_norm.weight (0 MiB f32) buffer type overridden to CUDA0
create_tensor: loading tensor blk.30.ffn_gate.weight
tensor blk.30.ffn_gate.weight (14 MiB q4_K) buffer type overridden to CUDA0
create_tensor: loading tensor blk.30.ffn_up.weight
tensor blk.30.ffn_up.weight (14 MiB q4_K) buffer type overridden to CUDA0
create_tensor: loading tensor blk.30.ffn_down.weight
tensor blk.30.ffn_down.weight (14 MiB q4_K) buffer type overridden to CUDA0
create_tensor: loading tensor blk.30.post_ffw_norm.weight
tensor blk.30.post_ffw_norm.weight (0 MiB f32) buffer type overridden to CUDA0
create_tensor: loading tensor blk.30.ffn_gate_inp.weight
create_tensor: loading tensor blk.30.inp_gate.weight
tensor blk.30.inp_gate.weight (2 MiB f32) buffer type overridden to CUDA0
create_tensor: loading tensor blk.30.proj.weight
tensor blk.30.proj.weight (2 MiB f32) buffer type overridden to CUDA0
create_tensor: loading tensor blk.30.post_norm.weight
tensor blk.30.post_norm.weight (0 MiB f32) buffer type overridden to CUDA0
create_tensor: loading tensor blk.31.attn_norm.weight
tensor blk.31.attn_norm.weight (0 MiB f32) buffer type overridden to CUDA0
create_tensor: loading tensor blk.31.attn_qkv.weight
create_tensor: loading tensor blk.31.attn_q.weight
tensor blk.31.attn_q.weight (2 MiB q4_K) buffer type overridden to CUDA0
create_tensor: loading tensor blk.31.attn_k.weight
tensor blk.31.attn_k.weight (0 MiB q4_K) buffer type overridden to CUDA0
create_tensor: loading tensor blk.31.attn_v.weight
tensor blk.31.attn_v.weight (1 MiB q6_K) buffer type overridden to CUDA0
create_tensor: loading tensor blk.31.attn_output.weight
tensor blk.31.attn_output.weight (2 MiB q4_K) buffer type overridden to CUDA0
create_tensor: loading tensor blk.31.attn_q_norm.weight
tensor blk.31.attn_q_norm.weight (0 MiB f32) buffer type overridden to CUDA0
create_tensor: loading tensor blk.31.attn_k_norm.weight
tensor blk.31.attn_k_norm.weight (0 MiB f32) buffer type overridden to CUDA0
create_tensor: loading tensor blk.31.post_attention_norm.weight
tensor blk.31.post_attention_norm.weight (0 MiB f32) buffer type overridden to CUDA0
create_tensor: loading tensor blk.31.layer_output_scale.weight
tensor blk.31.layer_output_scale.weight (0 MiB f32) buffer type overridden to CUDA0
create_tensor: loading tensor blk.31.ffn_norm.weight
tensor blk.31.ffn_norm.weight (0 MiB f32) buffer type overridden to CUDA0
create_tensor: loading tensor blk.31.ffn_gate.weight
tensor blk.31.ffn_gate.weight (14 MiB q4_K) buffer type overridden to CUDA0
create_tensor: loading tensor blk.31.ffn_up.weight
tensor blk.31.ffn_up.weight (14 MiB q4_K) buffer type overridden to CUDA0
create_tensor: loading tensor blk.31.ffn_down.weight
tensor blk.31.ffn_down.weight (20 MiB q6_K) buffer type overridden to CUDA0
create_tensor: loading tensor blk.31.post_ffw_norm.weight
tensor blk.31.post_ffw_norm.weight (0 MiB f32) buffer type overridden to CUDA0
create_tensor: loading tensor blk.31.ffn_gate_inp.weight
create_tensor: loading tensor blk.31.inp_gate.weight
tensor blk.31.inp_gate.weight (2 MiB f32) buffer type overridden to CUDA0
create_tensor: loading tensor blk.31.proj.weight
tensor blk.31.proj.weight (2 MiB f32) buffer type overridden to CUDA0
create_tensor: loading tensor blk.31.post_norm.weight
tensor blk.31.post_norm.weight (0 MiB f32) buffer type overridden to CUDA0
create_tensor: loading tensor blk.32.attn_norm.weight
tensor blk.32.attn_norm.weight (0 MiB f32) buffer type overridden to CUDA0
create_tensor: loading tensor blk.32.attn_qkv.weight
create_tensor: loading tensor blk.32.attn_q.weight
tensor blk.32.attn_q.weight (2 MiB q4_K) buffer type overridden to CUDA0
create_tensor: loading tensor blk.32.attn_k.weight
tensor blk.32.attn_k.weight (0 MiB q4_K) buffer type overridden to CUDA0
create_tensor: loading tensor blk.32.attn_v.weight
tensor blk.32.attn_v.weight (0 MiB q4_K) buffer type overridden to CUDA0
create_tensor: loading tensor blk.32.attn_output.weight
tensor blk.32.attn_output.weight (2 MiB q4_K) buffer type overridden to CUDA0
create_tensor: loading tensor blk.32.attn_q_norm.weight
tensor blk.32.attn_q_norm.weight (0 MiB f32) buffer type overridden to CUDA0
create_tensor: loading tensor blk.32.attn_k_norm.weight
tensor blk.32.attn_k_norm.weight (0 MiB f32) buffer type overridden to CUDA0
create_tensor: loading tensor blk.32.post_attention_norm.weight
tensor blk.32.post_attention_norm.weight (0 MiB f32) buffer type overridden to CUDA0
create_tensor: loading tensor blk.32.layer_output_scale.weight
tensor blk.32.layer_output_scale.weight (0 MiB f32) buffer type overridden to CUDA0
create_tensor: loading tensor blk.32.ffn_norm.weight
tensor blk.32.ffn_norm.weight (0 MiB f32) buffer type overridden to CUDA0
create_tensor: loading tensor blk.32.ffn_gate.weight
tensor blk.32.ffn_gate.weight (14 MiB q4_K) buffer type overridden to CUDA0
create_tensor: loading tensor blk.32.ffn_up.weight
tensor blk.32.ffn_up.weight (14 MiB q4_K) buffer type overridden to CUDA0
create_tensor: loading tensor blk.32.ffn_down.weight
tensor blk.32.ffn_down.weight (14 MiB q4_K) buffer type overridden to CUDA0
create_tensor: loading tensor blk.32.post_ffw_norm.weight
tensor blk.32.post_ffw_norm.weight (0 MiB f32) buffer type overridden to CUDA0
create_tensor: loading tensor blk.32.ffn_gate_inp.weight
create_tensor: loading tensor blk.32.inp_gate.weight
tensor blk.32.inp_gate.weight (2 MiB f32) buffer type overridden to CUDA0
create_tensor: loading tensor blk.32.proj.weight
tensor blk.32.proj.weight (2 MiB f32) buffer type overridden to CUDA0
create_tensor: loading tensor blk.32.post_norm.weight
tensor blk.32.post_norm.weight (0 MiB f32) buffer type overridden to CUDA0
create_tensor: loading tensor blk.33.attn_norm.weight
tensor blk.33.attn_norm.weight (0 MiB f32) buffer type overridden to CUDA0
create_tensor: loading tensor blk.33.attn_qkv.weight
create_tensor: loading tensor blk.33.attn_q.weight
tensor blk.33.attn_q.weight (2 MiB q4_K) buffer type overridden to CUDA0
create_tensor: loading tensor blk.33.attn_k.weight
tensor blk.33.attn_k.weight (0 MiB q4_K) buffer type overridden to CUDA0
create_tensor: loading tensor blk.33.attn_v.weight
tensor blk.33.attn_v.weight (0 MiB q4_K) buffer type overridden to CUDA0
create_tensor: loading tensor blk.33.attn_output.weight
tensor blk.33.attn_output.weight (2 MiB q4_K) buffer type overridden to CUDA0
create_tensor: loading tensor blk.33.attn_q_norm.weight
tensor blk.33.attn_q_norm.weight (0 MiB f32) buffer type overridden to CUDA0
create_tensor: loading tensor blk.33.attn_k_norm.weight
tensor blk.33.attn_k_norm.weight (0 MiB f32) buffer type overridden to CUDA0
create_tensor: loading tensor blk.33.post_attention_norm.weight
tensor blk.33.post_attention_norm.weight (0 MiB f32) buffer type overridden to CUDA0
create_tensor: loading tensor blk.33.layer_output_scale.weight
tensor blk.33.layer_output_scale.weight (0 MiB f32) buffer type overridden to CUDA0
create_tensor: loading tensor blk.33.ffn_norm.weight
tensor blk.33.ffn_norm.weight (0 MiB f32) buffer type overridden to CUDA0
create_tensor: loading tensor blk.33.ffn_gate.weight
tensor blk.33.ffn_gate.weight (14 MiB q4_K) buffer type overridden to CUDA0
create_tensor: loading tensor blk.33.ffn_up.weight
tensor blk.33.ffn_up.weight (14 MiB q4_K) buffer type overridden to CUDA0
create_tensor: loading tensor blk.33.ffn_down.weight
tensor blk.33.ffn_down.weight (14 MiB q4_K) buffer type overridden to CUDA0
create_tensor: loading tensor blk.33.post_ffw_norm.weight
tensor blk.33.post_ffw_norm.weight (0 MiB f32) buffer type overridden to CUDA0
create_tensor: loading tensor blk.33.ffn_gate_inp.weight
create_tensor: loading tensor blk.33.inp_gate.weight
tensor blk.33.inp_gate.weight (2 MiB f32) buffer type overridden to CUDA0
create_tensor: loading tensor blk.33.proj.weight
tensor blk.33.proj.weight (2 MiB f32) buffer type overridden to CUDA0
create_tensor: loading tensor blk.33.post_norm.weight
tensor blk.33.post_norm.weight (0 MiB f32) buffer type overridden to CUDA0
create_tensor: loading tensor blk.34.attn_norm.weight
tensor blk.34.attn_norm.weight (0 MiB f32) buffer type overridden to CUDA0
create_tensor: loading tensor blk.34.attn_qkv.weight
create_tensor: loading tensor blk.34.attn_q.weight
tensor blk.34.attn_q.weight (2 MiB q4_K) buffer type overridden to CUDA0
create_tensor: loading tensor blk.34.attn_k.weight
tensor blk.34.attn_k.weight (0 MiB q4_K) buffer type overridden to CUDA0
create_tensor: loading tensor blk.34.attn_v.weight
tensor blk.34.attn_v.weight (1 MiB q6_K) buffer type overridden to CUDA0
create_tensor: loading tensor blk.34.attn_output.weight
tensor blk.34.attn_output.weight (2 MiB q4_K) buffer type overridden to CUDA0
create_tensor: loading tensor blk.34.attn_q_norm.weight
tensor blk.34.attn_q_norm.weight (0 MiB f32) buffer type overridden to CUDA0
create_tensor: loading tensor blk.34.attn_k_norm.weight
tensor blk.34.attn_k_norm.weight (0 MiB f32) buffer type overridden to CUDA0
create_tensor: loading tensor blk.34.post_attention_norm.weight
tensor blk.34.post_attention_norm.weight (0 MiB f32) buffer type overridden to CUDA0
create_tensor: loading tensor blk.34.layer_output_scale.weight
tensor blk.34.layer_output_scale.weight (0 MiB f32) buffer type overridden to CUDA0
create_tensor: loading tensor blk.34.ffn_norm.weight
tensor blk.34.ffn_norm.weight (0 MiB f32) buffer type overridden to CUDA0
create_tensor: loading tensor blk.34.ffn_gate.weight
tensor blk.34.ffn_gate.weight (14 MiB q4_K) buffer type overridden to CUDA0
create_tensor: loading tensor blk.34.ffn_up.weight
tensor blk.34.ffn_up.weight (14 MiB q4_K) buffer type overridden to CUDA0
create_tensor: loading tensor blk.34.ffn_down.weight
tensor blk.34.ffn_down.weight (20 MiB q6_K) buffer type overridden to CUDA0
create_tensor: loading tensor blk.34.post_ffw_norm.weight
tensor blk.34.post_ffw_norm.weight (0 MiB f32) buffer type overridden to CUDA0
create_tensor: loading tensor blk.34.ffn_gate_inp.weight
create_tensor: loading tensor blk.34.inp_gate.weight
tensor blk.34.inp_gate.weight (2 MiB f32) buffer type overridden to CUDA0
create_tensor: loading tensor blk.34.proj.weight
tensor blk.34.proj.weight (2 MiB f32) buffer type overridden to CUDA0
create_tensor: loading tensor blk.34.post_norm.weight
tensor blk.34.post_norm.weight (0 MiB f32) buffer type overridden to CUDA0
create_tensor: loading tensor blk.35.attn_norm.weight
tensor blk.35.attn_norm.weight (0 MiB f32) buffer type overridden to CUDA0
create_tensor: loading tensor blk.35.attn_qkv.weight
create_tensor: loading tensor blk.35.attn_q.weight
tensor blk.35.attn_q.weight (5 MiB q4_K) buffer type overridden to CUDA0
create_tensor: loading tensor blk.35.attn_k.weight
tensor blk.35.attn_k.weight (1 MiB q4_K) buffer type overridden to CUDA0
create_tensor: loading tensor blk.35.attn_v.weight
tensor blk.35.attn_v.weight (1 MiB q4_K) buffer type overridden to CUDA0
create_tensor: loading tensor blk.35.attn_output.weight
tensor blk.35.attn_output.weight (5 MiB q4_K) buffer type overridden to CUDA0
create_tensor: loading tensor blk.35.attn_q_norm.weight
tensor blk.35.attn_q_norm.weight (0 MiB f32) buffer type overridden to CUDA0
create_tensor: loading tensor blk.35.attn_k_norm.weight
tensor blk.35.attn_k_norm.weight (0 MiB f32) buffer type overridden to CUDA0
create_tensor: loading tensor blk.35.post_attention_norm.weight
tensor blk.35.post_attention_norm.weight (0 MiB f32) buffer type overridden to CUDA0
create_tensor: loading tensor blk.35.layer_output_scale.weight
tensor blk.35.layer_output_scale.weight (0 MiB f32) buffer type overridden to CUDA0
create_tensor: loading tensor rope_freqs.weight
tensor rope_freqs.weight (0 MiB f32) buffer type overridden to CUDA0
create_tensor: loading tensor blk.35.ffn_norm.weight
tensor blk.35.ffn_norm.weight (0 MiB f32) buffer type overridden to CUDA0
create_tensor: loading tensor blk.35.ffn_gate.weight
tensor blk.35.ffn_gate.weight (14 MiB q4_K) buffer type overridden to CUDA0
create_tensor: loading tensor blk.35.ffn_up.weight
tensor blk.35.ffn_up.weight (14 MiB q4_K) buffer type overridden to CUDA0
create_tensor: loading tensor blk.35.ffn_down.weight
tensor blk.35.ffn_down.weight (14 MiB q4_K) buffer type overridden to CUDA0
create_tensor: loading tensor blk.35.post_ffw_norm.weight
tensor blk.35.post_ffw_norm.weight (0 MiB f32) buffer type overridden to CUDA0
create_tensor: loading tensor blk.35.ffn_gate_inp.weight
create_tensor: loading tensor blk.35.inp_gate.weight
tensor blk.35.inp_gate.weight (2 MiB f32) buffer type overridden to CUDA0
create_tensor: loading tensor blk.35.proj.weight
tensor blk.35.proj.weight (2 MiB f32) buffer type overridden to CUDA0
create_tensor: loading tensor blk.35.post_norm.weight
tensor blk.35.post_norm.weight (0 MiB f32) buffer type overridden to CUDA0
create_tensor: loading tensor blk.36.attn_norm.weight
tensor blk.36.attn_norm.weight (0 MiB f32) buffer type overridden to CUDA0
create_tensor: loading tensor blk.36.attn_qkv.weight
create_tensor: loading tensor blk.36.attn_q.weight
tensor blk.36.attn_q.weight (2 MiB q4_K) buffer type overridden to CUDA0
create_tensor: loading tensor blk.36.attn_k.weight
tensor blk.36.attn_k.weight (0 MiB q4_K) buffer type overridden to CUDA0
create_tensor: loading tensor blk.36.attn_v.weight
tensor blk.36.attn_v.weight (1 MiB q6_K) buffer type overridden to CUDA0
create_tensor: loading tensor blk.36.attn_output.weight
tensor blk.36.attn_output.weight (2 MiB q4_K) buffer type overridden to CUDA0
create_tensor: loading tensor blk.36.attn_q_norm.weight
tensor blk.36.attn_q_norm.weight (0 MiB f32) buffer type overridden to CUDA0
create_tensor: loading tensor blk.36.attn_k_norm.weight
tensor blk.36.attn_k_norm.weight (0 MiB f32) buffer type overridden to CUDA0
create_tensor: loading tensor blk.36.post_attention_norm.weight
tensor blk.36.post_attention_norm.weight (0 MiB f32) buffer type overridden to CUDA0
create_tensor: loading tensor blk.36.layer_output_scale.weight
tensor blk.36.layer_output_scale.weight (0 MiB f32) buffer type overridden to CUDA0
create_tensor: loading tensor blk.36.ffn_norm.weight
tensor blk.36.ffn_norm.weight (0 MiB f32) buffer type overridden to CUDA0
create_tensor: loading tensor blk.36.ffn_gate.weight
tensor blk.36.ffn_gate.weight (14 MiB q4_K) buffer type overridden to CUDA0
create_tensor: loading tensor blk.36.ffn_up.weight
tensor blk.36.ffn_up.weight (14 MiB q4_K) buffer type overridden to CUDA0
create_tensor: loading tensor blk.36.ffn_down.weight
tensor blk.36.ffn_down.weight (20 MiB q6_K) buffer type overridden to CUDA0
create_tensor: loading tensor blk.36.post_ffw_norm.weight
tensor blk.36.post_ffw_norm.weight (0 MiB f32) buffer type overridden to CUDA0
create_tensor: loading tensor blk.36.ffn_gate_inp.weight
create_tensor: loading tensor blk.36.inp_gate.weight
tensor blk.36.inp_gate.weight (2 MiB f32) buffer type overridden to CUDA0
create_tensor: loading tensor blk.36.proj.weight
tensor blk.36.proj.weight (2 MiB f32) buffer type overridden to CUDA0
create_tensor: loading tensor blk.36.post_norm.weight
tensor blk.36.post_norm.weight (0 MiB f32) buffer type overridden to CUDA0
create_tensor: loading tensor blk.37.attn_norm.weight
tensor blk.37.attn_norm.weight (0 MiB f32) buffer type overridden to CUDA0
create_tensor: loading tensor blk.37.attn_qkv.weight
create_tensor: loading tensor blk.37.attn_q.weight
tensor blk.37.attn_q.weight (2 MiB q4_K) buffer type overridden to CUDA0
create_tensor: loading tensor blk.37.attn_k.weight
tensor blk.37.attn_k.weight (0 MiB q4_K) buffer type overridden to CUDA0
create_tensor: loading tensor blk.37.attn_v.weight
tensor blk.37.attn_v.weight (1 MiB q6_K) buffer type overridden to CUDA0
create_tensor: loading tensor blk.37.attn_output.weight
tensor blk.37.attn_output.weight (2 MiB q4_K) buffer type overridden to CUDA0
create_tensor: loading tensor blk.37.attn_q_norm.weight
tensor blk.37.attn_q_norm.weight (0 MiB f32) buffer type overridden to CUDA0
create_tensor: loading tensor blk.37.attn_k_norm.weight
tensor blk.37.attn_k_norm.weight (0 MiB f32) buffer type overridden to CUDA0
create_tensor: loading tensor blk.37.post_attention_norm.weight
tensor blk.37.post_attention_norm.weight (0 MiB f32) buffer type overridden to CUDA0
create_tensor: loading tensor blk.37.layer_output_scale.weight
tensor blk.37.layer_output_scale.weight (0 MiB f32) buffer type overridden to CUDA0
create_tensor: loading tensor blk.37.ffn_norm.weight
tensor blk.37.ffn_norm.weight (0 MiB f32) buffer type overridden to CUDA0
create_tensor: loading tensor blk.37.ffn_gate.weight
tensor blk.37.ffn_gate.weight (14 MiB q4_K) buffer type overridden to CUDA0
create_tensor: loading tensor blk.37.ffn_up.weight
tensor blk.37.ffn_up.weight (14 MiB q4_K) buffer type overridden to CUDA0
create_tensor: loading tensor blk.37.ffn_down.weight
tensor blk.37.ffn_down.weight (20 MiB q6_K) buffer type overridden to CUDA0
create_tensor: loading tensor blk.37.post_ffw_norm.weight
tensor blk.37.post_ffw_norm.weight (0 MiB f32) buffer type overridden to CUDA0
create_tensor: loading tensor blk.37.ffn_gate_inp.weight
create_tensor: loading tensor blk.37.inp_gate.weight
tensor blk.37.inp_gate.weight (2 MiB f32) buffer type overridden to CUDA0
create_tensor: loading tensor blk.37.proj.weight
tensor blk.37.proj.weight (2 MiB f32) buffer type overridden to CUDA0
create_tensor: loading tensor blk.37.post_norm.weight
tensor blk.37.post_norm.weight (0 MiB f32) buffer type overridden to CUDA0
create_tensor: loading tensor blk.38.attn_norm.weight
tensor blk.38.attn_norm.weight (0 MiB f32) buffer type overridden to CUDA0
create_tensor: loading tensor blk.38.attn_qkv.weight
create_tensor: loading tensor blk.38.attn_q.weight
tensor blk.38.attn_q.weight (2 MiB q4_K) buffer type overridden to CUDA0
create_tensor: loading tensor blk.38.attn_k.weight
tensor blk.38.attn_k.weight (0 MiB q4_K) buffer type overridden to CUDA0
create_tensor: loading tensor blk.38.attn_v.weight
tensor blk.38.attn_v.weight (1 MiB q6_K) buffer type overridden to CUDA0
create_tensor: loading tensor blk.38.attn_output.weight
tensor blk.38.attn_output.weight (2 MiB q4_K) buffer type overridden to CUDA0
create_tensor: loading tensor blk.38.attn_q_norm.weight
tensor blk.38.attn_q_norm.weight (0 MiB f32) buffer type overridden to CUDA0
create_tensor: loading tensor blk.38.attn_k_norm.weight
tensor blk.38.attn_k_norm.weight (0 MiB f32) buffer type overridden to CUDA0
create_tensor: loading tensor blk.38.post_attention_norm.weight
tensor blk.38.post_attention_norm.weight (0 MiB f32) buffer type overridden to CUDA0
create_tensor: loading tensor blk.38.layer_output_scale.weight
tensor blk.38.layer_output_scale.weight (0 MiB f32) buffer type overridden to CUDA0
create_tensor: loading tensor blk.38.ffn_norm.weight
tensor blk.38.ffn_norm.weight (0 MiB f32) buffer type overridden to CUDA0
create_tensor: loading tensor blk.38.ffn_gate.weight
tensor blk.38.ffn_gate.weight (14 MiB q4_K) buffer type overridden to CUDA0
create_tensor: loading tensor blk.38.ffn_up.weight
tensor blk.38.ffn_up.weight (14 MiB q4_K) buffer type overridden to CUDA0
create_tensor: loading tensor blk.38.ffn_down.weight
tensor blk.38.ffn_down.weight (20 MiB q6_K) buffer type overridden to CUDA0
create_tensor: loading tensor blk.38.post_ffw_norm.weight
tensor blk.38.post_ffw_norm.weight (0 MiB f32) buffer type overridden to CUDA0
create_tensor: loading tensor blk.38.ffn_gate_inp.weight
create_tensor: loading tensor blk.38.inp_gate.weight
tensor blk.38.inp_gate.weight (2 MiB f32) buffer type overridden to CUDA0
create_tensor: loading tensor blk.38.proj.weight
tensor blk.38.proj.weight (2 MiB f32) buffer type overridden to CUDA0
create_tensor: loading tensor blk.38.post_norm.weight
tensor blk.38.post_norm.weight (0 MiB f32) buffer type overridden to CUDA0
create_tensor: loading tensor blk.39.attn_norm.weight
tensor blk.39.attn_norm.weight (0 MiB f32) buffer type overridden to CUDA0
create_tensor: loading tensor blk.39.attn_qkv.weight
create_tensor: loading tensor blk.39.attn_q.weight
tensor blk.39.attn_q.weight (2 MiB q4_K) buffer type overridden to CUDA0
create_tensor: loading tensor blk.39.attn_k.weight
tensor blk.39.attn_k.weight (0 MiB q4_K) buffer type overridden to CUDA0
create_tensor: loading tensor blk.39.attn_v.weight
tensor blk.39.attn_v.weight (1 MiB q6_K) buffer type overridden to CUDA0
create_tensor: loading tensor blk.39.attn_output.weight
tensor blk.39.attn_output.weight (2 MiB q4_K) buffer type overridden to CUDA0
create_tensor: loading tensor blk.39.attn_q_norm.weight
tensor blk.39.attn_q_norm.weight (0 MiB f32) buffer type overridden to CUDA0
create_tensor: loading tensor blk.39.attn_k_norm.weight
tensor blk.39.attn_k_norm.weight (0 MiB f32) buffer type overridden to CUDA0
create_tensor: loading tensor blk.39.post_attention_norm.weight
tensor blk.39.post_attention_norm.weight (0 MiB f32) buffer type overridden to CUDA0
create_tensor: loading tensor blk.39.layer_output_scale.weight
tensor blk.39.layer_output_scale.weight (0 MiB f32) buffer type overridden to CUDA0
create_tensor: loading tensor blk.39.ffn_norm.weight
tensor blk.39.ffn_norm.weight (0 MiB f32) buffer type overridden to CUDA0
create_tensor: loading tensor blk.39.ffn_gate.weight
tensor blk.39.ffn_gate.weight (14 MiB q4_K) buffer type overridden to CUDA0
create_tensor: loading tensor blk.39.ffn_up.weight
tensor blk.39.ffn_up.weight (14 MiB q4_K) buffer type overridden to CUDA0
create_tensor: loading tensor blk.39.ffn_down.weight
tensor blk.39.ffn_down.weight (20 MiB q6_K) buffer type overridden to CUDA0
create_tensor: loading tensor blk.39.post_ffw_norm.weight
tensor blk.39.post_ffw_norm.weight (0 MiB f32) buffer type overridden to CUDA0
create_tensor: loading tensor blk.39.ffn_gate_inp.weight
create_tensor: loading tensor blk.39.inp_gate.weight
tensor blk.39.inp_gate.weight (2 MiB f32) buffer type overridden to CUDA0
create_tensor: loading tensor blk.39.proj.weight
tensor blk.39.proj.weight (2 MiB f32) buffer type overridden to CUDA0
create_tensor: loading tensor blk.39.post_norm.weight
tensor blk.39.post_norm.weight (0 MiB f32) buffer type overridden to CUDA0
create_tensor: loading tensor blk.40.attn_norm.weight
tensor blk.40.attn_norm.weight (0 MiB f32) buffer type overridden to CUDA0
create_tensor: loading tensor blk.40.attn_qkv.weight
create_tensor: loading tensor blk.40.attn_q.weight
tensor blk.40.attn_q.weight (2 MiB q4_K) buffer type overridden to CUDA0
create_tensor: loading tensor blk.40.attn_k.weight
tensor blk.40.attn_k.weight (0 MiB q4_K) buffer type overridden to CUDA0
create_tensor: loading tensor blk.40.attn_v.weight
tensor blk.40.attn_v.weight (1 MiB q6_K) buffer type overridden to CUDA0
create_tensor: loading tensor blk.40.attn_output.weight
tensor blk.40.attn_output.weight (2 MiB q4_K) buffer type overridden to CUDA0
create_tensor: loading tensor blk.40.attn_q_norm.weight
tensor blk.40.attn_q_norm.weight (0 MiB f32) buffer type overridden to CUDA0
create_tensor: loading tensor blk.40.attn_k_norm.weight
tensor blk.40.attn_k_norm.weight (0 MiB f32) buffer type overridden to CUDA0
create_tensor: loading tensor blk.40.post_attention_norm.weight
tensor blk.40.post_attention_norm.weight (0 MiB f32) buffer type overridden to CUDA0
create_tensor: loading tensor blk.40.layer_output_scale.weight
tensor blk.40.layer_output_scale.weight (0 MiB f32) buffer type overridden to CUDA0
create_tensor: loading tensor blk.40.ffn_norm.weight
tensor blk.40.ffn_norm.weight (0 MiB f32) buffer type overridden to CUDA0
create_tensor: loading tensor blk.40.ffn_gate.weight
tensor blk.40.ffn_gate.weight (14 MiB q4_K) buffer type overridden to CUDA0
create_tensor: loading tensor blk.40.ffn_up.weight
tensor blk.40.ffn_up.weight (14 MiB q4_K) buffer type overridden to CUDA0
create_tensor: loading tensor blk.40.ffn_down.weight
tensor blk.40.ffn_down.weight (20 MiB q6_K) buffer type overridden to CUDA0
create_tensor: loading tensor blk.40.post_ffw_norm.weight
tensor blk.40.post_ffw_norm.weight (0 MiB f32) buffer type overridden to CUDA0
create_tensor: loading tensor blk.40.ffn_gate_inp.weight
create_tensor: loading tensor blk.40.inp_gate.weight
tensor blk.40.inp_gate.weight (2 MiB f32) buffer type overridden to CUDA0
create_tensor: loading tensor blk.40.proj.weight
tensor blk.40.proj.weight (2 MiB f32) buffer type overridden to CUDA0
create_tensor: loading tensor blk.40.post_norm.weight
tensor blk.40.post_norm.weight (0 MiB f32) buffer type overridden to CUDA0
create_tensor: loading tensor blk.41.attn_norm.weight
tensor blk.41.attn_norm.weight (0 MiB f32) buffer type overridden to CUDA0
create_tensor: loading tensor blk.41.attn_qkv.weight
create_tensor: loading tensor blk.41.attn_q.weight
tensor blk.41.attn_q.weight (5 MiB q4_K) buffer type overridden to CUDA0
create_tensor: loading tensor blk.41.attn_k.weight
tensor blk.41.attn_k.weight (1 MiB q4_K) buffer type overridden to CUDA0
create_tensor: loading tensor blk.41.attn_v.weight
tensor blk.41.attn_v.weight (2 MiB q6_K) buffer type overridden to CUDA0
create_tensor: loading tensor blk.41.attn_output.weight
tensor blk.41.attn_output.weight (5 MiB q4_K) buffer type overridden to CUDA0
create_tensor: loading tensor blk.41.attn_q_norm.weight
tensor blk.41.attn_q_norm.weight (0 MiB f32) buffer type overridden to CUDA0
create_tensor: loading tensor blk.41.attn_k_norm.weight
tensor blk.41.attn_k_norm.weight (0 MiB f32) buffer type overridden to CUDA0
create_tensor: loading tensor blk.41.post_attention_norm.weight
tensor blk.41.post_attention_norm.weight (0 MiB f32) buffer type overridden to CUDA0
create_tensor: loading tensor blk.41.layer_output_scale.weight
tensor blk.41.layer_output_scale.weight (0 MiB f32) buffer type overridden to CUDA0
create_tensor: loading tensor rope_freqs.weight
tensor rope_freqs.weight (0 MiB f32) buffer type overridden to CUDA0
create_tensor: loading tensor blk.41.ffn_norm.weight
tensor blk.41.ffn_norm.weight (0 MiB f32) buffer type overridden to CUDA0
create_tensor: loading tensor blk.41.ffn_gate.weight
tensor blk.41.ffn_gate.weight (14 MiB q4_K) buffer type overridden to CUDA0
create_tensor: loading tensor blk.41.ffn_up.weight
tensor blk.41.ffn_up.weight (14 MiB q4_K) buffer type overridden to CUDA0
create_tensor: loading tensor blk.41.ffn_down.weight
tensor blk.41.ffn_down.weight (20 MiB q6_K) buffer type overridden to CUDA0
create_tensor: loading tensor blk.41.post_ffw_norm.weight
tensor blk.41.post_ffw_norm.weight (0 MiB f32) buffer type overridden to CUDA0
create_tensor: loading tensor blk.41.ffn_gate_inp.weight
create_tensor: loading tensor blk.41.inp_gate.weight
tensor blk.41.inp_gate.weight (2 MiB f32) buffer type overridden to CUDA0
create_tensor: loading tensor blk.41.proj.weight
tensor blk.41.proj.weight (2 MiB f32) buffer type overridden to CUDA0
create_tensor: loading tensor blk.41.post_norm.weight
tensor blk.41.post_norm.weight (0 MiB f32) buffer type overridden to CUDA0
create_tensor: loading tensor blk.0.attn_q.scale
create_tensor: loading tensor blk.0.attn_k.scale
create_tensor: loading tensor blk.0.attn_v.scale
create_tensor: loading tensor blk.0.attn_output.scale
create_tensor: loading tensor blk.0.ffn_gate.scale
create_tensor: loading tensor blk.0.ffn_down.scale
create_tensor: loading tensor blk.0.ffn_up.scale
create_tensor: loading tensor blk.0.attn_q.input_scale
create_tensor: loading tensor blk.0.attn_k.input_scale
create_tensor: loading tensor blk.0.attn_v.input_scale
create_tensor: loading tensor blk.0.attn_output.input_scale
create_tensor: loading tensor blk.0.ffn_gate.input_scale
create_tensor: loading tensor blk.0.ffn_down.input_scale
create_tensor: loading tensor blk.0.ffn_up.input_scale
create_tensor: loading tensor blk.1.attn_q.scale
create_tensor: loading tensor blk.1.attn_k.scale
create_tensor: loading tensor blk.1.attn_v.scale
create_tensor: loading tensor blk.1.attn_output.scale
create_tensor: loading tensor blk.1.ffn_gate.scale
create_tensor: loading tensor blk.1.ffn_down.scale
create_tensor: loading tensor blk.1.ffn_up.scale
create_tensor: loading tensor blk.1.attn_q.input_scale
create_tensor: loading tensor blk.1.attn_k.input_scale
create_tensor: loading tensor blk.1.attn_v.input_scale
create_tensor: loading tensor blk.1.attn_output.input_scale
create_tensor: loading tensor blk.1.ffn_gate.input_scale
create_tensor: loading tensor blk.1.ffn_down.input_scale
create_tensor: loading tensor blk.1.ffn_up.input_scale
create_tensor: loading tensor blk.2.attn_q.scale
create_tensor: loading tensor blk.2.attn_k.scale
create_tensor: loading tensor blk.2.attn_v.scale
create_tensor: loading tensor blk.2.attn_output.scale
create_tensor: loading tensor blk.2.ffn_gate.scale
create_tensor: loading tensor blk.2.ffn_down.scale
create_tensor: loading tensor blk.2.ffn_up.scale
create_tensor: loading tensor blk.2.attn_q.input_scale
create_tensor: loading tensor blk.2.attn_k.input_scale
create_tensor: loading tensor blk.2.attn_v.input_scale
create_tensor: loading tensor blk.2.attn_output.input_scale
create_tensor: loading tensor blk.2.ffn_gate.input_scale
create_tensor: loading tensor blk.2.ffn_down.input_scale
create_tensor: loading tensor blk.2.ffn_up.input_scale
create_tensor: loading tensor blk.3.attn_q.scale
create_tensor: loading tensor blk.3.attn_k.scale
create_tensor: loading tensor blk.3.attn_v.scale
create_tensor: loading tensor blk.3.attn_output.scale
create_tensor: loading tensor blk.3.ffn_gate.scale
create_tensor: loading tensor blk.3.ffn_down.scale
create_tensor: loading tensor blk.3.ffn_up.scale
create_tensor: loading tensor blk.3.attn_q.input_scale
create_tensor: loading tensor blk.3.attn_k.input_scale
create_tensor: loading tensor blk.3.attn_v.input_scale
create_tensor: loading tensor blk.3.attn_output.input_scale
create_tensor: loading tensor blk.3.ffn_gate.input_scale
create_tensor: loading tensor blk.3.ffn_down.input_scale
create_tensor: loading tensor blk.3.ffn_up.input_scale
create_tensor: loading tensor blk.4.attn_q.scale
create_tensor: loading tensor blk.4.attn_k.scale
create_tensor: loading tensor blk.4.attn_v.scale
create_tensor: loading tensor blk.4.attn_output.scale
create_tensor: loading tensor blk.4.ffn_gate.scale
create_tensor: loading tensor blk.4.ffn_down.scale
create_tensor: loading tensor blk.4.ffn_up.scale
create_tensor: loading tensor blk.4.attn_q.input_scale
create_tensor: loading tensor blk.4.attn_k.input_scale
create_tensor: loading tensor blk.4.attn_v.input_scale
create_tensor: loading tensor blk.4.attn_output.input_scale
create_tensor: loading tensor blk.4.ffn_gate.input_scale
create_tensor: loading tensor blk.4.ffn_down.input_scale
create_tensor: loading tensor blk.4.ffn_up.input_scale
create_tensor: loading tensor blk.5.attn_q.scale
create_tensor: loading tensor blk.5.attn_k.scale
create_tensor: loading tensor blk.5.attn_v.scale
create_tensor: loading tensor blk.5.attn_output.scale
create_tensor: loading tensor blk.5.ffn_gate.scale
create_tensor: loading tensor blk.5.ffn_down.scale
create_tensor: loading tensor blk.5.ffn_up.scale
create_tensor: loading tensor blk.5.attn_q.input_scale
create_tensor: loading tensor blk.5.attn_k.input_scale
create_tensor: loading tensor blk.5.attn_v.input_scale
create_tensor: loading tensor blk.5.attn_output.input_scale
create_tensor: loading tensor blk.5.ffn_gate.input_scale
create_tensor: loading tensor blk.5.ffn_down.input_scale
create_tensor: loading tensor blk.5.ffn_up.input_scale
create_tensor: loading tensor blk.6.attn_q.scale
create_tensor: loading tensor blk.6.attn_k.scale
create_tensor: loading tensor blk.6.attn_v.scale
create_tensor: loading tensor blk.6.attn_output.scale
create_tensor: loading tensor blk.6.ffn_gate.scale
create_tensor: loading tensor blk.6.ffn_down.scale
create_tensor: loading tensor blk.6.ffn_up.scale
create_tensor: loading tensor blk.6.attn_q.input_scale
create_tensor: loading tensor blk.6.attn_k.input_scale
create_tensor: loading tensor blk.6.attn_v.input_scale
create_tensor: loading tensor blk.6.attn_output.input_scale
create_tensor: loading tensor blk.6.ffn_gate.input_scale
create_tensor: loading tensor blk.6.ffn_down.input_scale
create_tensor: loading tensor blk.6.ffn_up.input_scale
create_tensor: loading tensor blk.7.attn_q.scale
create_tensor: loading tensor blk.7.attn_k.scale
create_tensor: loading tensor blk.7.attn_v.scale
create_tensor: loading tensor blk.7.attn_output.scale
create_tensor: loading tensor blk.7.ffn_gate.scale
create_tensor: loading tensor blk.7.ffn_down.scale
create_tensor: loading tensor blk.7.ffn_up.scale
create_tensor: loading tensor blk.7.attn_q.input_scale
create_tensor: loading tensor blk.7.attn_k.input_scale
create_tensor: loading tensor blk.7.attn_v.input_scale
create_tensor: loading tensor blk.7.attn_output.input_scale
create_tensor: loading tensor blk.7.ffn_gate.input_scale
create_tensor: loading tensor blk.7.ffn_down.input_scale
create_tensor: loading tensor blk.7.ffn_up.input_scale
create_tensor: loading tensor blk.8.attn_q.scale
create_tensor: loading tensor blk.8.attn_k.scale
create_tensor: loading tensor blk.8.attn_v.scale
create_tensor: loading tensor blk.8.attn_output.scale
create_tensor: loading tensor blk.8.ffn_gate.scale
create_tensor: loading tensor blk.8.ffn_down.scale
create_tensor: loading tensor blk.8.ffn_up.scale
create_tensor: loading tensor blk.8.attn_q.input_scale
create_tensor: loading tensor blk.8.attn_k.input_scale
create_tensor: loading tensor blk.8.attn_v.input_scale
create_tensor: loading tensor blk.8.attn_output.input_scale
create_tensor: loading tensor blk.8.ffn_gate.input_scale
create_tensor: loading tensor blk.8.ffn_down.input_scale
create_tensor: loading tensor blk.8.ffn_up.input_scale
create_tensor: loading tensor blk.9.attn_q.scale
create_tensor: loading tensor blk.9.attn_k.scale
create_tensor: loading tensor blk.9.attn_v.scale
create_tensor: loading tensor blk.9.attn_output.scale
create_tensor: loading tensor blk.9.ffn_gate.scale
create_tensor: loading tensor blk.9.ffn_down.scale
create_tensor: loading tensor blk.9.ffn_up.scale
create_tensor: loading tensor blk.9.attn_q.input_scale
create_tensor: loading tensor blk.9.attn_k.input_scale
create_tensor: loading tensor blk.9.attn_v.input_scale
create_tensor: loading tensor blk.9.attn_output.input_scale
create_tensor: loading tensor blk.9.ffn_gate.input_scale
create_tensor: loading tensor blk.9.ffn_down.input_scale
create_tensor: loading tensor blk.9.ffn_up.input_scale
create_tensor: loading tensor blk.10.attn_q.scale
create_tensor: loading tensor blk.10.attn_k.scale
create_tensor: loading tensor blk.10.attn_v.scale
create_tensor: loading tensor blk.10.attn_output.scale
create_tensor: loading tensor blk.10.ffn_gate.scale
create_tensor: loading tensor blk.10.ffn_down.scale
create_tensor: loading tensor blk.10.ffn_up.scale
create_tensor: loading tensor blk.10.attn_q.input_scale
create_tensor: loading tensor blk.10.attn_k.input_scale
create_tensor: loading tensor blk.10.attn_v.input_scale
create_tensor: loading tensor blk.10.attn_output.input_scale
create_tensor: loading tensor blk.10.ffn_gate.input_scale
create_tensor: loading tensor blk.10.ffn_down.input_scale
create_tensor: loading tensor blk.10.ffn_up.input_scale
create_tensor: loading tensor blk.11.attn_q.scale
create_tensor: loading tensor blk.11.attn_k.scale
create_tensor: loading tensor blk.11.attn_v.scale
create_tensor: loading tensor blk.11.attn_output.scale
create_tensor: loading tensor blk.11.ffn_gate.scale
create_tensor: loading tensor blk.11.ffn_down.scale
create_tensor: loading tensor blk.11.ffn_up.scale
create_tensor: loading tensor blk.11.attn_q.input_scale
create_tensor: loading tensor blk.11.attn_k.input_scale
create_tensor: loading tensor blk.11.attn_v.input_scale
create_tensor: loading tensor blk.11.attn_output.input_scale
create_tensor: loading tensor blk.11.ffn_gate.input_scale
create_tensor: loading tensor blk.11.ffn_down.input_scale
create_tensor: loading tensor blk.11.ffn_up.input_scale
create_tensor: loading tensor blk.12.attn_q.scale
create_tensor: loading tensor blk.12.attn_k.scale
create_tensor: loading tensor blk.12.attn_v.scale
create_tensor: loading tensor blk.12.attn_output.scale
create_tensor: loading tensor blk.12.ffn_gate.scale
create_tensor: loading tensor blk.12.ffn_down.scale
create_tensor: loading tensor blk.12.ffn_up.scale
create_tensor: loading tensor blk.12.attn_q.input_scale
create_tensor: loading tensor blk.12.attn_k.input_scale
create_tensor: loading tensor blk.12.attn_v.input_scale
create_tensor: loading tensor blk.12.attn_output.input_scale
create_tensor: loading tensor blk.12.ffn_gate.input_scale
create_tensor: loading tensor blk.12.ffn_down.input_scale
create_tensor: loading tensor blk.12.ffn_up.input_scale
create_tensor: loading tensor blk.13.attn_q.scale
create_tensor: loading tensor blk.13.attn_k.scale
create_tensor: loading tensor blk.13.attn_v.scale
create_tensor: loading tensor blk.13.attn_output.scale
create_tensor: loading tensor blk.13.ffn_gate.scale
create_tensor: loading tensor blk.13.ffn_down.scale
create_tensor: loading tensor blk.13.ffn_up.scale
create_tensor: loading tensor blk.13.attn_q.input_scale
create_tensor: loading tensor blk.13.attn_k.input_scale
create_tensor: loading tensor blk.13.attn_v.input_scale
create_tensor: loading tensor blk.13.attn_output.input_scale
create_tensor: loading tensor blk.13.ffn_gate.input_scale
create_tensor: loading tensor blk.13.ffn_down.input_scale
create_tensor: loading tensor blk.13.ffn_up.input_scale
create_tensor: loading tensor blk.14.attn_q.scale
create_tensor: loading tensor blk.14.attn_k.scale
create_tensor: loading tensor blk.14.attn_v.scale
create_tensor: loading tensor blk.14.attn_output.scale
create_tensor: loading tensor blk.14.ffn_gate.scale
create_tensor: loading tensor blk.14.ffn_down.scale
create_tensor: loading tensor blk.14.ffn_up.scale
create_tensor: loading tensor blk.14.attn_q.input_scale
create_tensor: loading tensor blk.14.attn_k.input_scale
create_tensor: loading tensor blk.14.attn_v.input_scale
create_tensor: loading tensor blk.14.attn_output.input_scale
create_tensor: loading tensor blk.14.ffn_gate.input_scale
create_tensor: loading tensor blk.14.ffn_down.input_scale
create_tensor: loading tensor blk.14.ffn_up.input_scale
create_tensor: loading tensor blk.15.attn_q.scale
create_tensor: loading tensor blk.15.attn_k.scale
create_tensor: loading tensor blk.15.attn_v.scale
create_tensor: loading tensor blk.15.attn_output.scale
create_tensor: loading tensor blk.15.ffn_gate.scale
create_tensor: loading tensor blk.15.ffn_down.scale
create_tensor: loading tensor blk.15.ffn_up.scale
create_tensor: loading tensor blk.15.attn_q.input_scale
create_tensor: loading tensor blk.15.attn_k.input_scale
create_tensor: loading tensor blk.15.attn_v.input_scale
create_tensor: loading tensor blk.15.attn_output.input_scale
create_tensor: loading tensor blk.15.ffn_gate.input_scale
create_tensor: loading tensor blk.15.ffn_down.input_scale
create_tensor: loading tensor blk.15.ffn_up.input_scale
create_tensor: loading tensor blk.16.attn_q.scale
create_tensor: loading tensor blk.16.attn_k.scale
create_tensor: loading tensor blk.16.attn_v.scale
create_tensor: loading tensor blk.16.attn_output.scale
create_tensor: loading tensor blk.16.ffn_gate.scale
create_tensor: loading tensor blk.16.ffn_down.scale
create_tensor: loading tensor blk.16.ffn_up.scale
create_tensor: loading tensor blk.16.attn_q.input_scale
create_tensor: loading tensor blk.16.attn_k.input_scale
create_tensor: loading tensor blk.16.attn_v.input_scale
create_tensor: loading tensor blk.16.attn_output.input_scale
create_tensor: loading tensor blk.16.ffn_gate.input_scale
create_tensor: loading tensor blk.16.ffn_down.input_scale
create_tensor: loading tensor blk.16.ffn_up.input_scale
create_tensor: loading tensor blk.17.attn_q.scale
create_tensor: loading tensor blk.17.attn_k.scale
create_tensor: loading tensor blk.17.attn_v.scale
create_tensor: loading tensor blk.17.attn_output.scale
create_tensor: loading tensor blk.17.ffn_gate.scale
create_tensor: loading tensor blk.17.ffn_down.scale
create_tensor: loading tensor blk.17.ffn_up.scale
create_tensor: loading tensor blk.17.attn_q.input_scale
create_tensor: loading tensor blk.17.attn_k.input_scale
create_tensor: loading tensor blk.17.attn_v.input_scale
create_tensor: loading tensor blk.17.attn_output.input_scale
create_tensor: loading tensor blk.17.ffn_gate.input_scale
create_tensor: loading tensor blk.17.ffn_down.input_scale
create_tensor: loading tensor blk.17.ffn_up.input_scale
create_tensor: loading tensor blk.18.attn_q.scale
create_tensor: loading tensor blk.18.attn_k.scale
create_tensor: loading tensor blk.18.attn_v.scale
create_tensor: loading tensor blk.18.attn_output.scale
create_tensor: loading tensor blk.18.ffn_gate.scale
create_tensor: loading tensor blk.18.ffn_down.scale
create_tensor: loading tensor blk.18.ffn_up.scale
create_tensor: loading tensor blk.18.attn_q.input_scale
create_tensor: loading tensor blk.18.attn_k.input_scale
create_tensor: loading tensor blk.18.attn_v.input_scale
create_tensor: loading tensor blk.18.attn_output.input_scale
create_tensor: loading tensor blk.18.ffn_gate.input_scale
create_tensor: loading tensor blk.18.ffn_down.input_scale
create_tensor: loading tensor blk.18.ffn_up.input_scale
create_tensor: loading tensor blk.19.attn_q.scale
create_tensor: loading tensor blk.19.attn_k.scale
create_tensor: loading tensor blk.19.attn_v.scale
create_tensor: loading tensor blk.19.attn_output.scale
create_tensor: loading tensor blk.19.ffn_gate.scale
create_tensor: loading tensor blk.19.ffn_down.scale
create_tensor: loading tensor blk.19.ffn_up.scale
create_tensor: loading tensor blk.19.attn_q.input_scale
create_tensor: loading tensor blk.19.attn_k.input_scale
create_tensor: loading tensor blk.19.attn_v.input_scale
create_tensor: loading tensor blk.19.attn_output.input_scale
create_tensor: loading tensor blk.19.ffn_gate.input_scale
create_tensor: loading tensor blk.19.ffn_down.input_scale
create_tensor: loading tensor blk.19.ffn_up.input_scale
create_tensor: loading tensor blk.20.attn_q.scale
create_tensor: loading tensor blk.20.attn_k.scale
create_tensor: loading tensor blk.20.attn_v.scale
create_tensor: loading tensor blk.20.attn_output.scale
create_tensor: loading tensor blk.20.ffn_gate.scale
create_tensor: loading tensor blk.20.ffn_down.scale
create_tensor: loading tensor blk.20.ffn_up.scale
create_tensor: loading tensor blk.20.attn_q.input_scale
create_tensor: loading tensor blk.20.attn_k.input_scale
create_tensor: loading tensor blk.20.attn_v.input_scale
create_tensor: loading tensor blk.20.attn_output.input_scale
create_tensor: loading tensor blk.20.ffn_gate.input_scale
create_tensor: loading tensor blk.20.ffn_down.input_scale
create_tensor: loading tensor blk.20.ffn_up.input_scale
create_tensor: loading tensor blk.21.attn_q.scale
create_tensor: loading tensor blk.21.attn_k.scale
create_tensor: loading tensor blk.21.attn_v.scale
create_tensor: loading tensor blk.21.attn_output.scale
create_tensor: loading tensor blk.21.ffn_gate.scale
create_tensor: loading tensor blk.21.ffn_down.scale
create_tensor: loading tensor blk.21.ffn_up.scale
create_tensor: loading tensor blk.21.attn_q.input_scale
create_tensor: loading tensor blk.21.attn_k.input_scale
create_tensor: loading tensor blk.21.attn_v.input_scale
create_tensor: loading tensor blk.21.attn_output.input_scale
create_tensor: loading tensor blk.21.ffn_gate.input_scale
create_tensor: loading tensor blk.21.ffn_down.input_scale
create_tensor: loading tensor blk.21.ffn_up.input_scale
create_tensor: loading tensor blk.22.attn_q.scale
create_tensor: loading tensor blk.22.attn_k.scale
create_tensor: loading tensor blk.22.attn_v.scale
create_tensor: loading tensor blk.22.attn_output.scale
create_tensor: loading tensor blk.22.ffn_gate.scale
create_tensor: loading tensor blk.22.ffn_down.scale
create_tensor: loading tensor blk.22.ffn_up.scale
create_tensor: loading tensor blk.22.attn_q.input_scale
create_tensor: loading tensor blk.22.attn_k.input_scale
create_tensor: loading tensor blk.22.attn_v.input_scale
create_tensor: loading tensor blk.22.attn_output.input_scale
create_tensor: loading tensor blk.22.ffn_gate.input_scale
create_tensor: loading tensor blk.22.ffn_down.input_scale
create_tensor: loading tensor blk.22.ffn_up.input_scale
create_tensor: loading tensor blk.23.attn_q.scale
create_tensor: loading tensor blk.23.attn_k.scale
create_tensor: loading tensor blk.23.attn_v.scale
create_tensor: loading tensor blk.23.attn_output.scale
create_tensor: loading tensor blk.23.ffn_gate.scale
create_tensor: loading tensor blk.23.ffn_down.scale
create_tensor: loading tensor blk.23.ffn_up.scale
create_tensor: loading tensor blk.23.attn_q.input_scale
create_tensor: loading tensor blk.23.attn_k.input_scale
create_tensor: loading tensor blk.23.attn_v.input_scale
create_tensor: loading tensor blk.23.attn_output.input_scale
create_tensor: loading tensor blk.23.ffn_gate.input_scale
create_tensor: loading tensor blk.23.ffn_down.input_scale
create_tensor: loading tensor blk.23.ffn_up.input_scale
create_tensor: loading tensor blk.24.attn_q.scale
create_tensor: loading tensor blk.24.attn_k.scale
create_tensor: loading tensor blk.24.attn_v.scale
create_tensor: loading tensor blk.24.attn_output.scale
create_tensor: loading tensor blk.24.ffn_gate.scale
create_tensor: loading tensor blk.24.ffn_down.scale
create_tensor: loading tensor blk.24.ffn_up.scale
create_tensor: loading tensor blk.24.attn_q.input_scale
create_tensor: loading tensor blk.24.attn_k.input_scale
create_tensor: loading tensor blk.24.attn_v.input_scale
create_tensor: loading tensor blk.24.attn_output.input_scale
create_tensor: loading tensor blk.24.ffn_gate.input_scale
create_tensor: loading tensor blk.24.ffn_down.input_scale
create_tensor: loading tensor blk.24.ffn_up.input_scale
create_tensor: loading tensor blk.25.attn_q.scale
create_tensor: loading tensor blk.25.attn_k.scale
create_tensor: loading tensor blk.25.attn_v.scale
create_tensor: loading tensor blk.25.attn_output.scale
create_tensor: loading tensor blk.25.ffn_gate.scale
create_tensor: loading tensor blk.25.ffn_down.scale
create_tensor: loading tensor blk.25.ffn_up.scale
create_tensor: loading tensor blk.25.attn_q.input_scale
create_tensor: loading tensor blk.25.attn_k.input_scale
create_tensor: loading tensor blk.25.attn_v.input_scale
create_tensor: loading tensor blk.25.attn_output.input_scale
create_tensor: loading tensor blk.25.ffn_gate.input_scale
create_tensor: loading tensor blk.25.ffn_down.input_scale
create_tensor: loading tensor blk.25.ffn_up.input_scale
create_tensor: loading tensor blk.26.attn_q.scale
create_tensor: loading tensor blk.26.attn_k.scale
create_tensor: loading tensor blk.26.attn_v.scale
create_tensor: loading tensor blk.26.attn_output.scale
create_tensor: loading tensor blk.26.ffn_gate.scale
create_tensor: loading tensor blk.26.ffn_down.scale
create_tensor: loading tensor blk.26.ffn_up.scale
create_tensor: loading tensor blk.26.attn_q.input_scale
create_tensor: loading tensor blk.26.attn_k.input_scale
create_tensor: loading tensor blk.26.attn_v.input_scale
create_tensor: loading tensor blk.26.attn_output.input_scale
create_tensor: loading tensor blk.26.ffn_gate.input_scale
create_tensor: loading tensor blk.26.ffn_down.input_scale
create_tensor: loading tensor blk.26.ffn_up.input_scale
create_tensor: loading tensor blk.27.attn_q.scale
create_tensor: loading tensor blk.27.attn_k.scale
create_tensor: loading tensor blk.27.attn_v.scale
create_tensor: loading tensor blk.27.attn_output.scale
create_tensor: loading tensor blk.27.ffn_gate.scale
create_tensor: loading tensor blk.27.ffn_down.scale
create_tensor: loading tensor blk.27.ffn_up.scale
create_tensor: loading tensor blk.27.attn_q.input_scale
create_tensor: loading tensor blk.27.attn_k.input_scale
create_tensor: loading tensor blk.27.attn_v.input_scale
create_tensor: loading tensor blk.27.attn_output.input_scale
create_tensor: loading tensor blk.27.ffn_gate.input_scale
create_tensor: loading tensor blk.27.ffn_down.input_scale
create_tensor: loading tensor blk.27.ffn_up.input_scale
create_tensor: loading tensor blk.28.attn_q.scale
create_tensor: loading tensor blk.28.attn_k.scale
create_tensor: loading tensor blk.28.attn_v.scale
create_tensor: loading tensor blk.28.attn_output.scale
create_tensor: loading tensor blk.28.ffn_gate.scale
create_tensor: loading tensor blk.28.ffn_down.scale
create_tensor: loading tensor blk.28.ffn_up.scale
create_tensor: loading tensor blk.28.attn_q.input_scale
create_tensor: loading tensor blk.28.attn_k.input_scale
create_tensor: loading tensor blk.28.attn_v.input_scale
create_tensor: loading tensor blk.28.attn_output.input_scale
create_tensor: loading tensor blk.28.ffn_gate.input_scale
create_tensor: loading tensor blk.28.ffn_down.input_scale
create_tensor: loading tensor blk.28.ffn_up.input_scale
create_tensor: loading tensor blk.29.attn_q.scale
create_tensor: loading tensor blk.29.attn_k.scale
create_tensor: loading tensor blk.29.attn_v.scale
create_tensor: loading tensor blk.29.attn_output.scale
create_tensor: loading tensor blk.29.ffn_gate.scale
create_tensor: loading tensor blk.29.ffn_down.scale
create_tensor: loading tensor blk.29.ffn_up.scale
create_tensor: loading tensor blk.29.attn_q.input_scale
create_tensor: loading tensor blk.29.attn_k.input_scale
create_tensor: loading tensor blk.29.attn_v.input_scale
create_tensor: loading tensor blk.29.attn_output.input_scale
create_tensor: loading tensor blk.29.ffn_gate.input_scale
create_tensor: loading tensor blk.29.ffn_down.input_scale
create_tensor: loading tensor blk.29.ffn_up.input_scale
create_tensor: loading tensor blk.30.attn_q.scale
create_tensor: loading tensor blk.30.attn_k.scale
create_tensor: loading tensor blk.30.attn_v.scale
create_tensor: loading tensor blk.30.attn_output.scale
create_tensor: loading tensor blk.30.ffn_gate.scale
create_tensor: loading tensor blk.30.ffn_down.scale
create_tensor: loading tensor blk.30.ffn_up.scale
create_tensor: loading tensor blk.30.attn_q.input_scale
create_tensor: loading tensor blk.30.attn_k.input_scale
create_tensor: loading tensor blk.30.attn_v.input_scale
create_tensor: loading tensor blk.30.attn_output.input_scale
create_tensor: loading tensor blk.30.ffn_gate.input_scale
create_tensor: loading tensor blk.30.ffn_down.input_scale
create_tensor: loading tensor blk.30.ffn_up.input_scale
create_tensor: loading tensor blk.31.attn_q.scale
create_tensor: loading tensor blk.31.attn_k.scale
create_tensor: loading tensor blk.31.attn_v.scale
create_tensor: loading tensor blk.31.attn_output.scale
create_tensor: loading tensor blk.31.ffn_gate.scale
create_tensor: loading tensor blk.31.ffn_down.scale
create_tensor: loading tensor blk.31.ffn_up.scale
create_tensor: loading tensor blk.31.attn_q.input_scale
create_tensor: loading tensor blk.31.attn_k.input_scale
create_tensor: loading tensor blk.31.attn_v.input_scale
create_tensor: loading tensor blk.31.attn_output.input_scale
create_tensor: loading tensor blk.31.ffn_gate.input_scale
create_tensor: loading tensor blk.31.ffn_down.input_scale
create_tensor: loading tensor blk.31.ffn_up.input_scale
create_tensor: loading tensor blk.32.attn_q.scale
create_tensor: loading tensor blk.32.attn_k.scale
create_tensor: loading tensor blk.32.attn_v.scale
create_tensor: loading tensor blk.32.attn_output.scale
create_tensor: loading tensor blk.32.ffn_gate.scale
create_tensor: loading tensor blk.32.ffn_down.scale
create_tensor: loading tensor blk.32.ffn_up.scale
create_tensor: loading tensor blk.32.attn_q.input_scale
create_tensor: loading tensor blk.32.attn_k.input_scale
create_tensor: loading tensor blk.32.attn_v.input_scale
create_tensor: loading tensor blk.32.attn_output.input_scale
create_tensor: loading tensor blk.32.ffn_gate.input_scale
create_tensor: loading tensor blk.32.ffn_down.input_scale
create_tensor: loading tensor blk.32.ffn_up.input_scale
create_tensor: loading tensor blk.33.attn_q.scale
create_tensor: loading tensor blk.33.attn_k.scale
create_tensor: loading tensor blk.33.attn_v.scale
create_tensor: loading tensor blk.33.attn_output.scale
create_tensor: loading tensor blk.33.ffn_gate.scale
create_tensor: loading tensor blk.33.ffn_down.scale
create_tensor: loading tensor blk.33.ffn_up.scale
create_tensor: loading tensor blk.33.attn_q.input_scale
create_tensor: loading tensor blk.33.attn_k.input_scale
create_tensor: loading tensor blk.33.attn_v.input_scale
create_tensor: loading tensor blk.33.attn_output.input_scale
create_tensor: loading tensor blk.33.ffn_gate.input_scale
create_tensor: loading tensor blk.33.ffn_down.input_scale
create_tensor: loading tensor blk.33.ffn_up.input_scale
create_tensor: loading tensor blk.34.attn_q.scale
create_tensor: loading tensor blk.34.attn_k.scale
create_tensor: loading tensor blk.34.attn_v.scale
create_tensor: loading tensor blk.34.attn_output.scale
create_tensor: loading tensor blk.34.ffn_gate.scale
create_tensor: loading tensor blk.34.ffn_down.scale
create_tensor: loading tensor blk.34.ffn_up.scale
create_tensor: loading tensor blk.34.attn_q.input_scale
create_tensor: loading tensor blk.34.attn_k.input_scale
create_tensor: loading tensor blk.34.attn_v.input_scale
create_tensor: loading tensor blk.34.attn_output.input_scale
create_tensor: loading tensor blk.34.ffn_gate.input_scale
create_tensor: loading tensor blk.34.ffn_down.input_scale
create_tensor: loading tensor blk.34.ffn_up.input_scale
create_tensor: loading tensor blk.35.attn_q.scale
create_tensor: loading tensor blk.35.attn_k.scale
create_tensor: loading tensor blk.35.attn_v.scale
create_tensor: loading tensor blk.35.attn_output.scale
create_tensor: loading tensor blk.35.ffn_gate.scale
create_tensor: loading tensor blk.35.ffn_down.scale
create_tensor: loading tensor blk.35.ffn_up.scale
create_tensor: loading tensor blk.35.attn_q.input_scale
create_tensor: loading tensor blk.35.attn_k.input_scale
create_tensor: loading tensor blk.35.attn_v.input_scale
create_tensor: loading tensor blk.35.attn_output.input_scale
create_tensor: loading tensor blk.35.ffn_gate.input_scale
create_tensor: loading tensor blk.35.ffn_down.input_scale
create_tensor: loading tensor blk.35.ffn_up.input_scale
create_tensor: loading tensor blk.36.attn_q.scale
create_tensor: loading tensor blk.36.attn_k.scale
create_tensor: loading tensor blk.36.attn_v.scale
create_tensor: loading tensor blk.36.attn_output.scale
create_tensor: loading tensor blk.36.ffn_gate.scale
create_tensor: loading tensor blk.36.ffn_down.scale
create_tensor: loading tensor blk.36.ffn_up.scale
create_tensor: loading tensor blk.36.attn_q.input_scale
create_tensor: loading tensor blk.36.attn_k.input_scale
create_tensor: loading tensor blk.36.attn_v.input_scale
create_tensor: loading tensor blk.36.attn_output.input_scale
create_tensor: loading tensor blk.36.ffn_gate.input_scale
create_tensor: loading tensor blk.36.ffn_down.input_scale
create_tensor: loading tensor blk.36.ffn_up.input_scale
create_tensor: loading tensor blk.37.attn_q.scale
create_tensor: loading tensor blk.37.attn_k.scale
create_tensor: loading tensor blk.37.attn_v.scale
create_tensor: loading tensor blk.37.attn_output.scale
create_tensor: loading tensor blk.37.ffn_gate.scale
create_tensor: loading tensor blk.37.ffn_down.scale
create_tensor: loading tensor blk.37.ffn_up.scale
create_tensor: loading tensor blk.37.attn_q.input_scale
create_tensor: loading tensor blk.37.attn_k.input_scale
create_tensor: loading tensor blk.37.attn_v.input_scale
create_tensor: loading tensor blk.37.attn_output.input_scale
create_tensor: loading tensor blk.37.ffn_gate.input_scale
create_tensor: loading tensor blk.37.ffn_down.input_scale
create_tensor: loading tensor blk.37.ffn_up.input_scale
create_tensor: loading tensor blk.38.attn_q.scale
create_tensor: loading tensor blk.38.attn_k.scale
create_tensor: loading tensor blk.38.attn_v.scale
create_tensor: loading tensor blk.38.attn_output.scale
create_tensor: loading tensor blk.38.ffn_gate.scale
create_tensor: loading tensor blk.38.ffn_down.scale
create_tensor: loading tensor blk.38.ffn_up.scale
create_tensor: loading tensor blk.38.attn_q.input_scale
create_tensor: loading tensor blk.38.attn_k.input_scale
create_tensor: loading tensor blk.38.attn_v.input_scale
create_tensor: loading tensor blk.38.attn_output.input_scale
create_tensor: loading tensor blk.38.ffn_gate.input_scale
create_tensor: loading tensor blk.38.ffn_down.input_scale
create_tensor: loading tensor blk.38.ffn_up.input_scale
create_tensor: loading tensor blk.39.attn_q.scale
create_tensor: loading tensor blk.39.attn_k.scale
create_tensor: loading tensor blk.39.attn_v.scale
create_tensor: loading tensor blk.39.attn_output.scale
create_tensor: loading tensor blk.39.ffn_gate.scale
create_tensor: loading tensor blk.39.ffn_down.scale
create_tensor: loading tensor blk.39.ffn_up.scale
create_tensor: loading tensor blk.39.attn_q.input_scale
create_tensor: loading tensor blk.39.attn_k.input_scale
create_tensor: loading tensor blk.39.attn_v.input_scale
create_tensor: loading tensor blk.39.attn_output.input_scale
create_tensor: loading tensor blk.39.ffn_gate.input_scale
create_tensor: loading tensor blk.39.ffn_down.input_scale
create_tensor: loading tensor blk.39.ffn_up.input_scale
create_tensor: loading tensor blk.40.attn_q.scale
create_tensor: loading tensor blk.40.attn_k.scale
create_tensor: loading tensor blk.40.attn_v.scale
create_tensor: loading tensor blk.40.attn_output.scale
create_tensor: loading tensor blk.40.ffn_gate.scale
create_tensor: loading tensor blk.40.ffn_down.scale
create_tensor: loading tensor blk.40.ffn_up.scale
create_tensor: loading tensor blk.40.attn_q.input_scale
create_tensor: loading tensor blk.40.attn_k.input_scale
create_tensor: loading tensor blk.40.attn_v.input_scale
create_tensor: loading tensor blk.40.attn_output.input_scale
create_tensor: loading tensor blk.40.ffn_gate.input_scale
create_tensor: loading tensor blk.40.ffn_down.input_scale
create_tensor: loading tensor blk.40.ffn_up.input_scale
create_tensor: loading tensor blk.41.attn_q.scale
create_tensor: loading tensor blk.41.attn_k.scale
create_tensor: loading tensor blk.41.attn_v.scale
create_tensor: loading tensor blk.41.attn_output.scale
create_tensor: loading tensor blk.41.ffn_gate.scale
create_tensor: loading tensor blk.41.ffn_down.scale
create_tensor: loading tensor blk.41.ffn_up.scale
create_tensor: loading tensor blk.41.attn_q.input_scale
create_tensor: loading tensor blk.41.attn_k.input_scale
create_tensor: loading tensor blk.41.attn_v.input_scale
create_tensor: loading tensor blk.41.attn_output.input_scale
create_tensor: loading tensor blk.41.ffn_gate.input_scale
create_tensor: loading tensor blk.41.ffn_down.input_scale
create_tensor: loading tensor blk.41.ffn_up.input_scale
done_getting_tensors: tensor 'token_embd.weight' (q4_K) (and 1 others) cannot be used with preferred buffer type CUDA_Host, using CUDA0 instead
load_tensors: offloading output layer to GPU
load_tensors: offloading 41 repeating layers to GPU
load_tensors: offloaded 43/43 layers to GPU
load_tensors:        CUDA0 model buffer size =  5091.51 MiB
.....................................................
llama_context: constructing llama_context
llama_context: n_seq_max             = 1
llama_context: n_ctx                 = 9216
llama_context: n_ctx_seq             = 9216
llama_context: n_batch               = 512
llama_context: n_ubatch              = 512
llama_context: causal_attn           = 1
llama_context: flash_attn            = disabled
llama_context: kv_unified            = false
llama_context: freq_base             = 1000000.0
llama_context: freq_scale            = 1
llama_context: n_rs_seq              = 0
llama_context: n_outputs_max         = 512
llama_context: n_outputs_max_per_seq = 1
llama_context: n_ctx_seq (9216) < n_ctx_train (131072) -- the full capacity of the model will not be utilized
set_abort_callback: call
llama_context:  CUDA_Host  output buffer size =     1.00 MiB
llama_kv_cache_iswa: using full-size SWA cache (ref: https://github.com/ggml-org/llama.cpp/pull/13194#issuecomment-2868343055)
llama_kv_cache_iswa: creating non-SWA KV cache, size = 9216 cells
llama_kv_cache: the V embeddings have different sizes across layers and FA is not enabled - padding V cache to 1024
llama_kv_cache: layer   0: filtered
llama_kv_cache: layer   1: filtered
llama_kv_cache: layer   2: filtered
llama_kv_cache: layer   3: filtered
llama_kv_cache: layer   4: filtered
llama_kv_cache: layer   5: dev = CUDA0
llama_kv_cache: layer   6: filtered
llama_kv_cache: layer   7: filtered
llama_kv_cache: layer   8: filtered
llama_kv_cache: layer   9: filtered
llama_kv_cache: layer  10: filtered
llama_kv_cache: layer  11: dev = CUDA0
llama_kv_cache: layer  12: filtered
llama_kv_cache: layer  13: filtered
llama_kv_cache: layer  14: filtered
llama_kv_cache: layer  15: filtered
llama_kv_cache: layer  16: filtered
llama_kv_cache: layer  17: dev = CUDA0
llama_kv_cache: layer  18: filtered
llama_kv_cache: layer  19: filtered
llama_kv_cache: layer  20: filtered
llama_kv_cache: layer  21: filtered
llama_kv_cache: layer  22: filtered
llama_kv_cache: layer  23: dev = CUDA0
llama_kv_cache: layer  24: does not have KV cache
llama_kv_cache: layer  25: does not have KV cache
llama_kv_cache: layer  26: does not have KV cache
llama_kv_cache: layer  27: does not have KV cache
llama_kv_cache: layer  28: does not have KV cache
llama_kv_cache: layer  29: does not have KV cache
llama_kv_cache: layer  30: does not have KV cache
llama_kv_cache: layer  31: does not have KV cache
llama_kv_cache: layer  32: does not have KV cache
llama_kv_cache: layer  33: does not have KV cache
llama_kv_cache: layer  34: does not have KV cache
llama_kv_cache: layer  35: does not have KV cache
llama_kv_cache: layer  36: does not have KV cache
llama_kv_cache: layer  37: does not have KV cache
llama_kv_cache: layer  38: does not have KV cache
llama_kv_cache: layer  39: does not have KV cache
llama_kv_cache: layer  40: does not have KV cache
llama_kv_cache: layer  41: does not have KV cache
llama_kv_cache: reusing layers:
llama_kv_cache: - layer   0: no reuse
llama_kv_cache: - layer   1: no reuse
llama_kv_cache: - layer   2: no reuse
llama_kv_cache: - layer   3: no reuse
llama_kv_cache: - layer   4: no reuse
llama_kv_cache: - layer   5: no reuse
llama_kv_cache: - layer   6: no reuse
llama_kv_cache: - layer   7: no reuse
llama_kv_cache: - layer   8: no reuse
llama_kv_cache: - layer   9: no reuse
llama_kv_cache: - layer  10: no reuse
llama_kv_cache: - layer  11: no reuse
llama_kv_cache: - layer  12: no reuse
llama_kv_cache: - layer  13: no reuse
llama_kv_cache: - layer  14: no reuse
llama_kv_cache: - layer  15: no reuse
llama_kv_cache: - layer  16: no reuse
llama_kv_cache: - layer  17: no reuse
llama_kv_cache: - layer  18: no reuse
llama_kv_cache: - layer  19: no reuse
llama_kv_cache: - layer  20: no reuse
llama_kv_cache: - layer  21: no reuse
llama_kv_cache: - layer  22: no reuse
llama_kv_cache: - layer  23: no reuse
llama_kv_cache: - layer  24: filtered
llama_kv_cache: - layer  25: filtered
llama_kv_cache: - layer  26: filtered
llama_kv_cache: - layer  27: filtered
llama_kv_cache: - layer  28: filtered
llama_kv_cache: - layer  29: reuse layer 23, is_swa = 0
llama_kv_cache: - layer  30: filtered
llama_kv_cache: - layer  31: filtered
llama_kv_cache: - layer  32: filtered
llama_kv_cache: - layer  33: filtered
llama_kv_cache: - layer  34: filtered
llama_kv_cache: - layer  35: reuse layer 23, is_swa = 0
llama_kv_cache: - layer  36: filtered
llama_kv_cache: - layer  37: filtered
llama_kv_cache: - layer  38: filtered
llama_kv_cache: - layer  39: filtered
llama_kv_cache: - layer  40: filtered
llama_kv_cache: - layer  41: reuse layer 23, is_swa = 0
llama_kv_cache:      CUDA0 KV buffer size =   288.00 MiB
llama_kv_cache: size =  288.00 MiB (  9216 cells,   4 layers,  1/1 seqs), K (f32):  144.00 MiB, V (f32):  144.00 MiB
llama_kv_cache: attn_rot_k = 0, n_embd_head_k_all = 512
llama_kv_cache: attn_rot_v = 0, n_embd_head_k_all = 512
llama_kv_cache_iswa: creating     SWA KV cache, size = 9216 cells
llama_kv_cache: the V embeddings have different sizes across layers and FA is not enabled - padding V cache to 1024
llama_kv_cache: layer   0: dev = CUDA0
llama_kv_cache: layer   1: dev = CUDA0
llama_kv_cache: layer   2: dev = CUDA0
llama_kv_cache: layer   3: dev = CUDA0
llama_kv_cache: layer   4: dev = CUDA0
llama_kv_cache: layer   5: filtered
llama_kv_cache: layer   6: dev = CUDA0
llama_kv_cache: layer   7: dev = CUDA0
llama_kv_cache: layer   8: dev = CUDA0
llama_kv_cache: layer   9: dev = CUDA0
llama_kv_cache: layer  10: dev = CUDA0
llama_kv_cache: layer  11: filtered
llama_kv_cache: layer  12: dev = CUDA0
llama_kv_cache: layer  13: dev = CUDA0
llama_kv_cache: layer  14: dev = CUDA0
llama_kv_cache: layer  15: dev = CUDA0
llama_kv_cache: layer  16: dev = CUDA0
llama_kv_cache: layer  17: filtered
llama_kv_cache: layer  18: dev = CUDA0
llama_kv_cache: layer  19: dev = CUDA0
llama_kv_cache: layer  20: dev = CUDA0
llama_kv_cache: layer  21: dev = CUDA0
llama_kv_cache: layer  22: dev = CUDA0
llama_kv_cache: layer  23: filtered
llama_kv_cache: layer  24: does not have KV cache
llama_kv_cache: layer  25: does not have KV cache
llama_kv_cache: layer  26: does not have KV cache
llama_kv_cache: layer  27: does not have KV cache
llama_kv_cache: layer  28: does not have KV cache
llama_kv_cache: layer  29: does not have KV cache
llama_kv_cache: layer  30: does not have KV cache
llama_kv_cache: layer  31: does not have KV cache
llama_kv_cache: layer  32: does not have KV cache
llama_kv_cache: layer  33: does not have KV cache
llama_kv_cache: layer  34: does not have KV cache
llama_kv_cache: layer  35: does not have KV cache
llama_kv_cache: layer  36: does not have KV cache
llama_kv_cache: layer  37: does not have KV cache
llama_kv_cache: layer  38: does not have KV cache
llama_kv_cache: layer  39: does not have KV cache
llama_kv_cache: layer  40: does not have KV cache
llama_kv_cache: layer  41: does not have KV cache
llama_kv_cache: reusing layers:
llama_kv_cache: - layer   0: no reuse
llama_kv_cache: - layer   1: no reuse
llama_kv_cache: - layer   2: no reuse
llama_kv_cache: - layer   3: no reuse
llama_kv_cache: - layer   4: no reuse
llama_kv_cache: - layer   5: no reuse
llama_kv_cache: - layer   6: no reuse
llama_kv_cache: - layer   7: no reuse
llama_kv_cache: - layer   8: no reuse
llama_kv_cache: - layer   9: no reuse
llama_kv_cache: - layer  10: no reuse
llama_kv_cache: - layer  11: no reuse
llama_kv_cache: - layer  12: no reuse
llama_kv_cache: - layer  13: no reuse
llama_kv_cache: - layer  14: no reuse
llama_kv_cache: - layer  15: no reuse
llama_kv_cache: - layer  16: no reuse
llama_kv_cache: - layer  17: no reuse
llama_kv_cache: - layer  18: no reuse
llama_kv_cache: - layer  19: no reuse
llama_kv_cache: - layer  20: no reuse
llama_kv_cache: - layer  21: no reuse
llama_kv_cache: - layer  22: no reuse
llama_kv_cache: - layer  23: no reuse
llama_kv_cache: - layer  24: reuse layer 22, is_swa = 1
llama_kv_cache: - layer  25: reuse layer 22, is_swa = 1
llama_kv_cache: - layer  26: reuse layer 22, is_swa = 1
llama_kv_cache: - layer  27: reuse layer 22, is_swa = 1
llama_kv_cache: - layer  28: reuse layer 22, is_swa = 1
llama_kv_cache: - layer  29: filtered
llama_kv_cache: - layer  30: reuse layer 22, is_swa = 1
llama_kv_cache: - layer  31: reuse layer 22, is_swa = 1
llama_kv_cache: - layer  32: reuse layer 22, is_swa = 1
llama_kv_cache: - layer  33: reuse layer 22, is_swa = 1
llama_kv_cache: - layer  34: reuse layer 22, is_swa = 1
llama_kv_cache: - layer  35: filtered
llama_kv_cache: - layer  36: reuse layer 22, is_swa = 1
llama_kv_cache: - layer  37: reuse layer 22, is_swa = 1
llama_kv_cache: - layer  38: reuse layer 22, is_swa = 1
llama_kv_cache: - layer  39: reuse layer 22, is_swa = 1
llama_kv_cache: - layer  40: reuse layer 22, is_swa = 1
llama_kv_cache: - layer  41: filtered
llama_kv_cache:      CUDA0 KV buffer size =  1080.00 MiB
llama_kv_cache: size = 1080.00 MiB (  9216 cells,  20 layers,  1/1 seqs), K (f32):  360.00 MiB, V (f32):  720.00 MiB
llama_kv_cache: attn_rot_k = 0, n_embd_head_k_all = 256
llama_kv_cache: attn_rot_v = 0, n_embd_head_k_all = 256
llama_context: enumerating backends
llama_context: backend_ptrs.size() = 2
sched_reserve: reserving ...
sched_reserve: max_nodes = 5768
sched_reserve: reserving full memory module
sched_reserve: worst-case: n_tokens = 512, n_seqs = 1, n_outputs = 1
resolve_fused_ops: resolving fused DeepSeek V4 HC support:
graph_reserve: reserving a graph for ubatch with n_tokens =    1, n_seqs =  1, n_outputs =    1
llama_graph_n_input_tensors: input tensor '                         out_ids' [i32, ne = {     1,     1,     1,     1 }] is used by node 'result_norm' (GET_ROWS)
llama_graph_n_input_tensors: input tensor '                attn_inp_kq_mask' [f32, ne = {  9216,     1,     1,     1 }] is used by node 'kq_soft_max-5' (SOFT_MAX)
llama_graph_n_input_tensors: input tensor '                attn_inp_kq_mask' [f32, ne = {  9216,     1,     1,     1 }] is used by node 'kq_soft_max-11' (SOFT_MAX)
llama_graph_n_input_tensors: input tensor '                attn_inp_kq_mask' [f32, ne = {  9216,     1,     1,     1 }] is used by node 'kq_soft_max-17' (SOFT_MAX)
llama_graph_n_input_tensors: input tensor '                attn_inp_kq_mask' [f32, ne = {  9216,     1,     1,     1 }] is used by node 'kq_soft_max-23' (SOFT_MAX)
llama_graph_n_input_tensors: input tensor '                attn_inp_kq_mask' [f32, ne = {  9216,     1,     1,     1 }] is used by node 'kq_soft_max-29' (SOFT_MAX)
llama_graph_n_input_tensors: input tensor '                attn_inp_kq_mask' [f32, ne = {  9216,     1,     1,     1 }] is used by node 'kq_soft_max-35' (SOFT_MAX)
llama_graph_n_input_tensors: input tensor '                attn_inp_kq_mask' [f32, ne = {  9216,     1,     1,     1 }] is used by node 'kq_soft_max-41' (SOFT_MAX)
llama_graph_n_input_tensors: input tensor '                 attn_inp_v_idxs' [i64, ne = {  1024,     1,     1,     1 }] is used by node 'cache_v_l5 (reshaped) (view)' (SET_ROWS)
llama_graph_n_input_tensors: input tensor '                 attn_inp_v_idxs' [i64, ne = {  1024,     1,     1,     1 }] is used by node 'cache_v_l11 (reshaped) (view)' (SET_ROWS)
llama_graph_n_input_tensors: input tensor '                 attn_inp_v_idxs' [i64, ne = {  1024,     1,     1,     1 }] is used by node 'cache_v_l17 (reshaped) (view)' (SET_ROWS)
llama_graph_n_input_tensors: input tensor '                 attn_inp_v_idxs' [i64, ne = {  1024,     1,     1,     1 }] is used by node 'cache_v_l23 (reshaped) (view)' (SET_ROWS)
llama_graph_n_input_tensors: input tensor '                 attn_inp_k_idxs' [i64, ne = {     1,     1,     1,     1 }] is used by node 'cache_k_l5 (view)' (SET_ROWS)
llama_graph_n_input_tensors: input tensor '                 attn_inp_k_idxs' [i64, ne = {     1,     1,     1,     1 }] is used by node 'cache_k_l11 (view)' (SET_ROWS)
llama_graph_n_input_tensors: input tensor '                 attn_inp_k_idxs' [i64, ne = {     1,     1,     1,     1 }] is used by node 'cache_k_l17 (view)' (SET_ROWS)
llama_graph_n_input_tensors: input tensor '                 attn_inp_k_idxs' [i64, ne = {     1,     1,     1,     1 }] is used by node 'cache_k_l23 (view)' (SET_ROWS)
llama_graph_n_input_tensors: input tensor '                attn_inp_kq_mask' [f32, ne = {  9216,     1,     1,     1 }] is used by node 'kq_soft_max-0' (SOFT_MAX)
llama_graph_n_input_tensors: input tensor '                attn_inp_kq_mask' [f32, ne = {  9216,     1,     1,     1 }] is used by node 'kq_soft_max-1' (SOFT_MAX)
llama_graph_n_input_tensors: input tensor '                attn_inp_kq_mask' [f32, ne = {  9216,     1,     1,     1 }] is used by node 'kq_soft_max-2' (SOFT_MAX)
llama_graph_n_input_tensors: input tensor '                attn_inp_kq_mask' [f32, ne = {  9216,     1,     1,     1 }] is used by node 'kq_soft_max-3' (SOFT_MAX)
llama_graph_n_input_tensors: input tensor '                attn_inp_kq_mask' [f32, ne = {  9216,     1,     1,     1 }] is used by node 'kq_soft_max-4' (SOFT_MAX)
llama_graph_n_input_tensors: input tensor '                attn_inp_kq_mask' [f32, ne = {  9216,     1,     1,     1 }] is used by node 'kq_soft_max-6' (SOFT_MAX)
llama_graph_n_input_tensors: input tensor '                attn_inp_kq_mask' [f32, ne = {  9216,     1,     1,     1 }] is used by node 'kq_soft_max-7' (SOFT_MAX)
llama_graph_n_input_tensors: input tensor '                attn_inp_kq_mask' [f32, ne = {  9216,     1,     1,     1 }] is used by node 'kq_soft_max-8' (SOFT_MAX)
llama_graph_n_input_tensors: input tensor '                attn_inp_kq_mask' [f32, ne = {  9216,     1,     1,     1 }] is used by node 'kq_soft_max-9' (SOFT_MAX)
llama_graph_n_input_tensors: input tensor '                attn_inp_kq_mask' [f32, ne = {  9216,     1,     1,     1 }] is used by node 'kq_soft_max-10' (SOFT_MAX)
llama_graph_n_input_tensors: input tensor '                attn_inp_kq_mask' [f32, ne = {  9216,     1,     1,     1 }] is used by node 'kq_soft_max-12' (SOFT_MAX)
llama_graph_n_input_tensors: input tensor '                attn_inp_kq_mask' [f32, ne = {  9216,     1,     1,     1 }] is used by node 'kq_soft_max-13' (SOFT_MAX)
llama_graph_n_input_tensors: input tensor '                attn_inp_kq_mask' [f32, ne = {  9216,     1,     1,     1 }] is used by node 'kq_soft_max-14' (SOFT_MAX)
llama_graph_n_input_tensors: input tensor '                attn_inp_kq_mask' [f32, ne = {  9216,     1,     1,     1 }] is used by node 'kq_soft_max-15' (SOFT_MAX)
llama_graph_n_input_tensors: input tensor '                attn_inp_kq_mask' [f32, ne = {  9216,     1,     1,     1 }] is used by node 'kq_soft_max-16' (SOFT_MAX)
llama_graph_n_input_tensors: input tensor '                attn_inp_kq_mask' [f32, ne = {  9216,     1,     1,     1 }] is used by node 'kq_soft_max-18' (SOFT_MAX)
llama_graph_n_input_tensors: input tensor '                attn_inp_kq_mask' [f32, ne = {  9216,     1,     1,     1 }] is used by node 'kq_soft_max-19' (SOFT_MAX)
llama_graph_n_input_tensors: input tensor '                attn_inp_kq_mask' [f32, ne = {  9216,     1,     1,     1 }] is used by node 'kq_soft_max-20' (SOFT_MAX)
llama_graph_n_input_tensors: input tensor '                attn_inp_kq_mask' [f32, ne = {  9216,     1,     1,     1 }] is used by node 'kq_soft_max-21' (SOFT_MAX)
llama_graph_n_input_tensors: input tensor '                attn_inp_kq_mask' [f32, ne = {  9216,     1,     1,     1 }] is used by node 'kq_soft_max-22' (SOFT_MAX)
llama_graph_n_input_tensors: input tensor '                attn_inp_kq_mask' [f32, ne = {  9216,     1,     1,     1 }] is used by node 'kq_soft_max-24' (SOFT_MAX)
llama_graph_n_input_tensors: input tensor '                attn_inp_kq_mask' [f32, ne = {  9216,     1,     1,     1 }] is used by node 'kq_soft_max-25' (SOFT_MAX)
llama_graph_n_input_tensors: input tensor '                attn_inp_kq_mask' [f32, ne = {  9216,     1,     1,     1 }] is used by node 'kq_soft_max-26' (SOFT_MAX)
llama_graph_n_input_tensors: input tensor '                attn_inp_kq_mask' [f32, ne = {  9216,     1,     1,     1 }] is used by node 'kq_soft_max-27' (SOFT_MAX)
llama_graph_n_input_tensors: input tensor '                attn_inp_kq_mask' [f32, ne = {  9216,     1,     1,     1 }] is used by node 'kq_soft_max-28' (SOFT_MAX)
llama_graph_n_input_tensors: input tensor '                attn_inp_kq_mask' [f32, ne = {  9216,     1,     1,     1 }] is used by node 'kq_soft_max-30' (SOFT_MAX)
llama_graph_n_input_tensors: input tensor '                attn_inp_kq_mask' [f32, ne = {  9216,     1,     1,     1 }] is used by node 'kq_soft_max-31' (SOFT_MAX)
llama_graph_n_input_tensors: input tensor '                attn_inp_kq_mask' [f32, ne = {  9216,     1,     1,     1 }] is used by node 'kq_soft_max-32' (SOFT_MAX)
llama_graph_n_input_tensors: input tensor '                attn_inp_kq_mask' [f32, ne = {  9216,     1,     1,     1 }] is used by node 'kq_soft_max-33' (SOFT_MAX)
llama_graph_n_input_tensors: input tensor '                attn_inp_kq_mask' [f32, ne = {  9216,     1,     1,     1 }] is used by node 'kq_soft_max-34' (SOFT_MAX)
llama_graph_n_input_tensors: input tensor '                attn_inp_kq_mask' [f32, ne = {  9216,     1,     1,     1 }] is used by node 'kq_soft_max-36' (SOFT_MAX)
llama_graph_n_input_tensors: input tensor '                attn_inp_kq_mask' [f32, ne = {  9216,     1,     1,     1 }] is used by node 'kq_soft_max-37' (SOFT_MAX)
llama_graph_n_input_tensors: input tensor '                attn_inp_kq_mask' [f32, ne = {  9216,     1,     1,     1 }] is used by node 'kq_soft_max-38' (SOFT_MAX)
llama_graph_n_input_tensors: input tensor '                attn_inp_kq_mask' [f32, ne = {  9216,     1,     1,     1 }] is used by node 'kq_soft_max-39' (SOFT_MAX)
llama_graph_n_input_tensors: input tensor '                attn_inp_kq_mask' [f32, ne = {  9216,     1,     1,     1 }] is used by node 'kq_soft_max-40' (SOFT_MAX)
llama_graph_n_input_tensors: input tensor '                 attn_inp_v_idxs' [i64, ne = {  1024,     1,     1,     1 }] is used by node 'cache_v_l0 (reshaped) (view)' (SET_ROWS)
llama_graph_n_input_tensors: input tensor '                 attn_inp_v_idxs' [i64, ne = {  1024,     1,     1,     1 }] is used by node 'cache_v_l1 (reshaped) (view)' (SET_ROWS)
llama_graph_n_input_tensors: input tensor '                 attn_inp_v_idxs' [i64, ne = {  1024,     1,     1,     1 }] is used by node 'cache_v_l2 (reshaped) (view)' (SET_ROWS)
llama_graph_n_input_tensors: input tensor '                 attn_inp_v_idxs' [i64, ne = {  1024,     1,     1,     1 }] is used by node 'cache_v_l3 (reshaped) (view)' (SET_ROWS)
llama_graph_n_input_tensors: input tensor '                 attn_inp_v_idxs' [i64, ne = {  1024,     1,     1,     1 }] is used by node 'cache_v_l4 (reshaped) (view)' (SET_ROWS)
llama_graph_n_input_tensors: input tensor '                 attn_inp_v_idxs' [i64, ne = {  1024,     1,     1,     1 }] is used by node 'cache_v_l6 (reshaped) (view)' (SET_ROWS)
llama_graph_n_input_tensors: input tensor '                 attn_inp_v_idxs' [i64, ne = {  1024,     1,     1,     1 }] is used by node 'cache_v_l7 (reshaped) (view)' (SET_ROWS)
llama_graph_n_input_tensors: input tensor '                 attn_inp_v_idxs' [i64, ne = {  1024,     1,     1,     1 }] is used by node 'cache_v_l8 (reshaped) (view)' (SET_ROWS)
llama_graph_n_input_tensors: input tensor '                 attn_inp_v_idxs' [i64, ne = {  1024,     1,     1,     1 }] is used by node 'cache_v_l9 (reshaped) (view)' (SET_ROWS)
llama_graph_n_input_tensors: input tensor '                 attn_inp_v_idxs' [i64, ne = {  1024,     1,     1,     1 }] is used by node 'cache_v_l10 (reshaped) (view)' (SET_ROWS)
llama_graph_n_input_tensors: input tensor '                 attn_inp_v_idxs' [i64, ne = {  1024,     1,     1,     1 }] is used by node 'cache_v_l12 (reshaped) (view)' (SET_ROWS)
llama_graph_n_input_tensors: input tensor '                 attn_inp_v_idxs' [i64, ne = {  1024,     1,     1,     1 }] is used by node 'cache_v_l13 (reshaped) (view)' (SET_ROWS)
llama_graph_n_input_tensors: input tensor '                 attn_inp_v_idxs' [i64, ne = {  1024,     1,     1,     1 }] is used by node 'cache_v_l14 (reshaped) (view)' (SET_ROWS)
llama_graph_n_input_tensors: input tensor '                 attn_inp_v_idxs' [i64, ne = {  1024,     1,     1,     1 }] is used by node 'cache_v_l15 (reshaped) (view)' (SET_ROWS)
llama_graph_n_input_tensors: input tensor '                 attn_inp_v_idxs' [i64, ne = {  1024,     1,     1,     1 }] is used by node 'cache_v_l16 (reshaped) (view)' (SET_ROWS)
llama_graph_n_input_tensors: input tensor '                 attn_inp_v_idxs' [i64, ne = {  1024,     1,     1,     1 }] is used by node 'cache_v_l18 (reshaped) (view)' (SET_ROWS)
llama_graph_n_input_tensors: input tensor '                 attn_inp_v_idxs' [i64, ne = {  1024,     1,     1,     1 }] is used by node 'cache_v_l19 (reshaped) (view)' (SET_ROWS)
llama_graph_n_input_tensors: input tensor '                 attn_inp_v_idxs' [i64, ne = {  1024,     1,     1,     1 }] is used by node 'cache_v_l20 (reshaped) (view)' (SET_ROWS)
llama_graph_n_input_tensors: input tensor '                 attn_inp_v_idxs' [i64, ne = {  1024,     1,     1,     1 }] is used by node 'cache_v_l21 (reshaped) (view)' (SET_ROWS)
llama_graph_n_input_tensors: input tensor '                 attn_inp_v_idxs' [i64, ne = {  1024,     1,     1,     1 }] is used by node 'cache_v_l22 (reshaped) (view)' (SET_ROWS)
llama_graph_n_input_tensors: input tensor '                 attn_inp_k_idxs' [i64, ne = {     1,     1,     1,     1 }] is used by node 'cache_k_l0 (view)' (SET_ROWS)
llama_graph_n_input_tensors: input tensor '                 attn_inp_k_idxs' [i64, ne = {     1,     1,     1,     1 }] is used by node 'cache_k_l1 (view)' (SET_ROWS)
llama_graph_n_input_tensors: input tensor '                 attn_inp_k_idxs' [i64, ne = {     1,     1,     1,     1 }] is used by node 'cache_k_l2 (view)' (SET_ROWS)
llama_graph_n_input_tensors: input tensor '                 attn_inp_k_idxs' [i64, ne = {     1,     1,     1,     1 }] is used by node 'cache_k_l3 (view)' (SET_ROWS)
llama_graph_n_input_tensors: input tensor '                 attn_inp_k_idxs' [i64, ne = {     1,     1,     1,     1 }] is used by node 'cache_k_l4 (view)' (SET_ROWS)
llama_graph_n_input_tensors: input tensor '                 attn_inp_k_idxs' [i64, ne = {     1,     1,     1,     1 }] is used by node 'cache_k_l6 (view)' (SET_ROWS)
llama_graph_n_input_tensors: input tensor '                 attn_inp_k_idxs' [i64, ne = {     1,     1,     1,     1 }] is used by node 'cache_k_l7 (view)' (SET_ROWS)
llama_graph_n_input_tensors: input tensor '                 attn_inp_k_idxs' [i64, ne = {     1,     1,     1,     1 }] is used by node 'cache_k_l8 (view)' (SET_ROWS)
llama_graph_n_input_tensors: input tensor '                 attn_inp_k_idxs' [i64, ne = {     1,     1,     1,     1 }] is used by node 'cache_k_l9 (view)' (SET_ROWS)
llama_graph_n_input_tensors: input tensor '                 attn_inp_k_idxs' [i64, ne = {     1,     1,     1,     1 }] is used by node 'cache_k_l10 (view)' (SET_ROWS)
llama_graph_n_input_tensors: input tensor '                 attn_inp_k_idxs' [i64, ne = {     1,     1,     1,     1 }] is used by node 'cache_k_l12 (view)' (SET_ROWS)
llama_graph_n_input_tensors: input tensor '                 attn_inp_k_idxs' [i64, ne = {     1,     1,     1,     1 }] is used by node 'cache_k_l13 (view)' (SET_ROWS)
llama_graph_n_input_tensors: input tensor '                 attn_inp_k_idxs' [i64, ne = {     1,     1,     1,     1 }] is used by node 'cache_k_l14 (view)' (SET_ROWS)
llama_graph_n_input_tensors: input tensor '                 attn_inp_k_idxs' [i64, ne = {     1,     1,     1,     1 }] is used by node 'cache_k_l15 (view)' (SET_ROWS)
llama_graph_n_input_tensors: input tensor '                 attn_inp_k_idxs' [i64, ne = {     1,     1,     1,     1 }] is used by node 'cache_k_l16 (view)' (SET_ROWS)
llama_graph_n_input_tensors: input tensor '                 attn_inp_k_idxs' [i64, ne = {     1,     1,     1,     1 }] is used by node 'cache_k_l18 (view)' (SET_ROWS)
llama_graph_n_input_tensors: input tensor '                 attn_inp_k_idxs' [i64, ne = {     1,     1,     1,     1 }] is used by node 'cache_k_l19 (view)' (SET_ROWS)
llama_graph_n_input_tensors: input tensor '                 attn_inp_k_idxs' [i64, ne = {     1,     1,     1,     1 }] is used by node 'cache_k_l20 (view)' (SET_ROWS)
llama_graph_n_input_tensors: input tensor '                 attn_inp_k_idxs' [i64, ne = {     1,     1,     1,     1 }] is used by node 'cache_k_l21 (view)' (SET_ROWS)
llama_graph_n_input_tensors: input tensor '                 attn_inp_k_idxs' [i64, ne = {     1,     1,     1,     1 }] is used by node 'cache_k_l22 (view)' (SET_ROWS)
llama_graph_n_input_tensors: input tensor '                         inp_pos' [i32, ne = {     1,     1,     1,     1 }] is used by node 'Qcur_pos-0' (ROPE)
llama_graph_n_input_tensors: input tensor '                         inp_pos' [i32, ne = {     1,     1,     1,     1 }] is used by node 'Kcur_pos-0' (ROPE)
llama_graph_n_input_tensors: input tensor '                         inp_pos' [i32, ne = {     1,     1,     1,     1 }] is used by node 'Qcur_pos-1' (ROPE)
llama_graph_n_input_tensors: input tensor '                         inp_pos' [i32, ne = {     1,     1,     1,     1 }] is used by node 'Kcur_pos-1' (ROPE)
llama_graph_n_input_tensors: input tensor '                         inp_pos' [i32, ne = {     1,     1,     1,     1 }] is used by node 'Qcur_pos-2' (ROPE)
llama_graph_n_input_tensors: input tensor '                         inp_pos' [i32, ne = {     1,     1,     1,     1 }] is used by node 'Kcur_pos-2' (ROPE)
llama_graph_n_input_tensors: input tensor '                         inp_pos' [i32, ne = {     1,     1,     1,     1 }] is used by node 'Qcur_pos-3' (ROPE)
llama_graph_n_input_tensors: input tensor '                         inp_pos' [i32, ne = {     1,     1,     1,     1 }] is used by node 'Kcur_pos-3' (ROPE)
llama_graph_n_input_tensors: input tensor '                         inp_pos' [i32, ne = {     1,     1,     1,     1 }] is used by node 'Qcur_pos-4' (ROPE)
llama_graph_n_input_tensors: input tensor '                         inp_pos' [i32, ne = {     1,     1,     1,     1 }] is used by node 'Kcur_pos-4' (ROPE)
llama_graph_n_input_tensors: input tensor '                         inp_pos' [i32, ne = {     1,     1,     1,     1 }] is used by node 'Qcur_pos-5' (ROPE)
llama_graph_n_input_tensors: input tensor '                         inp_pos' [i32, ne = {     1,     1,     1,     1 }] is used by node 'Kcur_pos-5' (ROPE)
llama_graph_n_input_tensors: input tensor '                         inp_pos' [i32, ne = {     1,     1,     1,     1 }] is used by node 'Qcur_pos-6' (ROPE)
llama_graph_n_input_tensors: input tensor '                         inp_pos' [i32, ne = {     1,     1,     1,     1 }] is used by node 'Kcur_pos-6' (ROPE)
llama_graph_n_input_tensors: input tensor '                         inp_pos' [i32, ne = {     1,     1,     1,     1 }] is used by node 'Qcur_pos-7' (ROPE)
llama_graph_n_input_tensors: input tensor '                         inp_pos' [i32, ne = {     1,     1,     1,     1 }] is used by node 'Kcur_pos-7' (ROPE)
llama_graph_n_input_tensors: input tensor '                         inp_pos' [i32, ne = {     1,     1,     1,     1 }] is used by node 'Qcur_pos-8' (ROPE)
llama_graph_n_input_tensors: input tensor '                         inp_pos' [i32, ne = {     1,     1,     1,     1 }] is used by node 'Kcur_pos-8' (ROPE)
llama_graph_n_input_tensors: input tensor '                         inp_pos' [i32, ne = {     1,     1,     1,     1 }] is used by node 'Qcur_pos-9' (ROPE)
llama_graph_n_input_tensors: input tensor '                         inp_pos' [i32, ne = {     1,     1,     1,     1 }] is used by node 'Kcur_pos-9' (ROPE)
llama_graph_n_input_tensors: input tensor '                         inp_pos' [i32, ne = {     1,     1,     1,     1 }] is used by node 'Qcur_pos-10' (ROPE)
llama_graph_n_input_tensors: input tensor '                         inp_pos' [i32, ne = {     1,     1,     1,     1 }] is used by node 'Kcur_pos-10' (ROPE)
llama_graph_n_input_tensors: input tensor '                         inp_pos' [i32, ne = {     1,     1,     1,     1 }] is used by node 'Qcur_pos-11' (ROPE)
llama_graph_n_input_tensors: input tensor '                         inp_pos' [i32, ne = {     1,     1,     1,     1 }] is used by node 'Kcur_pos-11' (ROPE)
llama_graph_n_input_tensors: input tensor '                         inp_pos' [i32, ne = {     1,     1,     1,     1 }] is used by node 'Qcur_pos-12' (ROPE)
llama_graph_n_input_tensors: input tensor '                         inp_pos' [i32, ne = {     1,     1,     1,     1 }] is used by node 'Kcur_pos-12' (ROPE)
llama_graph_n_input_tensors: input tensor '                         inp_pos' [i32, ne = {     1,     1,     1,     1 }] is used by node 'Qcur_pos-13' (ROPE)
llama_graph_n_input_tensors: input tensor '                         inp_pos' [i32, ne = {     1,     1,     1,     1 }] is used by node 'Kcur_pos-13' (ROPE)
llama_graph_n_input_tensors: input tensor '                         inp_pos' [i32, ne = {     1,     1,     1,     1 }] is used by node 'Qcur_pos-14' (ROPE)
llama_graph_n_input_tensors: input tensor '                         inp_pos' [i32, ne = {     1,     1,     1,     1 }] is used by node 'Kcur_pos-14' (ROPE)
llama_graph_n_input_tensors: input tensor '                         inp_pos' [i32, ne = {     1,     1,     1,     1 }] is used by node 'Qcur_pos-15' (ROPE)
llama_graph_n_input_tensors: input tensor '                         inp_pos' [i32, ne = {     1,     1,     1,     1 }] is used by node 'Kcur_pos-15' (ROPE)
llama_graph_n_input_tensors: input tensor '                         inp_pos' [i32, ne = {     1,     1,     1,     1 }] is used by node 'Qcur_pos-16' (ROPE)
llama_graph_n_input_tensors: input tensor '                         inp_pos' [i32, ne = {     1,     1,     1,     1 }] is used by node 'Kcur_pos-16' (ROPE)
llama_graph_n_input_tensors: input tensor '                         inp_pos' [i32, ne = {     1,     1,     1,     1 }] is used by node 'Qcur_pos-17' (ROPE)
llama_graph_n_input_tensors: input tensor '                         inp_pos' [i32, ne = {     1,     1,     1,     1 }] is used by node 'Kcur_pos-17' (ROPE)
llama_graph_n_input_tensors: input tensor '                         inp_pos' [i32, ne = {     1,     1,     1,     1 }] is used by node 'Qcur_pos-18' (ROPE)
llama_graph_n_input_tensors: input tensor '                         inp_pos' [i32, ne = {     1,     1,     1,     1 }] is used by node 'Kcur_pos-18' (ROPE)
llama_graph_n_input_tensors: input tensor '                         inp_pos' [i32, ne = {     1,     1,     1,     1 }] is used by node 'Qcur_pos-19' (ROPE)
llama_graph_n_input_tensors: input tensor '                         inp_pos' [i32, ne = {     1,     1,     1,     1 }] is used by node 'Kcur_pos-19' (ROPE)
llama_graph_n_input_tensors: input tensor '                         inp_pos' [i32, ne = {     1,     1,     1,     1 }] is used by node 'Qcur_pos-20' (ROPE)
llama_graph_n_input_tensors: input tensor '                         inp_pos' [i32, ne = {     1,     1,     1,     1 }] is used by node 'Kcur_pos-20' (ROPE)
llama_graph_n_input_tensors: input tensor '                         inp_pos' [i32, ne = {     1,     1,     1,     1 }] is used by node 'Qcur_pos-21' (ROPE)
llama_graph_n_input_tensors: input tensor '                         inp_pos' [i32, ne = {     1,     1,     1,     1 }] is used by node 'Kcur_pos-21' (ROPE)
llama_graph_n_input_tensors: input tensor '                         inp_pos' [i32, ne = {     1,     1,     1,     1 }] is used by node 'Qcur_pos-22' (ROPE)
llama_graph_n_input_tensors: input tensor '                         inp_pos' [i32, ne = {     1,     1,     1,     1 }] is used by node 'Kcur_pos-22' (ROPE)
llama_graph_n_input_tensors: input tensor '                         inp_pos' [i32, ne = {     1,     1,     1,     1 }] is used by node 'Qcur_pos-23' (ROPE)
llama_graph_n_input_tensors: input tensor '                         inp_pos' [i32, ne = {     1,     1,     1,     1 }] is used by node 'Kcur_pos-23' (ROPE)
llama_graph_n_input_tensors: input tensor '                         inp_pos' [i32, ne = {     1,     1,     1,     1 }] is used by node 'Qcur_pos-24' (ROPE)
llama_graph_n_input_tensors: input tensor '                         inp_pos' [i32, ne = {     1,     1,     1,     1 }] is used by node 'Qcur_pos-25' (ROPE)
llama_graph_n_input_tensors: input tensor '                         inp_pos' [i32, ne = {     1,     1,     1,     1 }] is used by node 'Qcur_pos-26' (ROPE)
llama_graph_n_input_tensors: input tensor '                         inp_pos' [i32, ne = {     1,     1,     1,     1 }] is used by node 'Qcur_pos-27' (ROPE)
llama_graph_n_input_tensors: input tensor '                         inp_pos' [i32, ne = {     1,     1,     1,     1 }] is used by node 'Qcur_pos-28' (ROPE)
llama_graph_n_input_tensors: input tensor '                         inp_pos' [i32, ne = {     1,     1,     1,     1 }] is used by node 'Qcur_pos-29' (ROPE)
llama_graph_n_input_tensors: input tensor '                         inp_pos' [i32, ne = {     1,     1,     1,     1 }] is used by node 'Qcur_pos-30' (ROPE)
llama_graph_n_input_tensors: input tensor '                         inp_pos' [i32, ne = {     1,     1,     1,     1 }] is used by node 'Qcur_pos-31' (ROPE)
llama_graph_n_input_tensors: input tensor '                         inp_pos' [i32, ne = {     1,     1,     1,     1 }] is used by node 'Qcur_pos-32' (ROPE)
llama_graph_n_input_tensors: input tensor '                         inp_pos' [i32, ne = {     1,     1,     1,     1 }] is used by node 'Qcur_pos-33' (ROPE)
llama_graph_n_input_tensors: input tensor '                         inp_pos' [i32, ne = {     1,     1,     1,     1 }] is used by node 'Qcur_pos-34' (ROPE)
llama_graph_n_input_tensors: input tensor '                         inp_pos' [i32, ne = {     1,     1,     1,     1 }] is used by node 'Qcur_pos-35' (ROPE)
llama_graph_n_input_tensors: input tensor '                         inp_pos' [i32, ne = {     1,     1,     1,     1 }] is used by node 'Qcur_pos-36' (ROPE)
llama_graph_n_input_tensors: input tensor '                         inp_pos' [i32, ne = {     1,     1,     1,     1 }] is used by node 'Qcur_pos-37' (ROPE)
llama_graph_n_input_tensors: input tensor '                         inp_pos' [i32, ne = {     1,     1,     1,     1 }] is used by node 'Qcur_pos-38' (ROPE)
llama_graph_n_input_tensors: input tensor '                         inp_pos' [i32, ne = {     1,     1,     1,     1 }] is used by node 'Qcur_pos-39' (ROPE)
llama_graph_n_input_tensors: input tensor '                         inp_pos' [i32, ne = {     1,     1,     1,     1 }] is used by node 'Qcur_pos-40' (ROPE)
llama_graph_n_input_tensors: input tensor '                         inp_pos' [i32, ne = {     1,     1,     1,     1 }] is used by node 'Qcur_pos-41' (ROPE)
llama_graph_n_input_tensors: input tensor '                          leaf_4' [i32, ne = {     1,     1,     1,     1 }] is used by node 'node_1' (GET_ROWS)
llama_graph_n_input_tensors: input tensor '                      inp_tokens' [i32, ne = {     1,     1,     1,     1 }] is used by node 'embd' (GET_ROWS)
resolve_fused_ops: fused DeepSeek V4 HC pre enabled
graph_reserve: reserving a graph for ubatch with n_tokens =    1, n_seqs =  1, n_outputs =    1
llama_graph_n_input_tensors: input tensor '                         out_ids' [i32, ne = {     1,     1,     1,     1 }] is used by node 'result_norm' (GET_ROWS)
llama_graph_n_input_tensors: input tensor '                attn_inp_kq_mask' [f32, ne = {  9216,     1,     1,     1 }] is used by node 'kq_soft_max-5' (SOFT_MAX)
llama_graph_n_input_tensors: input tensor '                attn_inp_kq_mask' [f32, ne = {  9216,     1,     1,     1 }] is used by node 'kq_soft_max-11' (SOFT_MAX)
llama_graph_n_input_tensors: input tensor '                attn_inp_kq_mask' [f32, ne = {  9216,     1,     1,     1 }] is used by node 'kq_soft_max-17' (SOFT_MAX)
llama_graph_n_input_tensors: input tensor '                attn_inp_kq_mask' [f32, ne = {  9216,     1,     1,     1 }] is used by node 'kq_soft_max-23' (SOFT_MAX)
llama_graph_n_input_tensors: input tensor '                attn_inp_kq_mask' [f32, ne = {  9216,     1,     1,     1 }] is used by node 'kq_soft_max-29' (SOFT_MAX)
llama_graph_n_input_tensors: input tensor '                attn_inp_kq_mask' [f32, ne = {  9216,     1,     1,     1 }] is used by node 'kq_soft_max-35' (SOFT_MAX)
llama_graph_n_input_tensors: input tensor '                attn_inp_kq_mask' [f32, ne = {  9216,     1,     1,     1 }] is used by node 'kq_soft_max-41' (SOFT_MAX)
llama_graph_n_input_tensors: input tensor '                 attn_inp_v_idxs' [i64, ne = {  1024,     1,     1,     1 }] is used by node 'cache_v_l5 (reshaped) (view)' (SET_ROWS)
llama_graph_n_input_tensors: input tensor '                 attn_inp_v_idxs' [i64, ne = {  1024,     1,     1,     1 }] is used by node 'cache_v_l11 (reshaped) (view)' (SET_ROWS)
llama_graph_n_input_tensors: input tensor '                 attn_inp_v_idxs' [i64, ne = {  1024,     1,     1,     1 }] is used by node 'cache_v_l17 (reshaped) (view)' (SET_ROWS)
llama_graph_n_input_tensors: input tensor '                 attn_inp_v_idxs' [i64, ne = {  1024,     1,     1,     1 }] is used by node 'cache_v_l23 (reshaped) (view)' (SET_ROWS)
llama_graph_n_input_tensors: input tensor '                 attn_inp_k_idxs' [i64, ne = {     1,     1,     1,     1 }] is used by node 'cache_k_l5 (view)' (SET_ROWS)
llama_graph_n_input_tensors: input tensor '                 attn_inp_k_idxs' [i64, ne = {     1,     1,     1,     1 }] is used by node 'cache_k_l11 (view)' (SET_ROWS)
llama_graph_n_input_tensors: input tensor '                 attn_inp_k_idxs' [i64, ne = {     1,     1,     1,     1 }] is used by node 'cache_k_l17 (view)' (SET_ROWS)
llama_graph_n_input_tensors: input tensor '                 attn_inp_k_idxs' [i64, ne = {     1,     1,     1,     1 }] is used by node 'cache_k_l23 (view)' (SET_ROWS)
llama_graph_n_input_tensors: input tensor '                attn_inp_kq_mask' [f32, ne = {  9216,     1,     1,     1 }] is used by node 'kq_soft_max-0' (SOFT_MAX)
llama_graph_n_input_tensors: input tensor '                attn_inp_kq_mask' [f32, ne = {  9216,     1,     1,     1 }] is used by node 'kq_soft_max-1' (SOFT_MAX)
llama_graph_n_input_tensors: input tensor '                attn_inp_kq_mask' [f32, ne = {  9216,     1,     1,     1 }] is used by node 'kq_soft_max-2' (SOFT_MAX)
llama_graph_n_input_tensors: input tensor '                attn_inp_kq_mask' [f32, ne = {  9216,     1,     1,     1 }] is used by node 'kq_soft_max-3' (SOFT_MAX)
llama_graph_n_input_tensors: input tensor '                attn_inp_kq_mask' [f32, ne = {  9216,     1,     1,     1 }] is used by node 'kq_soft_max-4' (SOFT_MAX)
llama_graph_n_input_tensors: input tensor '                attn_inp_kq_mask' [f32, ne = {  9216,     1,     1,     1 }] is used by node 'kq_soft_max-6' (SOFT_MAX)
llama_graph_n_input_tensors: input tensor '                attn_inp_kq_mask' [f32, ne = {  9216,     1,     1,     1 }] is used by node 'kq_soft_max-7' (SOFT_MAX)
llama_graph_n_input_tensors: input tensor '                attn_inp_kq_mask' [f32, ne = {  9216,     1,     1,     1 }] is used by node 'kq_soft_max-8' (SOFT_MAX)
llama_graph_n_input_tensors: input tensor '                attn_inp_kq_mask' [f32, ne = {  9216,     1,     1,     1 }] is used by node 'kq_soft_max-9' (SOFT_MAX)
llama_graph_n_input_tensors: input tensor '                attn_inp_kq_mask' [f32, ne = {  9216,     1,     1,     1 }] is used by node 'kq_soft_max-10' (SOFT_MAX)
llama_graph_n_input_tensors: input tensor '                attn_inp_kq_mask' [f32, ne = {  9216,     1,     1,     1 }] is used by node 'kq_soft_max-12' (SOFT_MAX)
llama_graph_n_input_tensors: input tensor '                attn_inp_kq_mask' [f32, ne = {  9216,     1,     1,     1 }] is used by node 'kq_soft_max-13' (SOFT_MAX)
llama_graph_n_input_tensors: input tensor '                attn_inp_kq_mask' [f32, ne = {  9216,     1,     1,     1 }] is used by node 'kq_soft_max-14' (SOFT_MAX)
llama_graph_n_input_tensors: input tensor '                attn_inp_kq_mask' [f32, ne = {  9216,     1,     1,     1 }] is used by node 'kq_soft_max-15' (SOFT_MAX)
llama_graph_n_input_tensors: input tensor '                attn_inp_kq_mask' [f32, ne = {  9216,     1,     1,     1 }] is used by node 'kq_soft_max-16' (SOFT_MAX)
llama_graph_n_input_tensors: input tensor '                attn_inp_kq_mask' [f32, ne = {  9216,     1,     1,     1 }] is used by node 'kq_soft_max-18' (SOFT_MAX)
llama_graph_n_input_tensors: input tensor '                attn_inp_kq_mask' [f32, ne = {  9216,     1,     1,     1 }] is used by node 'kq_soft_max-19' (SOFT_MAX)
llama_graph_n_input_tensors: input tensor '                attn_inp_kq_mask' [f32, ne = {  9216,     1,     1,     1 }] is used by node 'kq_soft_max-20' (SOFT_MAX)
llama_graph_n_input_tensors: input tensor '                attn_inp_kq_mask' [f32, ne = {  9216,     1,     1,     1 }] is used by node 'kq_soft_max-21' (SOFT_MAX)
llama_graph_n_input_tensors: input tensor '                attn_inp_kq_mask' [f32, ne = {  9216,     1,     1,     1 }] is used by node 'kq_soft_max-22' (SOFT_MAX)
llama_graph_n_input_tensors: input tensor '                attn_inp_kq_mask' [f32, ne = {  9216,     1,     1,     1 }] is used by node 'kq_soft_max-24' (SOFT_MAX)
llama_graph_n_input_tensors: input tensor '                attn_inp_kq_mask' [f32, ne = {  9216,     1,     1,     1 }] is used by node 'kq_soft_max-25' (SOFT_MAX)
llama_graph_n_input_tensors: input tensor '                attn_inp_kq_mask' [f32, ne = {  9216,     1,     1,     1 }] is used by node 'kq_soft_max-26' (SOFT_MAX)
llama_graph_n_input_tensors: input tensor '                attn_inp_kq_mask' [f32, ne = {  9216,     1,     1,     1 }] is used by node 'kq_soft_max-27' (SOFT_MAX)
llama_graph_n_input_tensors: input tensor '                attn_inp_kq_mask' [f32, ne = {  9216,     1,     1,     1 }] is used by node 'kq_soft_max-28' (SOFT_MAX)
llama_graph_n_input_tensors: input tensor '                attn_inp_kq_mask' [f32, ne = {  9216,     1,     1,     1 }] is used by node 'kq_soft_max-30' (SOFT_MAX)
llama_graph_n_input_tensors: input tensor '                attn_inp_kq_mask' [f32, ne = {  9216,     1,     1,     1 }] is used by node 'kq_soft_max-31' (SOFT_MAX)
llama_graph_n_input_tensors: input tensor '                attn_inp_kq_mask' [f32, ne = {  9216,     1,     1,     1 }] is used by node 'kq_soft_max-32' (SOFT_MAX)
llama_graph_n_input_tensors: input tensor '                attn_inp_kq_mask' [f32, ne = {  9216,     1,     1,     1 }] is used by node 'kq_soft_max-33' (SOFT_MAX)
llama_graph_n_input_tensors: input tensor '                attn_inp_kq_mask' [f32, ne = {  9216,     1,     1,     1 }] is used by node 'kq_soft_max-34' (SOFT_MAX)
llama_graph_n_input_tensors: input tensor '                attn_inp_kq_mask' [f32, ne = {  9216,     1,     1,     1 }] is used by node 'kq_soft_max-36' (SOFT_MAX)
llama_graph_n_input_tensors: input tensor '                attn_inp_kq_mask' [f32, ne = {  9216,     1,     1,     1 }] is used by node 'kq_soft_max-37' (SOFT_MAX)
llama_graph_n_input_tensors: input tensor '                attn_inp_kq_mask' [f32, ne = {  9216,     1,     1,     1 }] is used by node 'kq_soft_max-38' (SOFT_MAX)
llama_graph_n_input_tensors: input tensor '                attn_inp_kq_mask' [f32, ne = {  9216,     1,     1,     1 }] is used by node 'kq_soft_max-39' (SOFT_MAX)
llama_graph_n_input_tensors: input tensor '                attn_inp_kq_mask' [f32, ne = {  9216,     1,     1,     1 }] is used by node 'kq_soft_max-40' (SOFT_MAX)
llama_graph_n_input_tensors: input tensor '                 attn_inp_v_idxs' [i64, ne = {  1024,     1,     1,     1 }] is used by node 'cache_v_l0 (reshaped) (view)' (SET_ROWS)
llama_graph_n_input_tensors: input tensor '                 attn_inp_v_idxs' [i64, ne = {  1024,     1,     1,     1 }] is used by node 'cache_v_l1 (reshaped) (view)' (SET_ROWS)
llama_graph_n_input_tensors: input tensor '                 attn_inp_v_idxs' [i64, ne = {  1024,     1,     1,     1 }] is used by node 'cache_v_l2 (reshaped) (view)' (SET_ROWS)
llama_graph_n_input_tensors: input tensor '                 attn_inp_v_idxs' [i64, ne = {  1024,     1,     1,     1 }] is used by node 'cache_v_l3 (reshaped) (view)' (SET_ROWS)
llama_graph_n_input_tensors: input tensor '                 attn_inp_v_idxs' [i64, ne = {  1024,     1,     1,     1 }] is used by node 'cache_v_l4 (reshaped) (view)' (SET_ROWS)
llama_graph_n_input_tensors: input tensor '                 attn_inp_v_idxs' [i64, ne = {  1024,     1,     1,     1 }] is used by node 'cache_v_l6 (reshaped) (view)' (SET_ROWS)
llama_graph_n_input_tensors: input tensor '                 attn_inp_v_idxs' [i64, ne = {  1024,     1,     1,     1 }] is used by node 'cache_v_l7 (reshaped) (view)' (SET_ROWS)
llama_graph_n_input_tensors: input tensor '                 attn_inp_v_idxs' [i64, ne = {  1024,     1,     1,     1 }] is used by node 'cache_v_l8 (reshaped) (view)' (SET_ROWS)
llama_graph_n_input_tensors: input tensor '                 attn_inp_v_idxs' [i64, ne = {  1024,     1,     1,     1 }] is used by node 'cache_v_l9 (reshaped) (view)' (SET_ROWS)
llama_graph_n_input_tensors: input tensor '                 attn_inp_v_idxs' [i64, ne = {  1024,     1,     1,     1 }] is used by node 'cache_v_l10 (reshaped) (view)' (SET_ROWS)
llama_graph_n_input_tensors: input tensor '                 attn_inp_v_idxs' [i64, ne = {  1024,     1,     1,     1 }] is used by node 'cache_v_l12 (reshaped) (view)' (SET_ROWS)
llama_graph_n_input_tensors: input tensor '                 attn_inp_v_idxs' [i64, ne = {  1024,     1,     1,     1 }] is used by node 'cache_v_l13 (reshaped) (view)' (SET_ROWS)
llama_graph_n_input_tensors: input tensor '                 attn_inp_v_idxs' [i64, ne = {  1024,     1,     1,     1 }] is used by node 'cache_v_l14 (reshaped) (view)' (SET_ROWS)
llama_graph_n_input_tensors: input tensor '                 attn_inp_v_idxs' [i64, ne = {  1024,     1,     1,     1 }] is used by node 'cache_v_l15 (reshaped) (view)' (SET_ROWS)
llama_graph_n_input_tensors: input tensor '                 attn_inp_v_idxs' [i64, ne = {  1024,     1,     1,     1 }] is used by node 'cache_v_l16 (reshaped) (view)' (SET_ROWS)
llama_graph_n_input_tensors: input tensor '                 attn_inp_v_idxs' [i64, ne = {  1024,     1,     1,     1 }] is used by node 'cache_v_l18 (reshaped) (view)' (SET_ROWS)
llama_graph_n_input_tensors: input tensor '                 attn_inp_v_idxs' [i64, ne = {  1024,     1,     1,     1 }] is used by node 'cache_v_l19 (reshaped) (view)' (SET_ROWS)
llama_graph_n_input_tensors: input tensor '                 attn_inp_v_idxs' [i64, ne = {  1024,     1,     1,     1 }] is used by node 'cache_v_l20 (reshaped) (view)' (SET_ROWS)
llama_graph_n_input_tensors: input tensor '                 attn_inp_v_idxs' [i64, ne = {  1024,     1,     1,     1 }] is used by node 'cache_v_l21 (reshaped) (view)' (SET_ROWS)
llama_graph_n_input_tensors: input tensor '                 attn_inp_v_idxs' [i64, ne = {  1024,     1,     1,     1 }] is used by node 'cache_v_l22 (reshaped) (view)' (SET_ROWS)
llama_graph_n_input_tensors: input tensor '                 attn_inp_k_idxs' [i64, ne = {     1,     1,     1,     1 }] is used by node 'cache_k_l0 (view)' (SET_ROWS)
llama_graph_n_input_tensors: input tensor '                 attn_inp_k_idxs' [i64, ne = {     1,     1,     1,     1 }] is used by node 'cache_k_l1 (view)' (SET_ROWS)
llama_graph_n_input_tensors: input tensor '                 attn_inp_k_idxs' [i64, ne = {     1,     1,     1,     1 }] is used by node 'cache_k_l2 (view)' (SET_ROWS)
llama_graph_n_input_tensors: input tensor '                 attn_inp_k_idxs' [i64, ne = {     1,     1,     1,     1 }] is used by node 'cache_k_l3 (view)' (SET_ROWS)
llama_graph_n_input_tensors: input tensor '                 attn_inp_k_idxs' [i64, ne = {     1,     1,     1,     1 }] is used by node 'cache_k_l4 (view)' (SET_ROWS)
llama_graph_n_input_tensors: input tensor '                 attn_inp_k_idxs' [i64, ne = {     1,     1,     1,     1 }] is used by node 'cache_k_l6 (view)' (SET_ROWS)
llama_graph_n_input_tensors: input tensor '                 attn_inp_k_idxs' [i64, ne = {     1,     1,     1,     1 }] is used by node 'cache_k_l7 (view)' (SET_ROWS)
llama_graph_n_input_tensors: input tensor '                 attn_inp_k_idxs' [i64, ne = {     1,     1,     1,     1 }] is used by node 'cache_k_l8 (view)' (SET_ROWS)
llama_graph_n_input_tensors: input tensor '                 attn_inp_k_idxs' [i64, ne = {     1,     1,     1,     1 }] is used by node 'cache_k_l9 (view)' (SET_ROWS)
llama_graph_n_input_tensors: input tensor '                 attn_inp_k_idxs' [i64, ne = {     1,     1,     1,     1 }] is used by node 'cache_k_l10 (view)' (SET_ROWS)
llama_graph_n_input_tensors: input tensor '                 attn_inp_k_idxs' [i64, ne = {     1,     1,     1,     1 }] is used by node 'cache_k_l12 (view)' (SET_ROWS)
llama_graph_n_input_tensors: input tensor '                 attn_inp_k_idxs' [i64, ne = {     1,     1,     1,     1 }] is used by node 'cache_k_l13 (view)' (SET_ROWS)
llama_graph_n_input_tensors: input tensor '                 attn_inp_k_idxs' [i64, ne = {     1,     1,     1,     1 }] is used by node 'cache_k_l14 (view)' (SET_ROWS)
llama_graph_n_input_tensors: input tensor '                 attn_inp_k_idxs' [i64, ne = {     1,     1,     1,     1 }] is used by node 'cache_k_l15 (view)' (SET_ROWS)
llama_graph_n_input_tensors: input tensor '                 attn_inp_k_idxs' [i64, ne = {     1,     1,     1,     1 }] is used by node 'cache_k_l16 (view)' (SET_ROWS)
llama_graph_n_input_tensors: input tensor '                 attn_inp_k_idxs' [i64, ne = {     1,     1,     1,     1 }] is used by node 'cache_k_l18 (view)' (SET_ROWS)
llama_graph_n_input_tensors: input tensor '                 attn_inp_k_idxs' [i64, ne = {     1,     1,     1,     1 }] is used by node 'cache_k_l19 (view)' (SET_ROWS)
llama_graph_n_input_tensors: input tensor '                 attn_inp_k_idxs' [i64, ne = {     1,     1,     1,     1 }] is used by node 'cache_k_l20 (view)' (SET_ROWS)
llama_graph_n_input_tensors: input tensor '                 attn_inp_k_idxs' [i64, ne = {     1,     1,     1,     1 }] is used by node 'cache_k_l21 (view)' (SET_ROWS)
llama_graph_n_input_tensors: input tensor '                 attn_inp_k_idxs' [i64, ne = {     1,     1,     1,     1 }] is used by node 'cache_k_l22 (view)' (SET_ROWS)
llama_graph_n_input_tensors: input tensor '                         inp_pos' [i32, ne = {     1,     1,     1,     1 }] is used by node 'Qcur_pos-0' (ROPE)
llama_graph_n_input_tensors: input tensor '                         inp_pos' [i32, ne = {     1,     1,     1,     1 }] is used by node 'Kcur_pos-0' (ROPE)
llama_graph_n_input_tensors: input tensor '                         inp_pos' [i32, ne = {     1,     1,     1,     1 }] is used by node 'Qcur_pos-1' (ROPE)
llama_graph_n_input_tensors: input tensor '                         inp_pos' [i32, ne = {     1,     1,     1,     1 }] is used by node 'Kcur_pos-1' (ROPE)
llama_graph_n_input_tensors: input tensor '                         inp_pos' [i32, ne = {     1,     1,     1,     1 }] is used by node 'Qcur_pos-2' (ROPE)
llama_graph_n_input_tensors: input tensor '                         inp_pos' [i32, ne = {     1,     1,     1,     1 }] is used by node 'Kcur_pos-2' (ROPE)
llama_graph_n_input_tensors: input tensor '                         inp_pos' [i32, ne = {     1,     1,     1,     1 }] is used by node 'Qcur_pos-3' (ROPE)
llama_graph_n_input_tensors: input tensor '                         inp_pos' [i32, ne = {     1,     1,     1,     1 }] is used by node 'Kcur_pos-3' (ROPE)
llama_graph_n_input_tensors: input tensor '                         inp_pos' [i32, ne = {     1,     1,     1,     1 }] is used by node 'Qcur_pos-4' (ROPE)
llama_graph_n_input_tensors: input tensor '                         inp_pos' [i32, ne = {     1,     1,     1,     1 }] is used by node 'Kcur_pos-4' (ROPE)
llama_graph_n_input_tensors: input tensor '                         inp_pos' [i32, ne = {     1,     1,     1,     1 }] is used by node 'Qcur_pos-5' (ROPE)
llama_graph_n_input_tensors: input tensor '                         inp_pos' [i32, ne = {     1,     1,     1,     1 }] is used by node 'Kcur_pos-5' (ROPE)
llama_graph_n_input_tensors: input tensor '                         inp_pos' [i32, ne = {     1,     1,     1,     1 }] is used by node 'Qcur_pos-6' (ROPE)
llama_graph_n_input_tensors: input tensor '                         inp_pos' [i32, ne = {     1,     1,     1,     1 }] is used by node 'Kcur_pos-6' (ROPE)
llama_graph_n_input_tensors: input tensor '                         inp_pos' [i32, ne = {     1,     1,     1,     1 }] is used by node 'Qcur_pos-7' (ROPE)
llama_graph_n_input_tensors: input tensor '                         inp_pos' [i32, ne = {     1,     1,     1,     1 }] is used by node 'Kcur_pos-7' (ROPE)
llama_graph_n_input_tensors: input tensor '                         inp_pos' [i32, ne = {     1,     1,     1,     1 }] is used by node 'Qcur_pos-8' (ROPE)
llama_graph_n_input_tensors: input tensor '                         inp_pos' [i32, ne = {     1,     1,     1,     1 }] is used by node 'Kcur_pos-8' (ROPE)
llama_graph_n_input_tensors: input tensor '                         inp_pos' [i32, ne = {     1,     1,     1,     1 }] is used by node 'Qcur_pos-9' (ROPE)
llama_graph_n_input_tensors: input tensor '                         inp_pos' [i32, ne = {     1,     1,     1,     1 }] is used by node 'Kcur_pos-9' (ROPE)
llama_graph_n_input_tensors: input tensor '                         inp_pos' [i32, ne = {     1,     1,     1,     1 }] is used by node 'Qcur_pos-10' (ROPE)
llama_graph_n_input_tensors: input tensor '                         inp_pos' [i32, ne = {     1,     1,     1,     1 }] is used by node 'Kcur_pos-10' (ROPE)
llama_graph_n_input_tensors: input tensor '                         inp_pos' [i32, ne = {     1,     1,     1,     1 }] is used by node 'Qcur_pos-11' (ROPE)
llama_graph_n_input_tensors: input tensor '                         inp_pos' [i32, ne = {     1,     1,     1,     1 }] is used by node 'Kcur_pos-11' (ROPE)
llama_graph_n_input_tensors: input tensor '                         inp_pos' [i32, ne = {     1,     1,     1,     1 }] is used by node 'Qcur_pos-12' (ROPE)
llama_graph_n_input_tensors: input tensor '                         inp_pos' [i32, ne = {     1,     1,     1,     1 }] is used by node 'Kcur_pos-12' (ROPE)
llama_graph_n_input_tensors: input tensor '                         inp_pos' [i32, ne = {     1,     1,     1,     1 }] is used by node 'Qcur_pos-13' (ROPE)
llama_graph_n_input_tensors: input tensor '                         inp_pos' [i32, ne = {     1,     1,     1,     1 }] is used by node 'Kcur_pos-13' (ROPE)
llama_graph_n_input_tensors: input tensor '                         inp_pos' [i32, ne = {     1,     1,     1,     1 }] is used by node 'Qcur_pos-14' (ROPE)
llama_graph_n_input_tensors: input tensor '                         inp_pos' [i32, ne = {     1,     1,     1,     1 }] is used by node 'Kcur_pos-14' (ROPE)
llama_graph_n_input_tensors: input tensor '                         inp_pos' [i32, ne = {     1,     1,     1,     1 }] is used by node 'Qcur_pos-15' (ROPE)
llama_graph_n_input_tensors: input tensor '                         inp_pos' [i32, ne = {     1,     1,     1,     1 }] is used by node 'Kcur_pos-15' (ROPE)
llama_graph_n_input_tensors: input tensor '                         inp_pos' [i32, ne = {     1,     1,     1,     1 }] is used by node 'Qcur_pos-16' (ROPE)
llama_graph_n_input_tensors: input tensor '                         inp_pos' [i32, ne = {     1,     1,     1,     1 }] is used by node 'Kcur_pos-16' (ROPE)
llama_graph_n_input_tensors: input tensor '                         inp_pos' [i32, ne = {     1,     1,     1,     1 }] is used by node 'Qcur_pos-17' (ROPE)
llama_graph_n_input_tensors: input tensor '                         inp_pos' [i32, ne = {     1,     1,     1,     1 }] is used by node 'Kcur_pos-17' (ROPE)
llama_graph_n_input_tensors: input tensor '                         inp_pos' [i32, ne = {     1,     1,     1,     1 }] is used by node 'Qcur_pos-18' (ROPE)
llama_graph_n_input_tensors: input tensor '                         inp_pos' [i32, ne = {     1,     1,     1,     1 }] is used by node 'Kcur_pos-18' (ROPE)
llama_graph_n_input_tensors: input tensor '                         inp_pos' [i32, ne = {     1,     1,     1,     1 }] is used by node 'Qcur_pos-19' (ROPE)
llama_graph_n_input_tensors: input tensor '                         inp_pos' [i32, ne = {     1,     1,     1,     1 }] is used by node 'Kcur_pos-19' (ROPE)
llama_graph_n_input_tensors: input tensor '                         inp_pos' [i32, ne = {     1,     1,     1,     1 }] is used by node 'Qcur_pos-20' (ROPE)
llama_graph_n_input_tensors: input tensor '                         inp_pos' [i32, ne = {     1,     1,     1,     1 }] is used by node 'Kcur_pos-20' (ROPE)
llama_graph_n_input_tensors: input tensor '                         inp_pos' [i32, ne = {     1,     1,     1,     1 }] is used by node 'Qcur_pos-21' (ROPE)
llama_graph_n_input_tensors: input tensor '                         inp_pos' [i32, ne = {     1,     1,     1,     1 }] is used by node 'Kcur_pos-21' (ROPE)
llama_graph_n_input_tensors: input tensor '                         inp_pos' [i32, ne = {     1,     1,     1,     1 }] is used by node 'Qcur_pos-22' (ROPE)
llama_graph_n_input_tensors: input tensor '                         inp_pos' [i32, ne = {     1,     1,     1,     1 }] is used by node 'Kcur_pos-22' (ROPE)
llama_graph_n_input_tensors: input tensor '                         inp_pos' [i32, ne = {     1,     1,     1,     1 }] is used by node 'Qcur_pos-23' (ROPE)
llama_graph_n_input_tensors: input tensor '                         inp_pos' [i32, ne = {     1,     1,     1,     1 }] is used by node 'Kcur_pos-23' (ROPE)
llama_graph_n_input_tensors: input tensor '                         inp_pos' [i32, ne = {     1,     1,     1,     1 }] is used by node 'Qcur_pos-24' (ROPE)
llama_graph_n_input_tensors: input tensor '                         inp_pos' [i32, ne = {     1,     1,     1,     1 }] is used by node 'Qcur_pos-25' (ROPE)
llama_graph_n_input_tensors: input tensor '                         inp_pos' [i32, ne = {     1,     1,     1,     1 }] is used by node 'Qcur_pos-26' (ROPE)
llama_graph_n_input_tensors: input tensor '                         inp_pos' [i32, ne = {     1,     1,     1,     1 }] is used by node 'Qcur_pos-27' (ROPE)
llama_graph_n_input_tensors: input tensor '                         inp_pos' [i32, ne = {     1,     1,     1,     1 }] is used by node 'Qcur_pos-28' (ROPE)
llama_graph_n_input_tensors: input tensor '                         inp_pos' [i32, ne = {     1,     1,     1,     1 }] is used by node 'Qcur_pos-29' (ROPE)
llama_graph_n_input_tensors: input tensor '                         inp_pos' [i32, ne = {     1,     1,     1,     1 }] is used by node 'Qcur_pos-30' (ROPE)
llama_graph_n_input_tensors: input tensor '                         inp_pos' [i32, ne = {     1,     1,     1,     1 }] is used by node 'Qcur_pos-31' (ROPE)
llama_graph_n_input_tensors: input tensor '                         inp_pos' [i32, ne = {     1,     1,     1,     1 }] is used by node 'Qcur_pos-32' (ROPE)
llama_graph_n_input_tensors: input tensor '                         inp_pos' [i32, ne = {     1,     1,     1,     1 }] is used by node 'Qcur_pos-33' (ROPE)
llama_graph_n_input_tensors: input tensor '                         inp_pos' [i32, ne = {     1,     1,     1,     1 }] is used by node 'Qcur_pos-34' (ROPE)
llama_graph_n_input_tensors: input tensor '                         inp_pos' [i32, ne = {     1,     1,     1,     1 }] is used by node 'Qcur_pos-35' (ROPE)
llama_graph_n_input_tensors: input tensor '                         inp_pos' [i32, ne = {     1,     1,     1,     1 }] is used by node 'Qcur_pos-36' (ROPE)
llama_graph_n_input_tensors: input tensor '                         inp_pos' [i32, ne = {     1,     1,     1,     1 }] is used by node 'Qcur_pos-37' (ROPE)
llama_graph_n_input_tensors: input tensor '                         inp_pos' [i32, ne = {     1,     1,     1,     1 }] is used by node 'Qcur_pos-38' (ROPE)
llama_graph_n_input_tensors: input tensor '                         inp_pos' [i32, ne = {     1,     1,     1,     1 }] is used by node 'Qcur_pos-39' (ROPE)
llama_graph_n_input_tensors: input tensor '                         inp_pos' [i32, ne = {     1,     1,     1,     1 }] is used by node 'Qcur_pos-40' (ROPE)
llama_graph_n_input_tensors: input tensor '                         inp_pos' [i32, ne = {     1,     1,     1,     1 }] is used by node 'Qcur_pos-41' (ROPE)
llama_graph_n_input_tensors: input tensor '                          leaf_4' [i32, ne = {     1,     1,     1,     1 }] is used by node 'node_1' (GET_ROWS)
llama_graph_n_input_tensors: input tensor '                      inp_tokens' [i32, ne = {     1,     1,     1,     1 }] is used by node 'embd' (GET_ROWS)
resolve_fused_ops: fused DeepSeek V4 HC comb enabled
graph_reserve: reserving a graph for ubatch with n_tokens =    1, n_seqs =  1, n_outputs =    1
llama_graph_n_input_tensors: input tensor '                         out_ids' [i32, ne = {     1,     1,     1,     1 }] is used by node 'result_norm' (GET_ROWS)
llama_graph_n_input_tensors: input tensor '                attn_inp_kq_mask' [f32, ne = {  9216,     1,     1,     1 }] is used by node 'kq_soft_max-5' (SOFT_MAX)
llama_graph_n_input_tensors: input tensor '                attn_inp_kq_mask' [f32, ne = {  9216,     1,     1,     1 }] is used by node 'kq_soft_max-11' (SOFT_MAX)
llama_graph_n_input_tensors: input tensor '                attn_inp_kq_mask' [f32, ne = {  9216,     1,     1,     1 }] is used by node 'kq_soft_max-17' (SOFT_MAX)
llama_graph_n_input_tensors: input tensor '                attn_inp_kq_mask' [f32, ne = {  9216,     1,     1,     1 }] is used by node 'kq_soft_max-23' (SOFT_MAX)
llama_graph_n_input_tensors: input tensor '                attn_inp_kq_mask' [f32, ne = {  9216,     1,     1,     1 }] is used by node 'kq_soft_max-29' (SOFT_MAX)
llama_graph_n_input_tensors: input tensor '                attn_inp_kq_mask' [f32, ne = {  9216,     1,     1,     1 }] is used by node 'kq_soft_max-35' (SOFT_MAX)
llama_graph_n_input_tensors: input tensor '                attn_inp_kq_mask' [f32, ne = {  9216,     1,     1,     1 }] is used by node 'kq_soft_max-41' (SOFT_MAX)
llama_graph_n_input_tensors: input tensor '                 attn_inp_v_idxs' [i64, ne = {  1024,     1,     1,     1 }] is used by node 'cache_v_l5 (reshaped) (view)' (SET_ROWS)
llama_graph_n_input_tensors: input tensor '                 attn_inp_v_idxs' [i64, ne = {  1024,     1,     1,     1 }] is used by node 'cache_v_l11 (reshaped) (view)' (SET_ROWS)
llama_graph_n_input_tensors: input tensor '                 attn_inp_v_idxs' [i64, ne = {  1024,     1,     1,     1 }] is used by node 'cache_v_l17 (reshaped) (view)' (SET_ROWS)
llama_graph_n_input_tensors: input tensor '                 attn_inp_v_idxs' [i64, ne = {  1024,     1,     1,     1 }] is used by node 'cache_v_l23 (reshaped) (view)' (SET_ROWS)
llama_graph_n_input_tensors: input tensor '                 attn_inp_k_idxs' [i64, ne = {     1,     1,     1,     1 }] is used by node 'cache_k_l5 (view)' (SET_ROWS)
llama_graph_n_input_tensors: input tensor '                 attn_inp_k_idxs' [i64, ne = {     1,     1,     1,     1 }] is used by node 'cache_k_l11 (view)' (SET_ROWS)
llama_graph_n_input_tensors: input tensor '                 attn_inp_k_idxs' [i64, ne = {     1,     1,     1,     1 }] is used by node 'cache_k_l17 (view)' (SET_ROWS)
llama_graph_n_input_tensors: input tensor '                 attn_inp_k_idxs' [i64, ne = {     1,     1,     1,     1 }] is used by node 'cache_k_l23 (view)' (SET_ROWS)
llama_graph_n_input_tensors: input tensor '                attn_inp_kq_mask' [f32, ne = {  9216,     1,     1,     1 }] is used by node 'kq_soft_max-0' (SOFT_MAX)
llama_graph_n_input_tensors: input tensor '                attn_inp_kq_mask' [f32, ne = {  9216,     1,     1,     1 }] is used by node 'kq_soft_max-1' (SOFT_MAX)
llama_graph_n_input_tensors: input tensor '                attn_inp_kq_mask' [f32, ne = {  9216,     1,     1,     1 }] is used by node 'kq_soft_max-2' (SOFT_MAX)
llama_graph_n_input_tensors: input tensor '                attn_inp_kq_mask' [f32, ne = {  9216,     1,     1,     1 }] is used by node 'kq_soft_max-3' (SOFT_MAX)
llama_graph_n_input_tensors: input tensor '                attn_inp_kq_mask' [f32, ne = {  9216,     1,     1,     1 }] is used by node 'kq_soft_max-4' (SOFT_MAX)
llama_graph_n_input_tensors: input tensor '                attn_inp_kq_mask' [f32, ne = {  9216,     1,     1,     1 }] is used by node 'kq_soft_max-6' (SOFT_MAX)
llama_graph_n_input_tensors: input tensor '                attn_inp_kq_mask' [f32, ne = {  9216,     1,     1,     1 }] is used by node 'kq_soft_max-7' (SOFT_MAX)
llama_graph_n_input_tensors: input tensor '                attn_inp_kq_mask' [f32, ne = {  9216,     1,     1,     1 }] is used by node 'kq_soft_max-8' (SOFT_MAX)
llama_graph_n_input_tensors: input tensor '                attn_inp_kq_mask' [f32, ne = {  9216,     1,     1,     1 }] is used by node 'kq_soft_max-9' (SOFT_MAX)
llama_graph_n_input_tensors: input tensor '                attn_inp_kq_mask' [f32, ne = {  9216,     1,     1,     1 }] is used by node 'kq_soft_max-10' (SOFT_MAX)
llama_graph_n_input_tensors: input tensor '                attn_inp_kq_mask' [f32, ne = {  9216,     1,     1,     1 }] is used by node 'kq_soft_max-12' (SOFT_MAX)
llama_graph_n_input_tensors: input tensor '                attn_inp_kq_mask' [f32, ne = {  9216,     1,     1,     1 }] is used by node 'kq_soft_max-13' (SOFT_MAX)
llama_graph_n_input_tensors: input tensor '                attn_inp_kq_mask' [f32, ne = {  9216,     1,     1,     1 }] is used by node 'kq_soft_max-14' (SOFT_MAX)
llama_graph_n_input_tensors: input tensor '                attn_inp_kq_mask' [f32, ne = {  9216,     1,     1,     1 }] is used by node 'kq_soft_max-15' (SOFT_MAX)
llama_graph_n_input_tensors: input tensor '                attn_inp_kq_mask' [f32, ne = {  9216,     1,     1,     1 }] is used by node 'kq_soft_max-16' (SOFT_MAX)
llama_graph_n_input_tensors: input tensor '                attn_inp_kq_mask' [f32, ne = {  9216,     1,     1,     1 }] is used by node 'kq_soft_max-18' (SOFT_MAX)
llama_graph_n_input_tensors: input tensor '                attn_inp_kq_mask' [f32, ne = {  9216,     1,     1,     1 }] is used by node 'kq_soft_max-19' (SOFT_MAX)
llama_graph_n_input_tensors: input tensor '                attn_inp_kq_mask' [f32, ne = {  9216,     1,     1,     1 }] is used by node 'kq_soft_max-20' (SOFT_MAX)
llama_graph_n_input_tensors: input tensor '                attn_inp_kq_mask' [f32, ne = {  9216,     1,     1,     1 }] is used by node 'kq_soft_max-21' (SOFT_MAX)
llama_graph_n_input_tensors: input tensor '                attn_inp_kq_mask' [f32, ne = {  9216,     1,     1,     1 }] is used by node 'kq_soft_max-22' (SOFT_MAX)
llama_graph_n_input_tensors: input tensor '                attn_inp_kq_mask' [f32, ne = {  9216,     1,     1,     1 }] is used by node 'kq_soft_max-24' (SOFT_MAX)
llama_graph_n_input_tensors: input tensor '                attn_inp_kq_mask' [f32, ne = {  9216,     1,     1,     1 }] is used by node 'kq_soft_max-25' (SOFT_MAX)
llama_graph_n_input_tensors: input tensor '                attn_inp_kq_mask' [f32, ne = {  9216,     1,     1,     1 }] is used by node 'kq_soft_max-26' (SOFT_MAX)
llama_graph_n_input_tensors: input tensor '                attn_inp_kq_mask' [f32, ne = {  9216,     1,     1,     1 }] is used by node 'kq_soft_max-27' (SOFT_MAX)
llama_graph_n_input_tensors: input tensor '                attn_inp_kq_mask' [f32, ne = {  9216,     1,     1,     1 }] is used by node 'kq_soft_max-28' (SOFT_MAX)
llama_graph_n_input_tensors: input tensor '                attn_inp_kq_mask' [f32, ne = {  9216,     1,     1,     1 }] is used by node 'kq_soft_max-30' (SOFT_MAX)
llama_graph_n_input_tensors: input tensor '                attn_inp_kq_mask' [f32, ne = {  9216,     1,     1,     1 }] is used by node 'kq_soft_max-31' (SOFT_MAX)
llama_graph_n_input_tensors: input tensor '                attn_inp_kq_mask' [f32, ne = {  9216,     1,     1,     1 }] is used by node 'kq_soft_max-32' (SOFT_MAX)
llama_graph_n_input_tensors: input tensor '                attn_inp_kq_mask' [f32, ne = {  9216,     1,     1,     1 }] is used by node 'kq_soft_max-33' (SOFT_MAX)
llama_graph_n_input_tensors: input tensor '                attn_inp_kq_mask' [f32, ne = {  9216,     1,     1,     1 }] is used by node 'kq_soft_max-34' (SOFT_MAX)
llama_graph_n_input_tensors: input tensor '                attn_inp_kq_mask' [f32, ne = {  9216,     1,     1,     1 }] is used by node 'kq_soft_max-36' (SOFT_MAX)
llama_graph_n_input_tensors: input tensor '                attn_inp_kq_mask' [f32, ne = {  9216,     1,     1,     1 }] is used by node 'kq_soft_max-37' (SOFT_MAX)
llama_graph_n_input_tensors: input tensor '                attn_inp_kq_mask' [f32, ne = {  9216,     1,     1,     1 }] is used by node 'kq_soft_max-38' (SOFT_MAX)
llama_graph_n_input_tensors: input tensor '                attn_inp_kq_mask' [f32, ne = {  9216,     1,     1,     1 }] is used by node 'kq_soft_max-39' (SOFT_MAX)
llama_graph_n_input_tensors: input tensor '                attn_inp_kq_mask' [f32, ne = {  9216,     1,     1,     1 }] is used by node 'kq_soft_max-40' (SOFT_MAX)
llama_graph_n_input_tensors: input tensor '                 attn_inp_v_idxs' [i64, ne = {  1024,     1,     1,     1 }] is used by node 'cache_v_l0 (reshaped) (view)' (SET_ROWS)
llama_graph_n_input_tensors: input tensor '                 attn_inp_v_idxs' [i64, ne = {  1024,     1,     1,     1 }] is used by node 'cache_v_l1 (reshaped) (view)' (SET_ROWS)
llama_graph_n_input_tensors: input tensor '                 attn_inp_v_idxs' [i64, ne = {  1024,     1,     1,     1 }] is used by node 'cache_v_l2 (reshaped) (view)' (SET_ROWS)
llama_graph_n_input_tensors: input tensor '                 attn_inp_v_idxs' [i64, ne = {  1024,     1,     1,     1 }] is used by node 'cache_v_l3 (reshaped) (view)' (SET_ROWS)
llama_graph_n_input_tensors: input tensor '                 attn_inp_v_idxs' [i64, ne = {  1024,     1,     1,     1 }] is used by node 'cache_v_l4 (reshaped) (view)' (SET_ROWS)
llama_graph_n_input_tensors: input tensor '                 attn_inp_v_idxs' [i64, ne = {  1024,     1,     1,     1 }] is used by node 'cache_v_l6 (reshaped) (view)' (SET_ROWS)
llama_graph_n_input_tensors: input tensor '                 attn_inp_v_idxs' [i64, ne = {  1024,     1,     1,     1 }] is used by node 'cache_v_l7 (reshaped) (view)' (SET_ROWS)
llama_graph_n_input_tensors: input tensor '                 attn_inp_v_idxs' [i64, ne = {  1024,     1,     1,     1 }] is used by node 'cache_v_l8 (reshaped) (view)' (SET_ROWS)
llama_graph_n_input_tensors: input tensor '                 attn_inp_v_idxs' [i64, ne = {  1024,     1,     1,     1 }] is used by node 'cache_v_l9 (reshaped) (view)' (SET_ROWS)
llama_graph_n_input_tensors: input tensor '                 attn_inp_v_idxs' [i64, ne = {  1024,     1,     1,     1 }] is used by node 'cache_v_l10 (reshaped) (view)' (SET_ROWS)
llama_graph_n_input_tensors: input tensor '                 attn_inp_v_idxs' [i64, ne = {  1024,     1,     1,     1 }] is used by node 'cache_v_l12 (reshaped) (view)' (SET_ROWS)
llama_graph_n_input_tensors: input tensor '                 attn_inp_v_idxs' [i64, ne = {  1024,     1,     1,     1 }] is used by node 'cache_v_l13 (reshaped) (view)' (SET_ROWS)
llama_graph_n_input_tensors: input tensor '                 attn_inp_v_idxs' [i64, ne = {  1024,     1,     1,     1 }] is used by node 'cache_v_l14 (reshaped) (view)' (SET_ROWS)
llama_graph_n_input_tensors: input tensor '                 attn_inp_v_idxs' [i64, ne = {  1024,     1,     1,     1 }] is used by node 'cache_v_l15 (reshaped) (view)' (SET_ROWS)
llama_graph_n_input_tensors: input tensor '                 attn_inp_v_idxs' [i64, ne = {  1024,     1,     1,     1 }] is used by node 'cache_v_l16 (reshaped) (view)' (SET_ROWS)
llama_graph_n_input_tensors: input tensor '                 attn_inp_v_idxs' [i64, ne = {  1024,     1,     1,     1 }] is used by node 'cache_v_l18 (reshaped) (view)' (SET_ROWS)
llama_graph_n_input_tensors: input tensor '                 attn_inp_v_idxs' [i64, ne = {  1024,     1,     1,     1 }] is used by node 'cache_v_l19 (reshaped) (view)' (SET_ROWS)
llama_graph_n_input_tensors: input tensor '                 attn_inp_v_idxs' [i64, ne = {  1024,     1,     1,     1 }] is used by node 'cache_v_l20 (reshaped) (view)' (SET_ROWS)
llama_graph_n_input_tensors: input tensor '                 attn_inp_v_idxs' [i64, ne = {  1024,     1,     1,     1 }] is used by node 'cache_v_l21 (reshaped) (view)' (SET_ROWS)
llama_graph_n_input_tensors: input tensor '                 attn_inp_v_idxs' [i64, ne = {  1024,     1,     1,     1 }] is used by node 'cache_v_l22 (reshaped) (view)' (SET_ROWS)
llama_graph_n_input_tensors: input tensor '                 attn_inp_k_idxs' [i64, ne = {     1,     1,     1,     1 }] is used by node 'cache_k_l0 (view)' (SET_ROWS)
llama_graph_n_input_tensors: input tensor '                 attn_inp_k_idxs' [i64, ne = {     1,     1,     1,     1 }] is used by node 'cache_k_l1 (view)' (SET_ROWS)
llama_graph_n_input_tensors: input tensor '                 attn_inp_k_idxs' [i64, ne = {     1,     1,     1,     1 }] is used by node 'cache_k_l2 (view)' (SET_ROWS)
llama_graph_n_input_tensors: input tensor '                 attn_inp_k_idxs' [i64, ne = {     1,     1,     1,     1 }] is used by node 'cache_k_l3 (view)' (SET_ROWS)
llama_graph_n_input_tensors: input tensor '                 attn_inp_k_idxs' [i64, ne = {     1,     1,     1,     1 }] is used by node 'cache_k_l4 (view)' (SET_ROWS)
llama_graph_n_input_tensors: input tensor '                 attn_inp_k_idxs' [i64, ne = {     1,     1,     1,     1 }] is used by node 'cache_k_l6 (view)' (SET_ROWS)
llama_graph_n_input_tensors: input tensor '                 attn_inp_k_idxs' [i64, ne = {     1,     1,     1,     1 }] is used by node 'cache_k_l7 (view)' (SET_ROWS)
llama_graph_n_input_tensors: input tensor '                 attn_inp_k_idxs' [i64, ne = {     1,     1,     1,     1 }] is used by node 'cache_k_l8 (view)' (SET_ROWS)
llama_graph_n_input_tensors: input tensor '                 attn_inp_k_idxs' [i64, ne = {     1,     1,     1,     1 }] is used by node 'cache_k_l9 (view)' (SET_ROWS)
llama_graph_n_input_tensors: input tensor '                 attn_inp_k_idxs' [i64, ne = {     1,     1,     1,     1 }] is used by node 'cache_k_l10 (view)' (SET_ROWS)
llama_graph_n_input_tensors: input tensor '                 attn_inp_k_idxs' [i64, ne = {     1,     1,     1,     1 }] is used by node 'cache_k_l12 (view)' (SET_ROWS)
llama_graph_n_input_tensors: input tensor '                 attn_inp_k_idxs' [i64, ne = {     1,     1,     1,     1 }] is used by node 'cache_k_l13 (view)' (SET_ROWS)
llama_graph_n_input_tensors: input tensor '                 attn_inp_k_idxs' [i64, ne = {     1,     1,     1,     1 }] is used by node 'cache_k_l14 (view)' (SET_ROWS)
llama_graph_n_input_tensors: input tensor '                 attn_inp_k_idxs' [i64, ne = {     1,     1,     1,     1 }] is used by node 'cache_k_l15 (view)' (SET_ROWS)
llama_graph_n_input_tensors: input tensor '                 attn_inp_k_idxs' [i64, ne = {     1,     1,     1,     1 }] is used by node 'cache_k_l16 (view)' (SET_ROWS)
llama_graph_n_input_tensors: input tensor '                 attn_inp_k_idxs' [i64, ne = {     1,     1,     1,     1 }] is used by node 'cache_k_l18 (view)' (SET_ROWS)
llama_graph_n_input_tensors: input tensor '                 attn_inp_k_idxs' [i64, ne = {     1,     1,     1,     1 }] is used by node 'cache_k_l19 (view)' (SET_ROWS)
llama_graph_n_input_tensors: input tensor '                 attn_inp_k_idxs' [i64, ne = {     1,     1,     1,     1 }] is used by node 'cache_k_l20 (view)' (SET_ROWS)
llama_graph_n_input_tensors: input tensor '                 attn_inp_k_idxs' [i64, ne = {     1,     1,     1,     1 }] is used by node 'cache_k_l21 (view)' (SET_ROWS)
llama_graph_n_input_tensors: input tensor '                 attn_inp_k_idxs' [i64, ne = {     1,     1,     1,     1 }] is used by node 'cache_k_l22 (view)' (SET_ROWS)
llama_graph_n_input_tensors: input tensor '                         inp_pos' [i32, ne = {     1,     1,     1,     1 }] is used by node 'Qcur_pos-0' (ROPE)
llama_graph_n_input_tensors: input tensor '                         inp_pos' [i32, ne = {     1,     1,     1,     1 }] is used by node 'Kcur_pos-0' (ROPE)
llama_graph_n_input_tensors: input tensor '                         inp_pos' [i32, ne = {     1,     1,     1,     1 }] is used by node 'Qcur_pos-1' (ROPE)
llama_graph_n_input_tensors: input tensor '                         inp_pos' [i32, ne = {     1,     1,     1,     1 }] is used by node 'Kcur_pos-1' (ROPE)
llama_graph_n_input_tensors: input tensor '                         inp_pos' [i32, ne = {     1,     1,     1,     1 }] is used by node 'Qcur_pos-2' (ROPE)
llama_graph_n_input_tensors: input tensor '                         inp_pos' [i32, ne = {     1,     1,     1,     1 }] is used by node 'Kcur_pos-2' (ROPE)
llama_graph_n_input_tensors: input tensor '                         inp_pos' [i32, ne = {     1,     1,     1,     1 }] is used by node 'Qcur_pos-3' (ROPE)
llama_graph_n_input_tensors: input tensor '                         inp_pos' [i32, ne = {     1,     1,     1,     1 }] is used by node 'Kcur_pos-3' (ROPE)
llama_graph_n_input_tensors: input tensor '                         inp_pos' [i32, ne = {     1,     1,     1,     1 }] is used by node 'Qcur_pos-4' (ROPE)
llama_graph_n_input_tensors: input tensor '                         inp_pos' [i32, ne = {     1,     1,     1,     1 }] is used by node 'Kcur_pos-4' (ROPE)
llama_graph_n_input_tensors: input tensor '                         inp_pos' [i32, ne = {     1,     1,     1,     1 }] is used by node 'Qcur_pos-5' (ROPE)
llama_graph_n_input_tensors: input tensor '                         inp_pos' [i32, ne = {     1,     1,     1,     1 }] is used by node 'Kcur_pos-5' (ROPE)
llama_graph_n_input_tensors: input tensor '                         inp_pos' [i32, ne = {     1,     1,     1,     1 }] is used by node 'Qcur_pos-6' (ROPE)
llama_graph_n_input_tensors: input tensor '                         inp_pos' [i32, ne = {     1,     1,     1,     1 }] is used by node 'Kcur_pos-6' (ROPE)
llama_graph_n_input_tensors: input tensor '                         inp_pos' [i32, ne = {     1,     1,     1,     1 }] is used by node 'Qcur_pos-7' (ROPE)
llama_graph_n_input_tensors: input tensor '                         inp_pos' [i32, ne = {     1,     1,     1,     1 }] is used by node 'Kcur_pos-7' (ROPE)
llama_graph_n_input_tensors: input tensor '                         inp_pos' [i32, ne = {     1,     1,     1,     1 }] is used by node 'Qcur_pos-8' (ROPE)
llama_graph_n_input_tensors: input tensor '                         inp_pos' [i32, ne = {     1,     1,     1,     1 }] is used by node 'Kcur_pos-8' (ROPE)
llama_graph_n_input_tensors: input tensor '                         inp_pos' [i32, ne = {     1,     1,     1,     1 }] is used by node 'Qcur_pos-9' (ROPE)
llama_graph_n_input_tensors: input tensor '                         inp_pos' [i32, ne = {     1,     1,     1,     1 }] is used by node 'Kcur_pos-9' (ROPE)
llama_graph_n_input_tensors: input tensor '                         inp_pos' [i32, ne = {     1,     1,     1,     1 }] is used by node 'Qcur_pos-10' (ROPE)
llama_graph_n_input_tensors: input tensor '                         inp_pos' [i32, ne = {     1,     1,     1,     1 }] is used by node 'Kcur_pos-10' (ROPE)
llama_graph_n_input_tensors: input tensor '                         inp_pos' [i32, ne = {     1,     1,     1,     1 }] is used by node 'Qcur_pos-11' (ROPE)
llama_graph_n_input_tensors: input tensor '                         inp_pos' [i32, ne = {     1,     1,     1,     1 }] is used by node 'Kcur_pos-11' (ROPE)
llama_graph_n_input_tensors: input tensor '                         inp_pos' [i32, ne = {     1,     1,     1,     1 }] is used by node 'Qcur_pos-12' (ROPE)
llama_graph_n_input_tensors: input tensor '                         inp_pos' [i32, ne = {     1,     1,     1,     1 }] is used by node 'Kcur_pos-12' (ROPE)
llama_graph_n_input_tensors: input tensor '                         inp_pos' [i32, ne = {     1,     1,     1,     1 }] is used by node 'Qcur_pos-13' (ROPE)
llama_graph_n_input_tensors: input tensor '                         inp_pos' [i32, ne = {     1,     1,     1,     1 }] is used by node 'Kcur_pos-13' (ROPE)
llama_graph_n_input_tensors: input tensor '                         inp_pos' [i32, ne = {     1,     1,     1,     1 }] is used by node 'Qcur_pos-14' (ROPE)
llama_graph_n_input_tensors: input tensor '                         inp_pos' [i32, ne = {     1,     1,     1,     1 }] is used by node 'Kcur_pos-14' (ROPE)
llama_graph_n_input_tensors: input tensor '                         inp_pos' [i32, ne = {     1,     1,     1,     1 }] is used by node 'Qcur_pos-15' (ROPE)
llama_graph_n_input_tensors: input tensor '                         inp_pos' [i32, ne = {     1,     1,     1,     1 }] is used by node 'Kcur_pos-15' (ROPE)
llama_graph_n_input_tensors: input tensor '                         inp_pos' [i32, ne = {     1,     1,     1,     1 }] is used by node 'Qcur_pos-16' (ROPE)
llama_graph_n_input_tensors: input tensor '                         inp_pos' [i32, ne = {     1,     1,     1,     1 }] is used by node 'Kcur_pos-16' (ROPE)
llama_graph_n_input_tensors: input tensor '                         inp_pos' [i32, ne = {     1,     1,     1,     1 }] is used by node 'Qcur_pos-17' (ROPE)
llama_graph_n_input_tensors: input tensor '                         inp_pos' [i32, ne = {     1,     1,     1,     1 }] is used by node 'Kcur_pos-17' (ROPE)
llama_graph_n_input_tensors: input tensor '                         inp_pos' [i32, ne = {     1,     1,     1,     1 }] is used by node 'Qcur_pos-18' (ROPE)
llama_graph_n_input_tensors: input tensor '                         inp_pos' [i32, ne = {     1,     1,     1,     1 }] is used by node 'Kcur_pos-18' (ROPE)
llama_graph_n_input_tensors: input tensor '                         inp_pos' [i32, ne = {     1,     1,     1,     1 }] is used by node 'Qcur_pos-19' (ROPE)
llama_graph_n_input_tensors: input tensor '                         inp_pos' [i32, ne = {     1,     1,     1,     1 }] is used by node 'Kcur_pos-19' (ROPE)
llama_graph_n_input_tensors: input tensor '                         inp_pos' [i32, ne = {     1,     1,     1,     1 }] is used by node 'Qcur_pos-20' (ROPE)
llama_graph_n_input_tensors: input tensor '                         inp_pos' [i32, ne = {     1,     1,     1,     1 }] is used by node 'Kcur_pos-20' (ROPE)
llama_graph_n_input_tensors: input tensor '                         inp_pos' [i32, ne = {     1,     1,     1,     1 }] is used by node 'Qcur_pos-21' (ROPE)
llama_graph_n_input_tensors: input tensor '                         inp_pos' [i32, ne = {     1,     1,     1,     1 }] is used by node 'Kcur_pos-21' (ROPE)
llama_graph_n_input_tensors: input tensor '                         inp_pos' [i32, ne = {     1,     1,     1,     1 }] is used by node 'Qcur_pos-22' (ROPE)
llama_graph_n_input_tensors: input tensor '                         inp_pos' [i32, ne = {     1,     1,     1,     1 }] is used by node 'Kcur_pos-22' (ROPE)
llama_graph_n_input_tensors: input tensor '                         inp_pos' [i32, ne = {     1,     1,     1,     1 }] is used by node 'Qcur_pos-23' (ROPE)
llama_graph_n_input_tensors: input tensor '                         inp_pos' [i32, ne = {     1,     1,     1,     1 }] is used by node 'Kcur_pos-23' (ROPE)
llama_graph_n_input_tensors: input tensor '                         inp_pos' [i32, ne = {     1,     1,     1,     1 }] is used by node 'Qcur_pos-24' (ROPE)
llama_graph_n_input_tensors: input tensor '                         inp_pos' [i32, ne = {     1,     1,     1,     1 }] is used by node 'Qcur_pos-25' (ROPE)
llama_graph_n_input_tensors: input tensor '                         inp_pos' [i32, ne = {     1,     1,     1,     1 }] is used by node 'Qcur_pos-26' (ROPE)
llama_graph_n_input_tensors: input tensor '                         inp_pos' [i32, ne = {     1,     1,     1,     1 }] is used by node 'Qcur_pos-27' (ROPE)
llama_graph_n_input_tensors: input tensor '                         inp_pos' [i32, ne = {     1,     1,     1,     1 }] is used by node 'Qcur_pos-28' (ROPE)
llama_graph_n_input_tensors: input tensor '                         inp_pos' [i32, ne = {     1,     1,     1,     1 }] is used by node 'Qcur_pos-29' (ROPE)
llama_graph_n_input_tensors: input tensor '                         inp_pos' [i32, ne = {     1,     1,     1,     1 }] is used by node 'Qcur_pos-30' (ROPE)
llama_graph_n_input_tensors: input tensor '                         inp_pos' [i32, ne = {     1,     1,     1,     1 }] is used by node 'Qcur_pos-31' (ROPE)
llama_graph_n_input_tensors: input tensor '                         inp_pos' [i32, ne = {     1,     1,     1,     1 }] is used by node 'Qcur_pos-32' (ROPE)
llama_graph_n_input_tensors: input tensor '                         inp_pos' [i32, ne = {     1,     1,     1,     1 }] is used by node 'Qcur_pos-33' (ROPE)
llama_graph_n_input_tensors: input tensor '                         inp_pos' [i32, ne = {     1,     1,     1,     1 }] is used by node 'Qcur_pos-34' (ROPE)
llama_graph_n_input_tensors: input tensor '                         inp_pos' [i32, ne = {     1,     1,     1,     1 }] is used by node 'Qcur_pos-35' (ROPE)
llama_graph_n_input_tensors: input tensor '                         inp_pos' [i32, ne = {     1,     1,     1,     1 }] is used by node 'Qcur_pos-36' (ROPE)
llama_graph_n_input_tensors: input tensor '                         inp_pos' [i32, ne = {     1,     1,     1,     1 }] is used by node 'Qcur_pos-37' (ROPE)
llama_graph_n_input_tensors: input tensor '                         inp_pos' [i32, ne = {     1,     1,     1,     1 }] is used by node 'Qcur_pos-38' (ROPE)
llama_graph_n_input_tensors: input tensor '                         inp_pos' [i32, ne = {     1,     1,     1,     1 }] is used by node 'Qcur_pos-39' (ROPE)
llama_graph_n_input_tensors: input tensor '                         inp_pos' [i32, ne = {     1,     1,     1,     1 }] is used by node 'Qcur_pos-40' (ROPE)
llama_graph_n_input_tensors: input tensor '                         inp_pos' [i32, ne = {     1,     1,     1,     1 }] is used by node 'Qcur_pos-41' (ROPE)
llama_graph_n_input_tensors: input tensor '                          leaf_4' [i32, ne = {     1,     1,     1,     1 }] is used by node 'node_1' (GET_ROWS)
llama_graph_n_input_tensors: input tensor '                      inp_tokens' [i32, ne = {     1,     1,     1,     1 }] is used by node 'embd' (GET_ROWS)
resolve_fused_ops: fused DeepSeek V4 HC post enabled
graph_reserve: reserving a graph for ubatch with n_tokens =  512, n_seqs =  1, n_outputs =  512
llama_graph_n_input_tensors: input tensor '                         out_ids' [i32, ne = {   512,     1,     1,     1 }] is used by node 'result_norm' (GET_ROWS)
llama_graph_n_input_tensors: input tensor '                attn_inp_kq_mask' [f32, ne = {  9216,   512,     1,     1 }] is used by node 'kq_soft_max-5' (SOFT_MAX)
llama_graph_n_input_tensors: input tensor '                attn_inp_kq_mask' [f32, ne = {  9216,   512,     1,     1 }] is used by node 'kq_soft_max-11' (SOFT_MAX)
llama_graph_n_input_tensors: input tensor '                attn_inp_kq_mask' [f32, ne = {  9216,   512,     1,     1 }] is used by node 'kq_soft_max-17' (SOFT_MAX)
llama_graph_n_input_tensors: input tensor '                attn_inp_kq_mask' [f32, ne = {  9216,   512,     1,     1 }] is used by node 'kq_soft_max-23' (SOFT_MAX)
llama_graph_n_input_tensors: input tensor '                attn_inp_kq_mask' [f32, ne = {  9216,   512,     1,     1 }] is used by node 'kq_soft_max-29' (SOFT_MAX)
llama_graph_n_input_tensors: input tensor '                attn_inp_kq_mask' [f32, ne = {  9216,   512,     1,     1 }] is used by node 'kq_soft_max-35' (SOFT_MAX)
llama_graph_n_input_tensors: input tensor '                attn_inp_kq_mask' [f32, ne = {  9216,   512,     1,     1 }] is used by node 'kq_soft_max-41' (SOFT_MAX)
llama_graph_n_input_tensors: input tensor '                 attn_inp_v_idxs' [i64, ne = { 524288,     1,     1,     1 }] is used by node 'cache_v_l5 (reshaped) (view)' (SET_ROWS)
llama_graph_n_input_tensors: input tensor '                 attn_inp_v_idxs' [i64, ne = { 524288,     1,     1,     1 }] is used by node 'cache_v_l11 (reshaped) (view)' (SET_ROWS)
llama_graph_n_input_tensors: input tensor '                 attn_inp_v_idxs' [i64, ne = { 524288,     1,     1,     1 }] is used by node 'cache_v_l17 (reshaped) (view)' (SET_ROWS)
llama_graph_n_input_tensors: input tensor '                 attn_inp_v_idxs' [i64, ne = { 524288,     1,     1,     1 }] is used by node 'cache_v_l23 (reshaped) (view)' (SET_ROWS)
llama_graph_n_input_tensors: input tensor '                 attn_inp_k_idxs' [i64, ne = {   512,     1,     1,     1 }] is used by node 'cache_k_l5 (view)' (SET_ROWS)
llama_graph_n_input_tensors: input tensor '                 attn_inp_k_idxs' [i64, ne = {   512,     1,     1,     1 }] is used by node 'cache_k_l11 (view)' (SET_ROWS)
llama_graph_n_input_tensors: input tensor '                 attn_inp_k_idxs' [i64, ne = {   512,     1,     1,     1 }] is used by node 'cache_k_l17 (view)' (SET_ROWS)
llama_graph_n_input_tensors: input tensor '                 attn_inp_k_idxs' [i64, ne = {   512,     1,     1,     1 }] is used by node 'cache_k_l23 (view)' (SET_ROWS)
llama_graph_n_input_tensors: input tensor '                attn_inp_kq_mask' [f32, ne = {  9216,   512,     1,     1 }] is used by node 'kq_soft_max-0' (SOFT_MAX)
llama_graph_n_input_tensors: input tensor '                attn_inp_kq_mask' [f32, ne = {  9216,   512,     1,     1 }] is used by node 'kq_soft_max-1' (SOFT_MAX)
llama_graph_n_input_tensors: input tensor '                attn_inp_kq_mask' [f32, ne = {  9216,   512,     1,     1 }] is used by node 'kq_soft_max-2' (SOFT_MAX)
llama_graph_n_input_tensors: input tensor '                attn_inp_kq_mask' [f32, ne = {  9216,   512,     1,     1 }] is used by node 'kq_soft_max-3' (SOFT_MAX)
llama_graph_n_input_tensors: input tensor '                attn_inp_kq_mask' [f32, ne = {  9216,   512,     1,     1 }] is used by node 'kq_soft_max-4' (SOFT_MAX)
llama_graph_n_input_tensors: input tensor '                attn_inp_kq_mask' [f32, ne = {  9216,   512,     1,     1 }] is used by node 'kq_soft_max-6' (SOFT_MAX)
llama_graph_n_input_tensors: input tensor '                attn_inp_kq_mask' [f32, ne = {  9216,   512,     1,     1 }] is used by node 'kq_soft_max-7' (SOFT_MAX)
llama_graph_n_input_tensors: input tensor '                attn_inp_kq_mask' [f32, ne = {  9216,   512,     1,     1 }] is used by node 'kq_soft_max-8' (SOFT_MAX)
llama_graph_n_input_tensors: input tensor '                attn_inp_kq_mask' [f32, ne = {  9216,   512,     1,     1 }] is used by node 'kq_soft_max-9' (SOFT_MAX)
llama_graph_n_input_tensors: input tensor '                attn_inp_kq_mask' [f32, ne = {  9216,   512,     1,     1 }] is used by node 'kq_soft_max-10' (SOFT_MAX)
llama_graph_n_input_tensors: input tensor '                attn_inp_kq_mask' [f32, ne = {  9216,   512,     1,     1 }] is used by node 'kq_soft_max-12' (SOFT_MAX)
llama_graph_n_input_tensors: input tensor '                attn_inp_kq_mask' [f32, ne = {  9216,   512,     1,     1 }] is used by node 'kq_soft_max-13' (SOFT_MAX)
llama_graph_n_input_tensors: input tensor '                attn_inp_kq_mask' [f32, ne = {  9216,   512,     1,     1 }] is used by node 'kq_soft_max-14' (SOFT_MAX)
llama_graph_n_input_tensors: input tensor '                attn_inp_kq_mask' [f32, ne = {  9216,   512,     1,     1 }] is used by node 'kq_soft_max-15' (SOFT_MAX)
llama_graph_n_input_tensors: input tensor '                attn_inp_kq_mask' [f32, ne = {  9216,   512,     1,     1 }] is used by node 'kq_soft_max-16' (SOFT_MAX)
llama_graph_n_input_tensors: input tensor '                attn_inp_kq_mask' [f32, ne = {  9216,   512,     1,     1 }] is used by node 'kq_soft_max-18' (SOFT_MAX)
llama_graph_n_input_tensors: input tensor '                attn_inp_kq_mask' [f32, ne = {  9216,   512,     1,     1 }] is used by node 'kq_soft_max-19' (SOFT_MAX)
llama_graph_n_input_tensors: input tensor '                attn_inp_kq_mask' [f32, ne = {  9216,   512,     1,     1 }] is used by node 'kq_soft_max-20' (SOFT_MAX)
llama_graph_n_input_tensors: input tensor '                attn_inp_kq_mask' [f32, ne = {  9216,   512,     1,     1 }] is used by node 'kq_soft_max-21' (SOFT_MAX)
llama_graph_n_input_tensors: input tensor '                attn_inp_kq_mask' [f32, ne = {  9216,   512,     1,     1 }] is used by node 'kq_soft_max-22' (SOFT_MAX)
llama_graph_n_input_tensors: input tensor '                attn_inp_kq_mask' [f32, ne = {  9216,   512,     1,     1 }] is used by node 'kq_soft_max-24' (SOFT_MAX)
llama_graph_n_input_tensors: input tensor '                attn_inp_kq_mask' [f32, ne = {  9216,   512,     1,     1 }] is used by node 'kq_soft_max-25' (SOFT_MAX)
llama_graph_n_input_tensors: input tensor '                attn_inp_kq_mask' [f32, ne = {  9216,   512,     1,     1 }] is used by node 'kq_soft_max-26' (SOFT_MAX)
llama_graph_n_input_tensors: input tensor '                attn_inp_kq_mask' [f32, ne = {  9216,   512,     1,     1 }] is used by node 'kq_soft_max-27' (SOFT_MAX)
llama_graph_n_input_tensors: input tensor '                attn_inp_kq_mask' [f32, ne = {  9216,   512,     1,     1 }] is used by node 'kq_soft_max-28' (SOFT_MAX)
llama_graph_n_input_tensors: input tensor '                attn_inp_kq_mask' [f32, ne = {  9216,   512,     1,     1 }] is used by node 'kq_soft_max-30' (SOFT_MAX)
llama_graph_n_input_tensors: input tensor '                attn_inp_kq_mask' [f32, ne = {  9216,   512,     1,     1 }] is used by node 'kq_soft_max-31' (SOFT_MAX)
llama_graph_n_input_tensors: input tensor '                attn_inp_kq_mask' [f32, ne = {  9216,   512,     1,     1 }] is used by node 'kq_soft_max-32' (SOFT_MAX)
llama_graph_n_input_tensors: input tensor '                attn_inp_kq_mask' [f32, ne = {  9216,   512,     1,     1 }] is used by node 'kq_soft_max-33' (SOFT_MAX)
llama_graph_n_input_tensors: input tensor '                attn_inp_kq_mask' [f32, ne = {  9216,   512,     1,     1 }] is used by node 'kq_soft_max-34' (SOFT_MAX)
llama_graph_n_input_tensors: input tensor '                attn_inp_kq_mask' [f32, ne = {  9216,   512,     1,     1 }] is used by node 'kq_soft_max-36' (SOFT_MAX)
llama_graph_n_input_tensors: input tensor '                attn_inp_kq_mask' [f32, ne = {  9216,   512,     1,     1 }] is used by node 'kq_soft_max-37' (SOFT_MAX)
llama_graph_n_input_tensors: input tensor '                attn_inp_kq_mask' [f32, ne = {  9216,   512,     1,     1 }] is used by node 'kq_soft_max-38' (SOFT_MAX)
llama_graph_n_input_tensors: input tensor '                attn_inp_kq_mask' [f32, ne = {  9216,   512,     1,     1 }] is used by node 'kq_soft_max-39' (SOFT_MAX)
llama_graph_n_input_tensors: input tensor '                attn_inp_kq_mask' [f32, ne = {  9216,   512,     1,     1 }] is used by node 'kq_soft_max-40' (SOFT_MAX)
llama_graph_n_input_tensors: input tensor '                 attn_inp_v_idxs' [i64, ne = { 524288,     1,     1,     1 }] is used by node 'cache_v_l0 (reshaped) (view)' (SET_ROWS)
llama_graph_n_input_tensors: input tensor '                 attn_inp_v_idxs' [i64, ne = { 524288,     1,     1,     1 }] is used by node 'cache_v_l1 (reshaped) (view)' (SET_ROWS)
llama_graph_n_input_tensors: input tensor '                 attn_inp_v_idxs' [i64, ne = { 524288,     1,     1,     1 }] is used by node 'cache_v_l2 (reshaped) (view)' (SET_ROWS)
llama_graph_n_input_tensors: input tensor '                 attn_inp_v_idxs' [i64, ne = { 524288,     1,     1,     1 }] is used by node 'cache_v_l3 (reshaped) (view)' (SET_ROWS)
llama_graph_n_input_tensors: input tensor '                 attn_inp_v_idxs' [i64, ne = { 524288,     1,     1,     1 }] is used by node 'cache_v_l4 (reshaped) (view)' (SET_ROWS)
llama_graph_n_input_tensors: input tensor '                 attn_inp_v_idxs' [i64, ne = { 524288,     1,     1,     1 }] is used by node 'cache_v_l6 (reshaped) (view)' (SET_ROWS)
llama_graph_n_input_tensors: input tensor '                 attn_inp_v_idxs' [i64, ne = { 524288,     1,     1,     1 }] is used by node 'cache_v_l7 (reshaped) (view)' (SET_ROWS)
llama_graph_n_input_tensors: input tensor '                 attn_inp_v_idxs' [i64, ne = { 524288,     1,     1,     1 }] is used by node 'cache_v_l8 (reshaped) (view)' (SET_ROWS)
llama_graph_n_input_tensors: input tensor '                 attn_inp_v_idxs' [i64, ne = { 524288,     1,     1,     1 }] is used by node 'cache_v_l9 (reshaped) (view)' (SET_ROWS)
llama_graph_n_input_tensors: input tensor '                 attn_inp_v_idxs' [i64, ne = { 524288,     1,     1,     1 }] is used by node 'cache_v_l10 (reshaped) (view)' (SET_ROWS)
llama_graph_n_input_tensors: input tensor '                 attn_inp_v_idxs' [i64, ne = { 524288,     1,     1,     1 }] is used by node 'cache_v_l12 (reshaped) (view)' (SET_ROWS)
llama_graph_n_input_tensors: input tensor '                 attn_inp_v_idxs' [i64, ne = { 524288,     1,     1,     1 }] is used by node 'cache_v_l13 (reshaped) (view)' (SET_ROWS)
llama_graph_n_input_tensors: input tensor '                 attn_inp_v_idxs' [i64, ne = { 524288,     1,     1,     1 }] is used by node 'cache_v_l14 (reshaped) (view)' (SET_ROWS)
llama_graph_n_input_tensors: input tensor '                 attn_inp_v_idxs' [i64, ne = { 524288,     1,     1,     1 }] is used by node 'cache_v_l15 (reshaped) (view)' (SET_ROWS)
llama_graph_n_input_tensors: input tensor '                 attn_inp_v_idxs' [i64, ne = { 524288,     1,     1,     1 }] is used by node 'cache_v_l16 (reshaped) (view)' (SET_ROWS)
llama_graph_n_input_tensors: input tensor '                 attn_inp_v_idxs' [i64, ne = { 524288,     1,     1,     1 }] is used by node 'cache_v_l18 (reshaped) (view)' (SET_ROWS)
llama_graph_n_input_tensors: input tensor '                 attn_inp_v_idxs' [i64, ne = { 524288,     1,     1,     1 }] is used by node 'cache_v_l19 (reshaped) (view)' (SET_ROWS)
llama_graph_n_input_tensors: input tensor '                 attn_inp_v_idxs' [i64, ne = { 524288,     1,     1,     1 }] is used by node 'cache_v_l20 (reshaped) (view)' (SET_ROWS)
llama_graph_n_input_tensors: input tensor '                 attn_inp_v_idxs' [i64, ne = { 524288,     1,     1,     1 }] is used by node 'cache_v_l21 (reshaped) (view)' (SET_ROWS)
llama_graph_n_input_tensors: input tensor '                 attn_inp_v_idxs' [i64, ne = { 524288,     1,     1,     1 }] is used by node 'cache_v_l22 (reshaped) (view)' (SET_ROWS)
llama_graph_n_input_tensors: input tensor '                 attn_inp_k_idxs' [i64, ne = {   512,     1,     1,     1 }] is used by node 'cache_k_l0 (view)' (SET_ROWS)
llama_graph_n_input_tensors: input tensor '                 attn_inp_k_idxs' [i64, ne = {   512,     1,     1,     1 }] is used by node 'cache_k_l1 (view)' (SET_ROWS)
llama_graph_n_input_tensors: input tensor '                 attn_inp_k_idxs' [i64, ne = {   512,     1,     1,     1 }] is used by node 'cache_k_l2 (view)' (SET_ROWS)
llama_graph_n_input_tensors: input tensor '                 attn_inp_k_idxs' [i64, ne = {   512,     1,     1,     1 }] is used by node 'cache_k_l3 (view)' (SET_ROWS)
llama_graph_n_input_tensors: input tensor '                 attn_inp_k_idxs' [i64, ne = {   512,     1,     1,     1 }] is used by node 'cache_k_l4 (view)' (SET_ROWS)
llama_graph_n_input_tensors: input tensor '                 attn_inp_k_idxs' [i64, ne = {   512,     1,     1,     1 }] is used by node 'cache_k_l6 (view)' (SET_ROWS)
llama_graph_n_input_tensors: input tensor '                 attn_inp_k_idxs' [i64, ne = {   512,     1,     1,     1 }] is used by node 'cache_k_l7 (view)' (SET_ROWS)
llama_graph_n_input_tensors: input tensor '                 attn_inp_k_idxs' [i64, ne = {   512,     1,     1,     1 }] is used by node 'cache_k_l8 (view)' (SET_ROWS)
llama_graph_n_input_tensors: input tensor '                 attn_inp_k_idxs' [i64, ne = {   512,     1,     1,     1 }] is used by node 'cache_k_l9 (view)' (SET_ROWS)
llama_graph_n_input_tensors: input tensor '                 attn_inp_k_idxs' [i64, ne = {   512,     1,     1,     1 }] is used by node 'cache_k_l10 (view)' (SET_ROWS)
llama_graph_n_input_tensors: input tensor '                 attn_inp_k_idxs' [i64, ne = {   512,     1,     1,     1 }] is used by node 'cache_k_l12 (view)' (SET_ROWS)
llama_graph_n_input_tensors: input tensor '                 attn_inp_k_idxs' [i64, ne = {   512,     1,     1,     1 }] is used by node 'cache_k_l13 (view)' (SET_ROWS)
llama_graph_n_input_tensors: input tensor '                 attn_inp_k_idxs' [i64, ne = {   512,     1,     1,     1 }] is used by node 'cache_k_l14 (view)' (SET_ROWS)
llama_graph_n_input_tensors: input tensor '                 attn_inp_k_idxs' [i64, ne = {   512,     1,     1,     1 }] is used by node 'cache_k_l15 (view)' (SET_ROWS)
llama_graph_n_input_tensors: input tensor '                 attn_inp_k_idxs' [i64, ne = {   512,     1,     1,     1 }] is used by node 'cache_k_l16 (view)' (SET_ROWS)
llama_graph_n_input_tensors: input tensor '                 attn_inp_k_idxs' [i64, ne = {   512,     1,     1,     1 }] is used by node 'cache_k_l18 (view)' (SET_ROWS)
llama_graph_n_input_tensors: input tensor '                 attn_inp_k_idxs' [i64, ne = {   512,     1,     1,     1 }] is used by node 'cache_k_l19 (view)' (SET_ROWS)
llama_graph_n_input_tensors: input tensor '                 attn_inp_k_idxs' [i64, ne = {   512,     1,     1,     1 }] is used by node 'cache_k_l20 (view)' (SET_ROWS)
llama_graph_n_input_tensors: input tensor '                 attn_inp_k_idxs' [i64, ne = {   512,     1,     1,     1 }] is used by node 'cache_k_l21 (view)' (SET_ROWS)
llama_graph_n_input_tensors: input tensor '                 attn_inp_k_idxs' [i64, ne = {   512,     1,     1,     1 }] is used by node 'cache_k_l22 (view)' (SET_ROWS)
llama_graph_n_input_tensors: input tensor '                         inp_pos' [i32, ne = {   512,     1,     1,     1 }] is used by node 'Qcur_pos-0' (ROPE)
llama_graph_n_input_tensors: input tensor '                         inp_pos' [i32, ne = {   512,     1,     1,     1 }] is used by node 'Kcur_pos-0' (ROPE)
llama_graph_n_input_tensors: input tensor '                         inp_pos' [i32, ne = {   512,     1,     1,     1 }] is used by node 'Qcur_pos-1' (ROPE)
llama_graph_n_input_tensors: input tensor '                         inp_pos' [i32, ne = {   512,     1,     1,     1 }] is used by node 'Kcur_pos-1' (ROPE)
llama_graph_n_input_tensors: input tensor '                         inp_pos' [i32, ne = {   512,     1,     1,     1 }] is used by node 'Qcur_pos-2' (ROPE)
llama_graph_n_input_tensors: input tensor '                         inp_pos' [i32, ne = {   512,     1,     1,     1 }] is used by node 'Kcur_pos-2' (ROPE)
llama_graph_n_input_tensors: input tensor '                         inp_pos' [i32, ne = {   512,     1,     1,     1 }] is used by node 'Qcur_pos-3' (ROPE)
llama_graph_n_input_tensors: input tensor '                         inp_pos' [i32, ne = {   512,     1,     1,     1 }] is used by node 'Kcur_pos-3' (ROPE)
llama_graph_n_input_tensors: input tensor '                         inp_pos' [i32, ne = {   512,     1,     1,     1 }] is used by node 'Qcur_pos-4' (ROPE)
llama_graph_n_input_tensors: input tensor '                         inp_pos' [i32, ne = {   512,     1,     1,     1 }] is used by node 'Kcur_pos-4' (ROPE)
llama_graph_n_input_tensors: input tensor '                         inp_pos' [i32, ne = {   512,     1,     1,     1 }] is used by node 'Qcur_pos-5' (ROPE)
llama_graph_n_input_tensors: input tensor '                         inp_pos' [i32, ne = {   512,     1,     1,     1 }] is used by node 'Kcur_pos-5' (ROPE)
llama_graph_n_input_tensors: input tensor '                         inp_pos' [i32, ne = {   512,     1,     1,     1 }] is used by node 'Qcur_pos-6' (ROPE)
llama_graph_n_input_tensors: input tensor '                         inp_pos' [i32, ne = {   512,     1,     1,     1 }] is used by node 'Kcur_pos-6' (ROPE)
llama_graph_n_input_tensors: input tensor '                         inp_pos' [i32, ne = {   512,     1,     1,     1 }] is used by node 'Qcur_pos-7' (ROPE)
llama_graph_n_input_tensors: input tensor '                         inp_pos' [i32, ne = {   512,     1,     1,     1 }] is used by node 'Kcur_pos-7' (ROPE)
llama_graph_n_input_tensors: input tensor '                         inp_pos' [i32, ne = {   512,     1,     1,     1 }] is used by node 'Qcur_pos-8' (ROPE)
llama_graph_n_input_tensors: input tensor '                         inp_pos' [i32, ne = {   512,     1,     1,     1 }] is used by node 'Kcur_pos-8' (ROPE)
llama_graph_n_input_tensors: input tensor '                         inp_pos' [i32, ne = {   512,     1,     1,     1 }] is used by node 'Qcur_pos-9' (ROPE)
llama_graph_n_input_tensors: input tensor '                         inp_pos' [i32, ne = {   512,     1,     1,     1 }] is used by node 'Kcur_pos-9' (ROPE)
llama_graph_n_input_tensors: input tensor '                         inp_pos' [i32, ne = {   512,     1,     1,     1 }] is used by node 'Qcur_pos-10' (ROPE)
llama_graph_n_input_tensors: input tensor '                         inp_pos' [i32, ne = {   512,     1,     1,     1 }] is used by node 'Kcur_pos-10' (ROPE)
llama_graph_n_input_tensors: input tensor '                         inp_pos' [i32, ne = {   512,     1,     1,     1 }] is used by node 'Qcur_pos-11' (ROPE)
llama_graph_n_input_tensors: input tensor '                         inp_pos' [i32, ne = {   512,     1,     1,     1 }] is used by node 'Kcur_pos-11' (ROPE)
llama_graph_n_input_tensors: input tensor '                         inp_pos' [i32, ne = {   512,     1,     1,     1 }] is used by node 'Qcur_pos-12' (ROPE)
llama_graph_n_input_tensors: input tensor '                         inp_pos' [i32, ne = {   512,     1,     1,     1 }] is used by node 'Kcur_pos-12' (ROPE)
llama_graph_n_input_tensors: input tensor '                         inp_pos' [i32, ne = {   512,     1,     1,     1 }] is used by node 'Qcur_pos-13' (ROPE)
llama_graph_n_input_tensors: input tensor '                         inp_pos' [i32, ne = {   512,     1,     1,     1 }] is used by node 'Kcur_pos-13' (ROPE)
llama_graph_n_input_tensors: input tensor '                         inp_pos' [i32, ne = {   512,     1,     1,     1 }] is used by node 'Qcur_pos-14' (ROPE)
llama_graph_n_input_tensors: input tensor '                         inp_pos' [i32, ne = {   512,     1,     1,     1 }] is used by node 'Kcur_pos-14' (ROPE)
llama_graph_n_input_tensors: input tensor '                         inp_pos' [i32, ne = {   512,     1,     1,     1 }] is used by node 'Qcur_pos-15' (ROPE)
llama_graph_n_input_tensors: input tensor '                         inp_pos' [i32, ne = {   512,     1,     1,     1 }] is used by node 'Kcur_pos-15' (ROPE)
llama_graph_n_input_tensors: input tensor '                         inp_pos' [i32, ne = {   512,     1,     1,     1 }] is used by node 'Qcur_pos-16' (ROPE)
llama_graph_n_input_tensors: input tensor '                         inp_pos' [i32, ne = {   512,     1,     1,     1 }] is used by node 'Kcur_pos-16' (ROPE)
llama_graph_n_input_tensors: input tensor '                         inp_pos' [i32, ne = {   512,     1,     1,     1 }] is used by node 'Qcur_pos-17' (ROPE)
llama_graph_n_input_tensors: input tensor '                         inp_pos' [i32, ne = {   512,     1,     1,     1 }] is used by node 'Kcur_pos-17' (ROPE)
llama_graph_n_input_tensors: input tensor '                         inp_pos' [i32, ne = {   512,     1,     1,     1 }] is used by node 'Qcur_pos-18' (ROPE)
llama_graph_n_input_tensors: input tensor '                         inp_pos' [i32, ne = {   512,     1,     1,     1 }] is used by node 'Kcur_pos-18' (ROPE)
llama_graph_n_input_tensors: input tensor '                         inp_pos' [i32, ne = {   512,     1,     1,     1 }] is used by node 'Qcur_pos-19' (ROPE)
llama_graph_n_input_tensors: input tensor '                         inp_pos' [i32, ne = {   512,     1,     1,     1 }] is used by node 'Kcur_pos-19' (ROPE)
llama_graph_n_input_tensors: input tensor '                         inp_pos' [i32, ne = {   512,     1,     1,     1 }] is used by node 'Qcur_pos-20' (ROPE)
llama_graph_n_input_tensors: input tensor '                         inp_pos' [i32, ne = {   512,     1,     1,     1 }] is used by node 'Kcur_pos-20' (ROPE)
llama_graph_n_input_tensors: input tensor '                         inp_pos' [i32, ne = {   512,     1,     1,     1 }] is used by node 'Qcur_pos-21' (ROPE)
llama_graph_n_input_tensors: input tensor '                         inp_pos' [i32, ne = {   512,     1,     1,     1 }] is used by node 'Kcur_pos-21' (ROPE)
llama_graph_n_input_tensors: input tensor '                         inp_pos' [i32, ne = {   512,     1,     1,     1 }] is used by node 'Qcur_pos-22' (ROPE)
llama_graph_n_input_tensors: input tensor '                         inp_pos' [i32, ne = {   512,     1,     1,     1 }] is used by node 'Kcur_pos-22' (ROPE)
llama_graph_n_input_tensors: input tensor '                         inp_pos' [i32, ne = {   512,     1,     1,     1 }] is used by node 'Qcur_pos-23' (ROPE)
llama_graph_n_input_tensors: input tensor '                         inp_pos' [i32, ne = {   512,     1,     1,     1 }] is used by node 'Kcur_pos-23' (ROPE)
llama_graph_n_input_tensors: input tensor '                         inp_pos' [i32, ne = {   512,     1,     1,     1 }] is used by node 'Qcur_pos-24' (ROPE)
llama_graph_n_input_tensors: input tensor '                         inp_pos' [i32, ne = {   512,     1,     1,     1 }] is used by node 'Qcur_pos-25' (ROPE)
llama_graph_n_input_tensors: input tensor '                         inp_pos' [i32, ne = {   512,     1,     1,     1 }] is used by node 'Qcur_pos-26' (ROPE)
llama_graph_n_input_tensors: input tensor '                         inp_pos' [i32, ne = {   512,     1,     1,     1 }] is used by node 'Qcur_pos-27' (ROPE)
llama_graph_n_input_tensors: input tensor '                         inp_pos' [i32, ne = {   512,     1,     1,     1 }] is used by node 'Qcur_pos-28' (ROPE)
llama_graph_n_input_tensors: input tensor '                         inp_pos' [i32, ne = {   512,     1,     1,     1 }] is used by node 'Qcur_pos-29' (ROPE)
llama_graph_n_input_tensors: input tensor '                         inp_pos' [i32, ne = {   512,     1,     1,     1 }] is used by node 'Qcur_pos-30' (ROPE)
llama_graph_n_input_tensors: input tensor '                         inp_pos' [i32, ne = {   512,     1,     1,     1 }] is used by node 'Qcur_pos-31' (ROPE)
llama_graph_n_input_tensors: input tensor '                         inp_pos' [i32, ne = {   512,     1,     1,     1 }] is used by node 'Qcur_pos-32' (ROPE)
llama_graph_n_input_tensors: input tensor '                         inp_pos' [i32, ne = {   512,     1,     1,     1 }] is used by node 'Qcur_pos-33' (ROPE)
llama_graph_n_input_tensors: input tensor '                         inp_pos' [i32, ne = {   512,     1,     1,     1 }] is used by node 'Qcur_pos-34' (ROPE)
llama_graph_n_input_tensors: input tensor '                         inp_pos' [i32, ne = {   512,     1,     1,     1 }] is used by node 'Qcur_pos-35' (ROPE)
llama_graph_n_input_tensors: input tensor '                         inp_pos' [i32, ne = {   512,     1,     1,     1 }] is used by node 'Qcur_pos-36' (ROPE)
llama_graph_n_input_tensors: input tensor '                         inp_pos' [i32, ne = {   512,     1,     1,     1 }] is used by node 'Qcur_pos-37' (ROPE)
llama_graph_n_input_tensors: input tensor '                         inp_pos' [i32, ne = {   512,     1,     1,     1 }] is used by node 'Qcur_pos-38' (ROPE)
llama_graph_n_input_tensors: input tensor '                         inp_pos' [i32, ne = {   512,     1,     1,     1 }] is used by node 'Qcur_pos-39' (ROPE)
llama_graph_n_input_tensors: input tensor '                         inp_pos' [i32, ne = {   512,     1,     1,     1 }] is used by node 'Qcur_pos-40' (ROPE)
llama_graph_n_input_tensors: input tensor '                         inp_pos' [i32, ne = {   512,     1,     1,     1 }] is used by node 'Qcur_pos-41' (ROPE)
llama_graph_n_input_tensors: input tensor '                          leaf_4' [i32, ne = {   512,     1,     1,     1 }] is used by node 'node_1' (GET_ROWS)
llama_graph_n_input_tensors: input tensor '                      inp_tokens' [i32, ne = {   512,     1,     1,     1 }] is used by node 'embd' (GET_ROWS)
graph_reserve: reserving a graph for ubatch with n_tokens =    1, n_seqs =  1, n_outputs =    1
llama_graph_n_input_tensors: input tensor '                         out_ids' [i32, ne = {     1,     1,     1,     1 }] is used by node 'result_norm' (GET_ROWS)
llama_graph_n_input_tensors: input tensor '                attn_inp_kq_mask' [f32, ne = {  9216,     1,     1,     1 }] is used by node 'kq_soft_max-5' (SOFT_MAX)
llama_graph_n_input_tensors: input tensor '                attn_inp_kq_mask' [f32, ne = {  9216,     1,     1,     1 }] is used by node 'kq_soft_max-11' (SOFT_MAX)
llama_graph_n_input_tensors: input tensor '                attn_inp_kq_mask' [f32, ne = {  9216,     1,     1,     1 }] is used by node 'kq_soft_max-17' (SOFT_MAX)
llama_graph_n_input_tensors: input tensor '                attn_inp_kq_mask' [f32, ne = {  9216,     1,     1,     1 }] is used by node 'kq_soft_max-23' (SOFT_MAX)
llama_graph_n_input_tensors: input tensor '                attn_inp_kq_mask' [f32, ne = {  9216,     1,     1,     1 }] is used by node 'kq_soft_max-29' (SOFT_MAX)
llama_graph_n_input_tensors: input tensor '                attn_inp_kq_mask' [f32, ne = {  9216,     1,     1,     1 }] is used by node 'kq_soft_max-35' (SOFT_MAX)
llama_graph_n_input_tensors: input tensor '                attn_inp_kq_mask' [f32, ne = {  9216,     1,     1,     1 }] is used by node 'kq_soft_max-41' (SOFT_MAX)
llama_graph_n_input_tensors: input tensor '                 attn_inp_v_idxs' [i64, ne = {  1024,     1,     1,     1 }] is used by node 'cache_v_l5 (reshaped) (view)' (SET_ROWS)
llama_graph_n_input_tensors: input tensor '                 attn_inp_v_idxs' [i64, ne = {  1024,     1,     1,     1 }] is used by node 'cache_v_l11 (reshaped) (view)' (SET_ROWS)
llama_graph_n_input_tensors: input tensor '                 attn_inp_v_idxs' [i64, ne = {  1024,     1,     1,     1 }] is used by node 'cache_v_l17 (reshaped) (view)' (SET_ROWS)
llama_graph_n_input_tensors: input tensor '                 attn_inp_v_idxs' [i64, ne = {  1024,     1,     1,     1 }] is used by node 'cache_v_l23 (reshaped) (view)' (SET_ROWS)
llama_graph_n_input_tensors: input tensor '                 attn_inp_k_idxs' [i64, ne = {     1,     1,     1,     1 }] is used by node 'cache_k_l5 (view)' (SET_ROWS)
llama_graph_n_input_tensors: input tensor '                 attn_inp_k_idxs' [i64, ne = {     1,     1,     1,     1 }] is used by node 'cache_k_l11 (view)' (SET_ROWS)
llama_graph_n_input_tensors: input tensor '                 attn_inp_k_idxs' [i64, ne = {     1,     1,     1,     1 }] is used by node 'cache_k_l17 (view)' (SET_ROWS)
llama_graph_n_input_tensors: input tensor '                 attn_inp_k_idxs' [i64, ne = {     1,     1,     1,     1 }] is used by node 'cache_k_l23 (view)' (SET_ROWS)
llama_graph_n_input_tensors: input tensor '                attn_inp_kq_mask' [f32, ne = {  9216,     1,     1,     1 }] is used by node 'kq_soft_max-0' (SOFT_MAX)
llama_graph_n_input_tensors: input tensor '                attn_inp_kq_mask' [f32, ne = {  9216,     1,     1,     1 }] is used by node 'kq_soft_max-1' (SOFT_MAX)
llama_graph_n_input_tensors: input tensor '                attn_inp_kq_mask' [f32, ne = {  9216,     1,     1,     1 }] is used by node 'kq_soft_max-2' (SOFT_MAX)
llama_graph_n_input_tensors: input tensor '                attn_inp_kq_mask' [f32, ne = {  9216,     1,     1,     1 }] is used by node 'kq_soft_max-3' (SOFT_MAX)
llama_graph_n_input_tensors: input tensor '                attn_inp_kq_mask' [f32, ne = {  9216,     1,     1,     1 }] is used by node 'kq_soft_max-4' (SOFT_MAX)
llama_graph_n_input_tensors: input tensor '                attn_inp_kq_mask' [f32, ne = {  9216,     1,     1,     1 }] is used by node 'kq_soft_max-6' (SOFT_MAX)
llama_graph_n_input_tensors: input tensor '                attn_inp_kq_mask' [f32, ne = {  9216,     1,     1,     1 }] is used by node 'kq_soft_max-7' (SOFT_MAX)
llama_graph_n_input_tensors: input tensor '                attn_inp_kq_mask' [f32, ne = {  9216,     1,     1,     1 }] is used by node 'kq_soft_max-8' (SOFT_MAX)
llama_graph_n_input_tensors: input tensor '                attn_inp_kq_mask' [f32, ne = {  9216,     1,     1,     1 }] is used by node 'kq_soft_max-9' (SOFT_MAX)
llama_graph_n_input_tensors: input tensor '                attn_inp_kq_mask' [f32, ne = {  9216,     1,     1,     1 }] is used by node 'kq_soft_max-10' (SOFT_MAX)
llama_graph_n_input_tensors: input tensor '                attn_inp_kq_mask' [f32, ne = {  9216,     1,     1,     1 }] is used by node 'kq_soft_max-12' (SOFT_MAX)
llama_graph_n_input_tensors: input tensor '                attn_inp_kq_mask' [f32, ne = {  9216,     1,     1,     1 }] is used by node 'kq_soft_max-13' (SOFT_MAX)
llama_graph_n_input_tensors: input tensor '                attn_inp_kq_mask' [f32, ne = {  9216,     1,     1,     1 }] is used by node 'kq_soft_max-14' (SOFT_MAX)
llama_graph_n_input_tensors: input tensor '                attn_inp_kq_mask' [f32, ne = {  9216,     1,     1,     1 }] is used by node 'kq_soft_max-15' (SOFT_MAX)
llama_graph_n_input_tensors: input tensor '                attn_inp_kq_mask' [f32, ne = {  9216,     1,     1,     1 }] is used by node 'kq_soft_max-16' (SOFT_MAX)
llama_graph_n_input_tensors: input tensor '                attn_inp_kq_mask' [f32, ne = {  9216,     1,     1,     1 }] is used by node 'kq_soft_max-18' (SOFT_MAX)
llama_graph_n_input_tensors: input tensor '                attn_inp_kq_mask' [f32, ne = {  9216,     1,     1,     1 }] is used by node 'kq_soft_max-19' (SOFT_MAX)
llama_graph_n_input_tensors: input tensor '                attn_inp_kq_mask' [f32, ne = {  9216,     1,     1,     1 }] is used by node 'kq_soft_max-20' (SOFT_MAX)
llama_graph_n_input_tensors: input tensor '                attn_inp_kq_mask' [f32, ne = {  9216,     1,     1,     1 }] is used by node 'kq_soft_max-21' (SOFT_MAX)
llama_graph_n_input_tensors: input tensor '                attn_inp_kq_mask' [f32, ne = {  9216,     1,     1,     1 }] is used by node 'kq_soft_max-22' (SOFT_MAX)
llama_graph_n_input_tensors: input tensor '                attn_inp_kq_mask' [f32, ne = {  9216,     1,     1,     1 }] is used by node 'kq_soft_max-24' (SOFT_MAX)
llama_graph_n_input_tensors: input tensor '                attn_inp_kq_mask' [f32, ne = {  9216,     1,     1,     1 }] is used by node 'kq_soft_max-25' (SOFT_MAX)
llama_graph_n_input_tensors: input tensor '                attn_inp_kq_mask' [f32, ne = {  9216,     1,     1,     1 }] is used by node 'kq_soft_max-26' (SOFT_MAX)
llama_graph_n_input_tensors: input tensor '                attn_inp_kq_mask' [f32, ne = {  9216,     1,     1,     1 }] is used by node 'kq_soft_max-27' (SOFT_MAX)
llama_graph_n_input_tensors: input tensor '                attn_inp_kq_mask' [f32, ne = {  9216,     1,     1,     1 }] is used by node 'kq_soft_max-28' (SOFT_MAX)
llama_graph_n_input_tensors: input tensor '                attn_inp_kq_mask' [f32, ne = {  9216,     1,     1,     1 }] is used by node 'kq_soft_max-30' (SOFT_MAX)
llama_graph_n_input_tensors: input tensor '                attn_inp_kq_mask' [f32, ne = {  9216,     1,     1,     1 }] is used by node 'kq_soft_max-31' (SOFT_MAX)
llama_graph_n_input_tensors: input tensor '                attn_inp_kq_mask' [f32, ne = {  9216,     1,     1,     1 }] is used by node 'kq_soft_max-32' (SOFT_MAX)
llama_graph_n_input_tensors: input tensor '                attn_inp_kq_mask' [f32, ne = {  9216,     1,     1,     1 }] is used by node 'kq_soft_max-33' (SOFT_MAX)
llama_graph_n_input_tensors: input tensor '                attn_inp_kq_mask' [f32, ne = {  9216,     1,     1,     1 }] is used by node 'kq_soft_max-34' (SOFT_MAX)
llama_graph_n_input_tensors: input tensor '                attn_inp_kq_mask' [f32, ne = {  9216,     1,     1,     1 }] is used by node 'kq_soft_max-36' (SOFT_MAX)
llama_graph_n_input_tensors: input tensor '                attn_inp_kq_mask' [f32, ne = {  9216,     1,     1,     1 }] is used by node 'kq_soft_max-37' (SOFT_MAX)
llama_graph_n_input_tensors: input tensor '                attn_inp_kq_mask' [f32, ne = {  9216,     1,     1,     1 }] is used by node 'kq_soft_max-38' (SOFT_MAX)
llama_graph_n_input_tensors: input tensor '                attn_inp_kq_mask' [f32, ne = {  9216,     1,     1,     1 }] is used by node 'kq_soft_max-39' (SOFT_MAX)
llama_graph_n_input_tensors: input tensor '                attn_inp_kq_mask' [f32, ne = {  9216,     1,     1,     1 }] is used by node 'kq_soft_max-40' (SOFT_MAX)
llama_graph_n_input_tensors: input tensor '                 attn_inp_v_idxs' [i64, ne = {  1024,     1,     1,     1 }] is used by node 'cache_v_l0 (reshaped) (view)' (SET_ROWS)
llama_graph_n_input_tensors: input tensor '                 attn_inp_v_idxs' [i64, ne = {  1024,     1,     1,     1 }] is used by node 'cache_v_l1 (reshaped) (view)' (SET_ROWS)
llama_graph_n_input_tensors: input tensor '                 attn_inp_v_idxs' [i64, ne = {  1024,     1,     1,     1 }] is used by node 'cache_v_l2 (reshaped) (view)' (SET_ROWS)
llama_graph_n_input_tensors: input tensor '                 attn_inp_v_idxs' [i64, ne = {  1024,     1,     1,     1 }] is used by node 'cache_v_l3 (reshaped) (view)' (SET_ROWS)
llama_graph_n_input_tensors: input tensor '                 attn_inp_v_idxs' [i64, ne = {  1024,     1,     1,     1 }] is used by node 'cache_v_l4 (reshaped) (view)' (SET_ROWS)
llama_graph_n_input_tensors: input tensor '                 attn_inp_v_idxs' [i64, ne = {  1024,     1,     1,     1 }] is used by node 'cache_v_l6 (reshaped) (view)' (SET_ROWS)
llama_graph_n_input_tensors: input tensor '                 attn_inp_v_idxs' [i64, ne = {  1024,     1,     1,     1 }] is used by node 'cache_v_l7 (reshaped) (view)' (SET_ROWS)
llama_graph_n_input_tensors: input tensor '                 attn_inp_v_idxs' [i64, ne = {  1024,     1,     1,     1 }] is used by node 'cache_v_l8 (reshaped) (view)' (SET_ROWS)
llama_graph_n_input_tensors: input tensor '                 attn_inp_v_idxs' [i64, ne = {  1024,     1,     1,     1 }] is used by node 'cache_v_l9 (reshaped) (view)' (SET_ROWS)
llama_graph_n_input_tensors: input tensor '                 attn_inp_v_idxs' [i64, ne = {  1024,     1,     1,     1 }] is used by node 'cache_v_l10 (reshaped) (view)' (SET_ROWS)
llama_graph_n_input_tensors: input tensor '                 attn_inp_v_idxs' [i64, ne = {  1024,     1,     1,     1 }] is used by node 'cache_v_l12 (reshaped) (view)' (SET_ROWS)
llama_graph_n_input_tensors: input tensor '                 attn_inp_v_idxs' [i64, ne = {  1024,     1,     1,     1 }] is used by node 'cache_v_l13 (reshaped) (view)' (SET_ROWS)
llama_graph_n_input_tensors: input tensor '                 attn_inp_v_idxs' [i64, ne = {  1024,     1,     1,     1 }] is used by node 'cache_v_l14 (reshaped) (view)' (SET_ROWS)
llama_graph_n_input_tensors: input tensor '                 attn_inp_v_idxs' [i64, ne = {  1024,     1,     1,     1 }] is used by node 'cache_v_l15 (reshaped) (view)' (SET_ROWS)
llama_graph_n_input_tensors: input tensor '                 attn_inp_v_idxs' [i64, ne = {  1024,     1,     1,     1 }] is used by node 'cache_v_l16 (reshaped) (view)' (SET_ROWS)
llama_graph_n_input_tensors: input tensor '                 attn_inp_v_idxs' [i64, ne = {  1024,     1,     1,     1 }] is used by node 'cache_v_l18 (reshaped) (view)' (SET_ROWS)
llama_graph_n_input_tensors: input tensor '                 attn_inp_v_idxs' [i64, ne = {  1024,     1,     1,     1 }] is used by node 'cache_v_l19 (reshaped) (view)' (SET_ROWS)
llama_graph_n_input_tensors: input tensor '                 attn_inp_v_idxs' [i64, ne = {  1024,     1,     1,     1 }] is used by node 'cache_v_l20 (reshaped) (view)' (SET_ROWS)
llama_graph_n_input_tensors: input tensor '                 attn_inp_v_idxs' [i64, ne = {  1024,     1,     1,     1 }] is used by node 'cache_v_l21 (reshaped) (view)' (SET_ROWS)
llama_graph_n_input_tensors: input tensor '                 attn_inp_v_idxs' [i64, ne = {  1024,     1,     1,     1 }] is used by node 'cache_v_l22 (reshaped) (view)' (SET_ROWS)
llama_graph_n_input_tensors: input tensor '                 attn_inp_k_idxs' [i64, ne = {     1,     1,     1,     1 }] is used by node 'cache_k_l0 (view)' (SET_ROWS)
llama_graph_n_input_tensors: input tensor '                 attn_inp_k_idxs' [i64, ne = {     1,     1,     1,     1 }] is used by node 'cache_k_l1 (view)' (SET_ROWS)
llama_graph_n_input_tensors: input tensor '                 attn_inp_k_idxs' [i64, ne = {     1,     1,     1,     1 }] is used by node 'cache_k_l2 (view)' (SET_ROWS)
llama_graph_n_input_tensors: input tensor '                 attn_inp_k_idxs' [i64, ne = {     1,     1,     1,     1 }] is used by node 'cache_k_l3 (view)' (SET_ROWS)
llama_graph_n_input_tensors: input tensor '                 attn_inp_k_idxs' [i64, ne = {     1,     1,     1,     1 }] is used by node 'cache_k_l4 (view)' (SET_ROWS)
llama_graph_n_input_tensors: input tensor '                 attn_inp_k_idxs' [i64, ne = {     1,     1,     1,     1 }] is used by node 'cache_k_l6 (view)' (SET_ROWS)
llama_graph_n_input_tensors: input tensor '                 attn_inp_k_idxs' [i64, ne = {     1,     1,     1,     1 }] is used by node 'cache_k_l7 (view)' (SET_ROWS)
llama_graph_n_input_tensors: input tensor '                 attn_inp_k_idxs' [i64, ne = {     1,     1,     1,     1 }] is used by node 'cache_k_l8 (view)' (SET_ROWS)
llama_graph_n_input_tensors: input tensor '                 attn_inp_k_idxs' [i64, ne = {     1,     1,     1,     1 }] is used by node 'cache_k_l9 (view)' (SET_ROWS)
llama_graph_n_input_tensors: input tensor '                 attn_inp_k_idxs' [i64, ne = {     1,     1,     1,     1 }] is used by node 'cache_k_l10 (view)' (SET_ROWS)
llama_graph_n_input_tensors: input tensor '                 attn_inp_k_idxs' [i64, ne = {     1,     1,     1,     1 }] is used by node 'cache_k_l12 (view)' (SET_ROWS)
llama_graph_n_input_tensors: input tensor '                 attn_inp_k_idxs' [i64, ne = {     1,     1,     1,     1 }] is used by node 'cache_k_l13 (view)' (SET_ROWS)
llama_graph_n_input_tensors: input tensor '                 attn_inp_k_idxs' [i64, ne = {     1,     1,     1,     1 }] is used by node 'cache_k_l14 (view)' (SET_ROWS)
llama_graph_n_input_tensors: input tensor '                 attn_inp_k_idxs' [i64, ne = {     1,     1,     1,     1 }] is used by node 'cache_k_l15 (view)' (SET_ROWS)
llama_graph_n_input_tensors: input tensor '                 attn_inp_k_idxs' [i64, ne = {     1,     1,     1,     1 }] is used by node 'cache_k_l16 (view)' (SET_ROWS)
llama_graph_n_input_tensors: input tensor '                 attn_inp_k_idxs' [i64, ne = {     1,     1,     1,     1 }] is used by node 'cache_k_l18 (view)' (SET_ROWS)
llama_graph_n_input_tensors: input tensor '                 attn_inp_k_idxs' [i64, ne = {     1,     1,     1,     1 }] is used by node 'cache_k_l19 (view)' (SET_ROWS)
llama_graph_n_input_tensors: input tensor '                 attn_inp_k_idxs' [i64, ne = {     1,     1,     1,     1 }] is used by node 'cache_k_l20 (view)' (SET_ROWS)
llama_graph_n_input_tensors: input tensor '                 attn_inp_k_idxs' [i64, ne = {     1,     1,     1,     1 }] is used by node 'cache_k_l21 (view)' (SET_ROWS)
llama_graph_n_input_tensors: input tensor '                 attn_inp_k_idxs' [i64, ne = {     1,     1,     1,     1 }] is used by node 'cache_k_l22 (view)' (SET_ROWS)
llama_graph_n_input_tensors: input tensor '                         inp_pos' [i32, ne = {     1,     1,     1,     1 }] is used by node 'Qcur_pos-0' (ROPE)
llama_graph_n_input_tensors: input tensor '                         inp_pos' [i32, ne = {     1,     1,     1,     1 }] is used by node 'Kcur_pos-0' (ROPE)
llama_graph_n_input_tensors: input tensor '                         inp_pos' [i32, ne = {     1,     1,     1,     1 }] is used by node 'Qcur_pos-1' (ROPE)
llama_graph_n_input_tensors: input tensor '                         inp_pos' [i32, ne = {     1,     1,     1,     1 }] is used by node 'Kcur_pos-1' (ROPE)
llama_graph_n_input_tensors: input tensor '                         inp_pos' [i32, ne = {     1,     1,     1,     1 }] is used by node 'Qcur_pos-2' (ROPE)
llama_graph_n_input_tensors: input tensor '                         inp_pos' [i32, ne = {     1,     1,     1,     1 }] is used by node 'Kcur_pos-2' (ROPE)
llama_graph_n_input_tensors: input tensor '                         inp_pos' [i32, ne = {     1,     1,     1,     1 }] is used by node 'Qcur_pos-3' (ROPE)
llama_graph_n_input_tensors: input tensor '                         inp_pos' [i32, ne = {     1,     1,     1,     1 }] is used by node 'Kcur_pos-3' (ROPE)
llama_graph_n_input_tensors: input tensor '                         inp_pos' [i32, ne = {     1,     1,     1,     1 }] is used by node 'Qcur_pos-4' (ROPE)
llama_graph_n_input_tensors: input tensor '                         inp_pos' [i32, ne = {     1,     1,     1,     1 }] is used by node 'Kcur_pos-4' (ROPE)
llama_graph_n_input_tensors: input tensor '                         inp_pos' [i32, ne = {     1,     1,     1,     1 }] is used by node 'Qcur_pos-5' (ROPE)
llama_graph_n_input_tensors: input tensor '                         inp_pos' [i32, ne = {     1,     1,     1,     1 }] is used by node 'Kcur_pos-5' (ROPE)
llama_graph_n_input_tensors: input tensor '                         inp_pos' [i32, ne = {     1,     1,     1,     1 }] is used by node 'Qcur_pos-6' (ROPE)
llama_graph_n_input_tensors: input tensor '                         inp_pos' [i32, ne = {     1,     1,     1,     1 }] is used by node 'Kcur_pos-6' (ROPE)
llama_graph_n_input_tensors: input tensor '                         inp_pos' [i32, ne = {     1,     1,     1,     1 }] is used by node 'Qcur_pos-7' (ROPE)
llama_graph_n_input_tensors: input tensor '                         inp_pos' [i32, ne = {     1,     1,     1,     1 }] is used by node 'Kcur_pos-7' (ROPE)
llama_graph_n_input_tensors: input tensor '                         inp_pos' [i32, ne = {     1,     1,     1,     1 }] is used by node 'Qcur_pos-8' (ROPE)
llama_graph_n_input_tensors: input tensor '                         inp_pos' [i32, ne = {     1,     1,     1,     1 }] is used by node 'Kcur_pos-8' (ROPE)
llama_graph_n_input_tensors: input tensor '                         inp_pos' [i32, ne = {     1,     1,     1,     1 }] is used by node 'Qcur_pos-9' (ROPE)
llama_graph_n_input_tensors: input tensor '                         inp_pos' [i32, ne = {     1,     1,     1,     1 }] is used by node 'Kcur_pos-9' (ROPE)
llama_graph_n_input_tensors: input tensor '                         inp_pos' [i32, ne = {     1,     1,     1,     1 }] is used by node 'Qcur_pos-10' (ROPE)
llama_graph_n_input_tensors: input tensor '                         inp_pos' [i32, ne = {     1,     1,     1,     1 }] is used by node 'Kcur_pos-10' (ROPE)
llama_graph_n_input_tensors: input tensor '                         inp_pos' [i32, ne = {     1,     1,     1,     1 }] is used by node 'Qcur_pos-11' (ROPE)
llama_graph_n_input_tensors: input tensor '                         inp_pos' [i32, ne = {     1,     1,     1,     1 }] is used by node 'Kcur_pos-11' (ROPE)
llama_graph_n_input_tensors: input tensor '                         inp_pos' [i32, ne = {     1,     1,     1,     1 }] is used by node 'Qcur_pos-12' (ROPE)
llama_graph_n_input_tensors: input tensor '                         inp_pos' [i32, ne = {     1,     1,     1,     1 }] is used by node 'Kcur_pos-12' (ROPE)
llama_graph_n_input_tensors: input tensor '                         inp_pos' [i32, ne = {     1,     1,     1,     1 }] is used by node 'Qcur_pos-13' (ROPE)
llama_graph_n_input_tensors: input tensor '                         inp_pos' [i32, ne = {     1,     1,     1,     1 }] is used by node 'Kcur_pos-13' (ROPE)
llama_graph_n_input_tensors: input tensor '                         inp_pos' [i32, ne = {     1,     1,     1,     1 }] is used by node 'Qcur_pos-14' (ROPE)
llama_graph_n_input_tensors: input tensor '                         inp_pos' [i32, ne = {     1,     1,     1,     1 }] is used by node 'Kcur_pos-14' (ROPE)
llama_graph_n_input_tensors: input tensor '                         inp_pos' [i32, ne = {     1,     1,     1,     1 }] is used by node 'Qcur_pos-15' (ROPE)
llama_graph_n_input_tensors: input tensor '                         inp_pos' [i32, ne = {     1,     1,     1,     1 }] is used by node 'Kcur_pos-15' (ROPE)
llama_graph_n_input_tensors: input tensor '                         inp_pos' [i32, ne = {     1,     1,     1,     1 }] is used by node 'Qcur_pos-16' (ROPE)
llama_graph_n_input_tensors: input tensor '                         inp_pos' [i32, ne = {     1,     1,     1,     1 }] is used by node 'Kcur_pos-16' (ROPE)
llama_graph_n_input_tensors: input tensor '                         inp_pos' [i32, ne = {     1,     1,     1,     1 }] is used by node 'Qcur_pos-17' (ROPE)
llama_graph_n_input_tensors: input tensor '                         inp_pos' [i32, ne = {     1,     1,     1,     1 }] is used by node 'Kcur_pos-17' (ROPE)
llama_graph_n_input_tensors: input tensor '                         inp_pos' [i32, ne = {     1,     1,     1,     1 }] is used by node 'Qcur_pos-18' (ROPE)
llama_graph_n_input_tensors: input tensor '                         inp_pos' [i32, ne = {     1,     1,     1,     1 }] is used by node 'Kcur_pos-18' (ROPE)
llama_graph_n_input_tensors: input tensor '                         inp_pos' [i32, ne = {     1,     1,     1,     1 }] is used by node 'Qcur_pos-19' (ROPE)
llama_graph_n_input_tensors: input tensor '                         inp_pos' [i32, ne = {     1,     1,     1,     1 }] is used by node 'Kcur_pos-19' (ROPE)
llama_graph_n_input_tensors: input tensor '                         inp_pos' [i32, ne = {     1,     1,     1,     1 }] is used by node 'Qcur_pos-20' (ROPE)
llama_graph_n_input_tensors: input tensor '                         inp_pos' [i32, ne = {     1,     1,     1,     1 }] is used by node 'Kcur_pos-20' (ROPE)
llama_graph_n_input_tensors: input tensor '                         inp_pos' [i32, ne = {     1,     1,     1,     1 }] is used by node 'Qcur_pos-21' (ROPE)
llama_graph_n_input_tensors: input tensor '                         inp_pos' [i32, ne = {     1,     1,     1,     1 }] is used by node 'Kcur_pos-21' (ROPE)
llama_graph_n_input_tensors: input tensor '                         inp_pos' [i32, ne = {     1,     1,     1,     1 }] is used by node 'Qcur_pos-22' (ROPE)
llama_graph_n_input_tensors: input tensor '                         inp_pos' [i32, ne = {     1,     1,     1,     1 }] is used by node 'Kcur_pos-22' (ROPE)
llama_graph_n_input_tensors: input tensor '                         inp_pos' [i32, ne = {     1,     1,     1,     1 }] is used by node 'Qcur_pos-23' (ROPE)
llama_graph_n_input_tensors: input tensor '                         inp_pos' [i32, ne = {     1,     1,     1,     1 }] is used by node 'Kcur_pos-23' (ROPE)
llama_graph_n_input_tensors: input tensor '                         inp_pos' [i32, ne = {     1,     1,     1,     1 }] is used by node 'Qcur_pos-24' (ROPE)
llama_graph_n_input_tensors: input tensor '                         inp_pos' [i32, ne = {     1,     1,     1,     1 }] is used by node 'Qcur_pos-25' (ROPE)
llama_graph_n_input_tensors: input tensor '                         inp_pos' [i32, ne = {     1,     1,     1,     1 }] is used by node 'Qcur_pos-26' (ROPE)
llama_graph_n_input_tensors: input tensor '                         inp_pos' [i32, ne = {     1,     1,     1,     1 }] is used by node 'Qcur_pos-27' (ROPE)
llama_graph_n_input_tensors: input tensor '                         inp_pos' [i32, ne = {     1,     1,     1,     1 }] is used by node 'Qcur_pos-28' (ROPE)
llama_graph_n_input_tensors: input tensor '                         inp_pos' [i32, ne = {     1,     1,     1,     1 }] is used by node 'Qcur_pos-29' (ROPE)
llama_graph_n_input_tensors: input tensor '                         inp_pos' [i32, ne = {     1,     1,     1,     1 }] is used by node 'Qcur_pos-30' (ROPE)
llama_graph_n_input_tensors: input tensor '                         inp_pos' [i32, ne = {     1,     1,     1,     1 }] is used by node 'Qcur_pos-31' (ROPE)
llama_graph_n_input_tensors: input tensor '                         inp_pos' [i32, ne = {     1,     1,     1,     1 }] is used by node 'Qcur_pos-32' (ROPE)
llama_graph_n_input_tensors: input tensor '                         inp_pos' [i32, ne = {     1,     1,     1,     1 }] is used by node 'Qcur_pos-33' (ROPE)
llama_graph_n_input_tensors: input tensor '                         inp_pos' [i32, ne = {     1,     1,     1,     1 }] is used by node 'Qcur_pos-34' (ROPE)
llama_graph_n_input_tensors: input tensor '                         inp_pos' [i32, ne = {     1,     1,     1,     1 }] is used by node 'Qcur_pos-35' (ROPE)
llama_graph_n_input_tensors: input tensor '                         inp_pos' [i32, ne = {     1,     1,     1,     1 }] is used by node 'Qcur_pos-36' (ROPE)
llama_graph_n_input_tensors: input tensor '                         inp_pos' [i32, ne = {     1,     1,     1,     1 }] is used by node 'Qcur_pos-37' (ROPE)
llama_graph_n_input_tensors: input tensor '                         inp_pos' [i32, ne = {     1,     1,     1,     1 }] is used by node 'Qcur_pos-38' (ROPE)
llama_graph_n_input_tensors: input tensor '                         inp_pos' [i32, ne = {     1,     1,     1,     1 }] is used by node 'Qcur_pos-39' (ROPE)
llama_graph_n_input_tensors: input tensor '                         inp_pos' [i32, ne = {     1,     1,     1,     1 }] is used by node 'Qcur_pos-40' (ROPE)
llama_graph_n_input_tensors: input tensor '                         inp_pos' [i32, ne = {     1,     1,     1,     1 }] is used by node 'Qcur_pos-41' (ROPE)
llama_graph_n_input_tensors: input tensor '                          leaf_4' [i32, ne = {     1,     1,     1,     1 }] is used by node 'node_1' (GET_ROWS)
llama_graph_n_input_tensors: input tensor '                      inp_tokens' [i32, ne = {     1,     1,     1,     1 }] is used by node 'embd' (GET_ROWS)
graph_reserve: reserving a graph for ubatch with n_tokens =  512, n_seqs =  1, n_outputs =  512
llama_graph_n_input_tensors: input tensor '                         out_ids' [i32, ne = {   512,     1,     1,     1 }] is used by node 'result_norm' (GET_ROWS)
llama_graph_n_input_tensors: input tensor '                attn_inp_kq_mask' [f32, ne = {  9216,   512,     1,     1 }] is used by node 'kq_soft_max-5' (SOFT_MAX)
llama_graph_n_input_tensors: input tensor '                attn_inp_kq_mask' [f32, ne = {  9216,   512,     1,     1 }] is used by node 'kq_soft_max-11' (SOFT_MAX)
llama_graph_n_input_tensors: input tensor '                attn_inp_kq_mask' [f32, ne = {  9216,   512,     1,     1 }] is used by node 'kq_soft_max-17' (SOFT_MAX)
llama_graph_n_input_tensors: input tensor '                attn_inp_kq_mask' [f32, ne = {  9216,   512,     1,     1 }] is used by node 'kq_soft_max-23' (SOFT_MAX)
llama_graph_n_input_tensors: input tensor '                attn_inp_kq_mask' [f32, ne = {  9216,   512,     1,     1 }] is used by node 'kq_soft_max-29' (SOFT_MAX)
llama_graph_n_input_tensors: input tensor '                attn_inp_kq_mask' [f32, ne = {  9216,   512,     1,     1 }] is used by node 'kq_soft_max-35' (SOFT_MAX)
llama_graph_n_input_tensors: input tensor '                attn_inp_kq_mask' [f32, ne = {  9216,   512,     1,     1 }] is used by node 'kq_soft_max-41' (SOFT_MAX)
llama_graph_n_input_tensors: input tensor '                 attn_inp_v_idxs' [i64, ne = { 524288,     1,     1,     1 }] is used by node 'cache_v_l5 (reshaped) (view)' (SET_ROWS)
llama_graph_n_input_tensors: input tensor '                 attn_inp_v_idxs' [i64, ne = { 524288,     1,     1,     1 }] is used by node 'cache_v_l11 (reshaped) (view)' (SET_ROWS)
llama_graph_n_input_tensors: input tensor '                 attn_inp_v_idxs' [i64, ne = { 524288,     1,     1,     1 }] is used by node 'cache_v_l17 (reshaped) (view)' (SET_ROWS)
llama_graph_n_input_tensors: input tensor '                 attn_inp_v_idxs' [i64, ne = { 524288,     1,     1,     1 }] is used by node 'cache_v_l23 (reshaped) (view)' (SET_ROWS)
llama_graph_n_input_tensors: input tensor '                 attn_inp_k_idxs' [i64, ne = {   512,     1,     1,     1 }] is used by node 'cache_k_l5 (view)' (SET_ROWS)
llama_graph_n_input_tensors: input tensor '                 attn_inp_k_idxs' [i64, ne = {   512,     1,     1,     1 }] is used by node 'cache_k_l11 (view)' (SET_ROWS)
llama_graph_n_input_tensors: input tensor '                 attn_inp_k_idxs' [i64, ne = {   512,     1,     1,     1 }] is used by node 'cache_k_l17 (view)' (SET_ROWS)
llama_graph_n_input_tensors: input tensor '                 attn_inp_k_idxs' [i64, ne = {   512,     1,     1,     1 }] is used by node 'cache_k_l23 (view)' (SET_ROWS)
llama_graph_n_input_tensors: input tensor '                attn_inp_kq_mask' [f32, ne = {  9216,   512,     1,     1 }] is used by node 'kq_soft_max-0' (SOFT_MAX)
llama_graph_n_input_tensors: input tensor '                attn_inp_kq_mask' [f32, ne = {  9216,   512,     1,     1 }] is used by node 'kq_soft_max-1' (SOFT_MAX)
llama_graph_n_input_tensors: input tensor '                attn_inp_kq_mask' [f32, ne = {  9216,   512,     1,     1 }] is used by node 'kq_soft_max-2' (SOFT_MAX)
llama_graph_n_input_tensors: input tensor '                attn_inp_kq_mask' [f32, ne = {  9216,   512,     1,     1 }] is used by node 'kq_soft_max-3' (SOFT_MAX)
llama_graph_n_input_tensors: input tensor '                attn_inp_kq_mask' [f32, ne = {  9216,   512,     1,     1 }] is used by node 'kq_soft_max-4' (SOFT_MAX)
llama_graph_n_input_tensors: input tensor '                attn_inp_kq_mask' [f32, ne = {  9216,   512,     1,     1 }] is used by node 'kq_soft_max-6' (SOFT_MAX)
llama_graph_n_input_tensors: input tensor '                attn_inp_kq_mask' [f32, ne = {  9216,   512,     1,     1 }] is used by node 'kq_soft_max-7' (SOFT_MAX)
llama_graph_n_input_tensors: input tensor '                attn_inp_kq_mask' [f32, ne = {  9216,   512,     1,     1 }] is used by node 'kq_soft_max-8' (SOFT_MAX)
llama_graph_n_input_tensors: input tensor '                attn_inp_kq_mask' [f32, ne = {  9216,   512,     1,     1 }] is used by node 'kq_soft_max-9' (SOFT_MAX)
llama_graph_n_input_tensors: input tensor '                attn_inp_kq_mask' [f32, ne = {  9216,   512,     1,     1 }] is used by node 'kq_soft_max-10' (SOFT_MAX)
llama_graph_n_input_tensors: input tensor '                attn_inp_kq_mask' [f32, ne = {  9216,   512,     1,     1 }] is used by node 'kq_soft_max-12' (SOFT_MAX)
llama_graph_n_input_tensors: input tensor '                attn_inp_kq_mask' [f32, ne = {  9216,   512,     1,     1 }] is used by node 'kq_soft_max-13' (SOFT_MAX)
llama_graph_n_input_tensors: input tensor '                attn_inp_kq_mask' [f32, ne = {  9216,   512,     1,     1 }] is used by node 'kq_soft_max-14' (SOFT_MAX)
llama_graph_n_input_tensors: input tensor '                attn_inp_kq_mask' [f32, ne = {  9216,   512,     1,     1 }] is used by node 'kq_soft_max-15' (SOFT_MAX)
llama_graph_n_input_tensors: input tensor '                attn_inp_kq_mask' [f32, ne = {  9216,   512,     1,     1 }] is used by node 'kq_soft_max-16' (SOFT_MAX)
llama_graph_n_input_tensors: input tensor '                attn_inp_kq_mask' [f32, ne = {  9216,   512,     1,     1 }] is used by node 'kq_soft_max-18' (SOFT_MAX)
llama_graph_n_input_tensors: input tensor '                attn_inp_kq_mask' [f32, ne = {  9216,   512,     1,     1 }] is used by node 'kq_soft_max-19' (SOFT_MAX)
llama_graph_n_input_tensors: input tensor '                attn_inp_kq_mask' [f32, ne = {  9216,   512,     1,     1 }] is used by node 'kq_soft_max-20' (SOFT_MAX)
llama_graph_n_input_tensors: input tensor '                attn_inp_kq_mask' [f32, ne = {  9216,   512,     1,     1 }] is used by node 'kq_soft_max-21' (SOFT_MAX)
llama_graph_n_input_tensors: input tensor '                attn_inp_kq_mask' [f32, ne = {  9216,   512,     1,     1 }] is used by node 'kq_soft_max-22' (SOFT_MAX)
llama_graph_n_input_tensors: input tensor '                attn_inp_kq_mask' [f32, ne = {  9216,   512,     1,     1 }] is used by node 'kq_soft_max-24' (SOFT_MAX)
llama_graph_n_input_tensors: input tensor '                attn_inp_kq_mask' [f32, ne = {  9216,   512,     1,     1 }] is used by node 'kq_soft_max-25' (SOFT_MAX)
llama_graph_n_input_tensors: input tensor '                attn_inp_kq_mask' [f32, ne = {  9216,   512,     1,     1 }] is used by node 'kq_soft_max-26' (SOFT_MAX)
llama_graph_n_input_tensors: input tensor '                attn_inp_kq_mask' [f32, ne = {  9216,   512,     1,     1 }] is used by node 'kq_soft_max-27' (SOFT_MAX)
llama_graph_n_input_tensors: input tensor '                attn_inp_kq_mask' [f32, ne = {  9216,   512,     1,     1 }] is used by node 'kq_soft_max-28' (SOFT_MAX)
llama_graph_n_input_tensors: input tensor '                attn_inp_kq_mask' [f32, ne = {  9216,   512,     1,     1 }] is used by node 'kq_soft_max-30' (SOFT_MAX)
llama_graph_n_input_tensors: input tensor '                attn_inp_kq_mask' [f32, ne = {  9216,   512,     1,     1 }] is used by node 'kq_soft_max-31' (SOFT_MAX)
llama_graph_n_input_tensors: input tensor '                attn_inp_kq_mask' [f32, ne = {  9216,   512,     1,     1 }] is used by node 'kq_soft_max-32' (SOFT_MAX)
llama_graph_n_input_tensors: input tensor '                attn_inp_kq_mask' [f32, ne = {  9216,   512,     1,     1 }] is used by node 'kq_soft_max-33' (SOFT_MAX)
llama_graph_n_input_tensors: input tensor '                attn_inp_kq_mask' [f32, ne = {  9216,   512,     1,     1 }] is used by node 'kq_soft_max-34' (SOFT_MAX)
llama_graph_n_input_tensors: input tensor '                attn_inp_kq_mask' [f32, ne = {  9216,   512,     1,     1 }] is used by node 'kq_soft_max-36' (SOFT_MAX)
llama_graph_n_input_tensors: input tensor '                attn_inp_kq_mask' [f32, ne = {  9216,   512,     1,     1 }] is used by node 'kq_soft_max-37' (SOFT_MAX)
llama_graph_n_input_tensors: input tensor '                attn_inp_kq_mask' [f32, ne = {  9216,   512,     1,     1 }] is used by node 'kq_soft_max-38' (SOFT_MAX)
llama_graph_n_input_tensors: input tensor '                attn_inp_kq_mask' [f32, ne = {  9216,   512,     1,     1 }] is used by node 'kq_soft_max-39' (SOFT_MAX)
llama_graph_n_input_tensors: input tensor '                attn_inp_kq_mask' [f32, ne = {  9216,   512,     1,     1 }] is used by node 'kq_soft_max-40' (SOFT_MAX)
llama_graph_n_input_tensors: input tensor '                 attn_inp_v_idxs' [i64, ne = { 524288,     1,     1,     1 }] is used by node 'cache_v_l0 (reshaped) (view)' (SET_ROWS)
llama_graph_n_input_tensors: input tensor '                 attn_inp_v_idxs' [i64, ne = { 524288,     1,     1,     1 }] is used by node 'cache_v_l1 (reshaped) (view)' (SET_ROWS)
llama_graph_n_input_tensors: input tensor '                 attn_inp_v_idxs' [i64, ne = { 524288,     1,     1,     1 }] is used by node 'cache_v_l2 (reshaped) (view)' (SET_ROWS)
llama_graph_n_input_tensors: input tensor '                 attn_inp_v_idxs' [i64, ne = { 524288,     1,     1,     1 }] is used by node 'cache_v_l3 (reshaped) (view)' (SET_ROWS)
llama_graph_n_input_tensors: input tensor '                 attn_inp_v_idxs' [i64, ne = { 524288,     1,     1,     1 }] is used by node 'cache_v_l4 (reshaped) (view)' (SET_ROWS)
llama_graph_n_input_tensors: input tensor '                 attn_inp_v_idxs' [i64, ne = { 524288,     1,     1,     1 }] is used by node 'cache_v_l6 (reshaped) (view)' (SET_ROWS)
llama_graph_n_input_tensors: input tensor '                 attn_inp_v_idxs' [i64, ne = { 524288,     1,     1,     1 }] is used by node 'cache_v_l7 (reshaped) (view)' (SET_ROWS)
llama_graph_n_input_tensors: input tensor '                 attn_inp_v_idxs' [i64, ne = { 524288,     1,     1,     1 }] is used by node 'cache_v_l8 (reshaped) (view)' (SET_ROWS)
llama_graph_n_input_tensors: input tensor '                 attn_inp_v_idxs' [i64, ne = { 524288,     1,     1,     1 }] is used by node 'cache_v_l9 (reshaped) (view)' (SET_ROWS)
llama_graph_n_input_tensors: input tensor '                 attn_inp_v_idxs' [i64, ne = { 524288,     1,     1,     1 }] is used by node 'cache_v_l10 (reshaped) (view)' (SET_ROWS)
llama_graph_n_input_tensors: input tensor '                 attn_inp_v_idxs' [i64, ne = { 524288,     1,     1,     1 }] is used by node 'cache_v_l12 (reshaped) (view)' (SET_ROWS)
llama_graph_n_input_tensors: input tensor '                 attn_inp_v_idxs' [i64, ne = { 524288,     1,     1,     1 }] is used by node 'cache_v_l13 (reshaped) (view)' (SET_ROWS)
llama_graph_n_input_tensors: input tensor '                 attn_inp_v_idxs' [i64, ne = { 524288,     1,     1,     1 }] is used by node 'cache_v_l14 (reshaped) (view)' (SET_ROWS)
llama_graph_n_input_tensors: input tensor '                 attn_inp_v_idxs' [i64, ne = { 524288,     1,     1,     1 }] is used by node 'cache_v_l15 (reshaped) (view)' (SET_ROWS)
llama_graph_n_input_tensors: input tensor '                 attn_inp_v_idxs' [i64, ne = { 524288,     1,     1,     1 }] is used by node 'cache_v_l16 (reshaped) (view)' (SET_ROWS)
llama_graph_n_input_tensors: input tensor '                 attn_inp_v_idxs' [i64, ne = { 524288,     1,     1,     1 }] is used by node 'cache_v_l18 (reshaped) (view)' (SET_ROWS)
llama_graph_n_input_tensors: input tensor '                 attn_inp_v_idxs' [i64, ne = { 524288,     1,     1,     1 }] is used by node 'cache_v_l19 (reshaped) (view)' (SET_ROWS)
llama_graph_n_input_tensors: input tensor '                 attn_inp_v_idxs' [i64, ne = { 524288,     1,     1,     1 }] is used by node 'cache_v_l20 (reshaped) (view)' (SET_ROWS)
llama_graph_n_input_tensors: input tensor '                 attn_inp_v_idxs' [i64, ne = { 524288,     1,     1,     1 }] is used by node 'cache_v_l21 (reshaped) (view)' (SET_ROWS)
llama_graph_n_input_tensors: input tensor '                 attn_inp_v_idxs' [i64, ne = { 524288,     1,     1,     1 }] is used by node 'cache_v_l22 (reshaped) (view)' (SET_ROWS)
llama_graph_n_input_tensors: input tensor '                 attn_inp_k_idxs' [i64, ne = {   512,     1,     1,     1 }] is used by node 'cache_k_l0 (view)' (SET_ROWS)
llama_graph_n_input_tensors: input tensor '                 attn_inp_k_idxs' [i64, ne = {   512,     1,     1,     1 }] is used by node 'cache_k_l1 (view)' (SET_ROWS)
llama_graph_n_input_tensors: input tensor '                 attn_inp_k_idxs' [i64, ne = {   512,     1,     1,     1 }] is used by node 'cache_k_l2 (view)' (SET_ROWS)
llama_graph_n_input_tensors: input tensor '                 attn_inp_k_idxs' [i64, ne = {   512,     1,     1,     1 }] is used by node 'cache_k_l3 (view)' (SET_ROWS)
llama_graph_n_input_tensors: input tensor '                 attn_inp_k_idxs' [i64, ne = {   512,     1,     1,     1 }] is used by node 'cache_k_l4 (view)' (SET_ROWS)
llama_graph_n_input_tensors: input tensor '                 attn_inp_k_idxs' [i64, ne = {   512,     1,     1,     1 }] is used by node 'cache_k_l6 (view)' (SET_ROWS)
llama_graph_n_input_tensors: input tensor '                 attn_inp_k_idxs' [i64, ne = {   512,     1,     1,     1 }] is used by node 'cache_k_l7 (view)' (SET_ROWS)
llama_graph_n_input_tensors: input tensor '                 attn_inp_k_idxs' [i64, ne = {   512,     1,     1,     1 }] is used by node 'cache_k_l8 (view)' (SET_ROWS)
llama_graph_n_input_tensors: input tensor '                 attn_inp_k_idxs' [i64, ne = {   512,     1,     1,     1 }] is used by node 'cache_k_l9 (view)' (SET_ROWS)
llama_graph_n_input_tensors: input tensor '                 attn_inp_k_idxs' [i64, ne = {   512,     1,     1,     1 }] is used by node 'cache_k_l10 (view)' (SET_ROWS)
llama_graph_n_input_tensors: input tensor '                 attn_inp_k_idxs' [i64, ne = {   512,     1,     1,     1 }] is used by node 'cache_k_l12 (view)' (SET_ROWS)
llama_graph_n_input_tensors: input tensor '                 attn_inp_k_idxs' [i64, ne = {   512,     1,     1,     1 }] is used by node 'cache_k_l13 (view)' (SET_ROWS)
llama_graph_n_input_tensors: input tensor '                 attn_inp_k_idxs' [i64, ne = {   512,     1,     1,     1 }] is used by node 'cache_k_l14 (view)' (SET_ROWS)
llama_graph_n_input_tensors: input tensor '                 attn_inp_k_idxs' [i64, ne = {   512,     1,     1,     1 }] is used by node 'cache_k_l15 (view)' (SET_ROWS)
llama_graph_n_input_tensors: input tensor '                 attn_inp_k_idxs' [i64, ne = {   512,     1,     1,     1 }] is used by node 'cache_k_l16 (view)' (SET_ROWS)
llama_graph_n_input_tensors: input tensor '                 attn_inp_k_idxs' [i64, ne = {   512,     1,     1,     1 }] is used by node 'cache_k_l18 (view)' (SET_ROWS)
llama_graph_n_input_tensors: input tensor '                 attn_inp_k_idxs' [i64, ne = {   512,     1,     1,     1 }] is used by node 'cache_k_l19 (view)' (SET_ROWS)
llama_graph_n_input_tensors: input tensor '                 attn_inp_k_idxs' [i64, ne = {   512,     1,     1,     1 }] is used by node 'cache_k_l20 (view)' (SET_ROWS)
llama_graph_n_input_tensors: input tensor '                 attn_inp_k_idxs' [i64, ne = {   512,     1,     1,     1 }] is used by node 'cache_k_l21 (view)' (SET_ROWS)
llama_graph_n_input_tensors: input tensor '                 attn_inp_k_idxs' [i64, ne = {   512,     1,     1,     1 }] is used by node 'cache_k_l22 (view)' (SET_ROWS)
llama_graph_n_input_tensors: input tensor '                         inp_pos' [i32, ne = {   512,     1,     1,     1 }] is used by node 'Qcur_pos-0' (ROPE)
llama_graph_n_input_tensors: input tensor '                         inp_pos' [i32, ne = {   512,     1,     1,     1 }] is used by node 'Kcur_pos-0' (ROPE)
llama_graph_n_input_tensors: input tensor '                         inp_pos' [i32, ne = {   512,     1,     1,     1 }] is used by node 'Qcur_pos-1' (ROPE)
llama_graph_n_input_tensors: input tensor '                         inp_pos' [i32, ne = {   512,     1,     1,     1 }] is used by node 'Kcur_pos-1' (ROPE)
llama_graph_n_input_tensors: input tensor '                         inp_pos' [i32, ne = {   512,     1,     1,     1 }] is used by node 'Qcur_pos-2' (ROPE)
llama_graph_n_input_tensors: input tensor '                         inp_pos' [i32, ne = {   512,     1,     1,     1 }] is used by node 'Kcur_pos-2' (ROPE)
llama_graph_n_input_tensors: input tensor '                         inp_pos' [i32, ne = {   512,     1,     1,     1 }] is used by node 'Qcur_pos-3' (ROPE)
llama_graph_n_input_tensors: input tensor '                         inp_pos' [i32, ne = {   512,     1,     1,     1 }] is used by node 'Kcur_pos-3' (ROPE)
llama_graph_n_input_tensors: input tensor '                         inp_pos' [i32, ne = {   512,     1,     1,     1 }] is used by node 'Qcur_pos-4' (ROPE)
llama_graph_n_input_tensors: input tensor '                         inp_pos' [i32, ne = {   512,     1,     1,     1 }] is used by node 'Kcur_pos-4' (ROPE)
llama_graph_n_input_tensors: input tensor '                         inp_pos' [i32, ne = {   512,     1,     1,     1 }] is used by node 'Qcur_pos-5' (ROPE)
llama_graph_n_input_tensors: input tensor '                         inp_pos' [i32, ne = {   512,     1,     1,     1 }] is used by node 'Kcur_pos-5' (ROPE)
llama_graph_n_input_tensors: input tensor '                         inp_pos' [i32, ne = {   512,     1,     1,     1 }] is used by node 'Qcur_pos-6' (ROPE)
llama_graph_n_input_tensors: input tensor '                         inp_pos' [i32, ne = {   512,     1,     1,     1 }] is used by node 'Kcur_pos-6' (ROPE)
llama_graph_n_input_tensors: input tensor '                         inp_pos' [i32, ne = {   512,     1,     1,     1 }] is used by node 'Qcur_pos-7' (ROPE)
llama_graph_n_input_tensors: input tensor '                         inp_pos' [i32, ne = {   512,     1,     1,     1 }] is used by node 'Kcur_pos-7' (ROPE)
llama_graph_n_input_tensors: input tensor '                         inp_pos' [i32, ne = {   512,     1,     1,     1 }] is used by node 'Qcur_pos-8' (ROPE)
llama_graph_n_input_tensors: input tensor '                         inp_pos' [i32, ne = {   512,     1,     1,     1 }] is used by node 'Kcur_pos-8' (ROPE)
llama_graph_n_input_tensors: input tensor '                         inp_pos' [i32, ne = {   512,     1,     1,     1 }] is used by node 'Qcur_pos-9' (ROPE)
llama_graph_n_input_tensors: input tensor '                         inp_pos' [i32, ne = {   512,     1,     1,     1 }] is used by node 'Kcur_pos-9' (ROPE)
llama_graph_n_input_tensors: input tensor '                         inp_pos' [i32, ne = {   512,     1,     1,     1 }] is used by node 'Qcur_pos-10' (ROPE)
llama_graph_n_input_tensors: input tensor '                         inp_pos' [i32, ne = {   512,     1,     1,     1 }] is used by node 'Kcur_pos-10' (ROPE)
llama_graph_n_input_tensors: input tensor '                         inp_pos' [i32, ne = {   512,     1,     1,     1 }] is used by node 'Qcur_pos-11' (ROPE)
llama_graph_n_input_tensors: input tensor '                         inp_pos' [i32, ne = {   512,     1,     1,     1 }] is used by node 'Kcur_pos-11' (ROPE)
llama_graph_n_input_tensors: input tensor '                         inp_pos' [i32, ne = {   512,     1,     1,     1 }] is used by node 'Qcur_pos-12' (ROPE)
llama_graph_n_input_tensors: input tensor '                         inp_pos' [i32, ne = {   512,     1,     1,     1 }] is used by node 'Kcur_pos-12' (ROPE)
llama_graph_n_input_tensors: input tensor '                         inp_pos' [i32, ne = {   512,     1,     1,     1 }] is used by node 'Qcur_pos-13' (ROPE)
llama_graph_n_input_tensors: input tensor '                         inp_pos' [i32, ne = {   512,     1,     1,     1 }] is used by node 'Kcur_pos-13' (ROPE)
llama_graph_n_input_tensors: input tensor '                         inp_pos' [i32, ne = {   512,     1,     1,     1 }] is used by node 'Qcur_pos-14' (ROPE)
llama_graph_n_input_tensors: input tensor '                         inp_pos' [i32, ne = {   512,     1,     1,     1 }] is used by node 'Kcur_pos-14' (ROPE)
llama_graph_n_input_tensors: input tensor '                         inp_pos' [i32, ne = {   512,     1,     1,     1 }] is used by node 'Qcur_pos-15' (ROPE)
llama_graph_n_input_tensors: input tensor '                         inp_pos' [i32, ne = {   512,     1,     1,     1 }] is used by node 'Kcur_pos-15' (ROPE)
llama_graph_n_input_tensors: input tensor '                         inp_pos' [i32, ne = {   512,     1,     1,     1 }] is used by node 'Qcur_pos-16' (ROPE)
llama_graph_n_input_tensors: input tensor '                         inp_pos' [i32, ne = {   512,     1,     1,     1 }] is used by node 'Kcur_pos-16' (ROPE)
llama_graph_n_input_tensors: input tensor '                         inp_pos' [i32, ne = {   512,     1,     1,     1 }] is used by node 'Qcur_pos-17' (ROPE)
llama_graph_n_input_tensors: input tensor '                         inp_pos' [i32, ne = {   512,     1,     1,     1 }] is used by node 'Kcur_pos-17' (ROPE)
llama_graph_n_input_tensors: input tensor '                         inp_pos' [i32, ne = {   512,     1,     1,     1 }] is used by node 'Qcur_pos-18' (ROPE)
llama_graph_n_input_tensors: input tensor '                         inp_pos' [i32, ne = {   512,     1,     1,     1 }] is used by node 'Kcur_pos-18' (ROPE)
llama_graph_n_input_tensors: input tensor '                         inp_pos' [i32, ne = {   512,     1,     1,     1 }] is used by node 'Qcur_pos-19' (ROPE)
llama_graph_n_input_tensors: input tensor '                         inp_pos' [i32, ne = {   512,     1,     1,     1 }] is used by node 'Kcur_pos-19' (ROPE)
llama_graph_n_input_tensors: input tensor '                         inp_pos' [i32, ne = {   512,     1,     1,     1 }] is used by node 'Qcur_pos-20' (ROPE)
llama_graph_n_input_tensors: input tensor '                         inp_pos' [i32, ne = {   512,     1,     1,     1 }] is used by node 'Kcur_pos-20' (ROPE)
llama_graph_n_input_tensors: input tensor '                         inp_pos' [i32, ne = {   512,     1,     1,     1 }] is used by node 'Qcur_pos-21' (ROPE)
llama_graph_n_input_tensors: input tensor '                         inp_pos' [i32, ne = {   512,     1,     1,     1 }] is used by node 'Kcur_pos-21' (ROPE)
llama_graph_n_input_tensors: input tensor '                         inp_pos' [i32, ne = {   512,     1,     1,     1 }] is used by node 'Qcur_pos-22' (ROPE)
llama_graph_n_input_tensors: input tensor '                         inp_pos' [i32, ne = {   512,     1,     1,     1 }] is used by node 'Kcur_pos-22' (ROPE)
llama_graph_n_input_tensors: input tensor '                         inp_pos' [i32, ne = {   512,     1,     1,     1 }] is used by node 'Qcur_pos-23' (ROPE)
llama_graph_n_input_tensors: input tensor '                         inp_pos' [i32, ne = {   512,     1,     1,     1 }] is used by node 'Kcur_pos-23' (ROPE)
llama_graph_n_input_tensors: input tensor '                         inp_pos' [i32, ne = {   512,     1,     1,     1 }] is used by node 'Qcur_pos-24' (ROPE)
llama_graph_n_input_tensors: input tensor '                         inp_pos' [i32, ne = {   512,     1,     1,     1 }] is used by node 'Qcur_pos-25' (ROPE)
llama_graph_n_input_tensors: input tensor '                         inp_pos' [i32, ne = {   512,     1,     1,     1 }] is used by node 'Qcur_pos-26' (ROPE)
llama_graph_n_input_tensors: input tensor '                         inp_pos' [i32, ne = {   512,     1,     1,     1 }] is used by node 'Qcur_pos-27' (ROPE)
llama_graph_n_input_tensors: input tensor '                         inp_pos' [i32, ne = {   512,     1,     1,     1 }] is used by node 'Qcur_pos-28' (ROPE)
llama_graph_n_input_tensors: input tensor '                         inp_pos' [i32, ne = {   512,     1,     1,     1 }] is used by node 'Qcur_pos-29' (ROPE)
llama_graph_n_input_tensors: input tensor '                         inp_pos' [i32, ne = {   512,     1,     1,     1 }] is used by node 'Qcur_pos-30' (ROPE)
llama_graph_n_input_tensors: input tensor '                         inp_pos' [i32, ne = {   512,     1,     1,     1 }] is used by node 'Qcur_pos-31' (ROPE)
llama_graph_n_input_tensors: input tensor '                         inp_pos' [i32, ne = {   512,     1,     1,     1 }] is used by node 'Qcur_pos-32' (ROPE)
llama_graph_n_input_tensors: input tensor '                         inp_pos' [i32, ne = {   512,     1,     1,     1 }] is used by node 'Qcur_pos-33' (ROPE)
llama_graph_n_input_tensors: input tensor '                         inp_pos' [i32, ne = {   512,     1,     1,     1 }] is used by node 'Qcur_pos-34' (ROPE)
llama_graph_n_input_tensors: input tensor '                         inp_pos' [i32, ne = {   512,     1,     1,     1 }] is used by node 'Qcur_pos-35' (ROPE)
llama_graph_n_input_tensors: input tensor '                         inp_pos' [i32, ne = {   512,     1,     1,     1 }] is used by node 'Qcur_pos-36' (ROPE)
llama_graph_n_input_tensors: input tensor '                         inp_pos' [i32, ne = {   512,     1,     1,     1 }] is used by node 'Qcur_pos-37' (ROPE)
llama_graph_n_input_tensors: input tensor '                         inp_pos' [i32, ne = {   512,     1,     1,     1 }] is used by node 'Qcur_pos-38' (ROPE)
llama_graph_n_input_tensors: input tensor '                         inp_pos' [i32, ne = {   512,     1,     1,     1 }] is used by node 'Qcur_pos-39' (ROPE)
llama_graph_n_input_tensors: input tensor '                         inp_pos' [i32, ne = {   512,     1,     1,     1 }] is used by node 'Qcur_pos-40' (ROPE)
llama_graph_n_input_tensors: input tensor '                         inp_pos' [i32, ne = {   512,     1,     1,     1 }] is used by node 'Qcur_pos-41' (ROPE)
llama_graph_n_input_tensors: input tensor '                          leaf_4' [i32, ne = {   512,     1,     1,     1 }] is used by node 'node_1' (GET_ROWS)
llama_graph_n_input_tensors: input tensor '                      inp_tokens' [i32, ne = {   512,     1,     1,     1 }] is used by node 'embd' (GET_ROWS)
sched_reserve:      CUDA0 compute buffer size =   566.02 MiB
sched_reserve:  CUDA_Host compute buffer size =    49.02 MiB
sched_reserve: graph: nodes = 2057, splits = 1, input objects = 5, input tensors = 10
sched_reserve: reserve took 31.49 ms, sched copies = 1
before=8780 image_tokens=300 after=7 positions=9087 embedding_width=2560 answers=512
answer_0 id=3066 logit=28.6618137
answer_1 id=6552 logit=27.6742096
answer_2 id=26204 logit=27.384161
answer_3 id=7172 logit=25.2600727
answer_4 id=5856 logit=22.6868286
answer_5 id=4815 logit=22.6131096
answer_6 id=10032 logit=20.543644
answer_7 id=14983 logit=19.0693836
answer_8 id=5299 logit=18.6431351
answer_9 id=32698 logit=22.4821777
answer_10 id=26574 logit=21.3387165
answer_11 id=11319 logit=16.6088715
answer_12 id=4868 logit=23.8211384
answer_13 id=4383 logit=20.5302429
answer_14 id=10209 logit=19.7131615
answer_15 id=6597 logit=14.510788
answer_16 id=42958 logit=17.3790264
answer_17 id=4428 logit=17.626379
answer_18 id=32118 logit=20.5883904
answer_19 id=8121 logit=18.8948536
answer_20 id=10669 logit=16.5125656
answer_21 id=13422 logit=15.2704582
answer_22 id=14015 logit=19.9223156
answer_23 id=174666 logit=21.5463696
answer_24 id=49011 logit=14.1335468
answer_25 id=40205 logit=20.6177521
answer_26 id=2466 logit=22.8983231
answer_27 id=20804 logit=23.295723
answer_28 id=6329 logit=19.583662
answer_29 id=6270 logit=22.0264874
answer_30 id=2413 logit=15.1491146
answer_31 id=38131 logit=19.4017601
answer_32 id=8242 logit=20.0965996
answer_33 id=61026 logit=16.1998959
answer_34 id=7692 logit=17.7631416
answer_35 id=85752 logit=20.2362175
answer_36 id=39773 logit=19.6487789
answer_37 id=11234 logit=14.2359858
answer_38 id=11792 logit=19.8588123
answer_39 id=31140 logit=16.4663448
answer_40 id=4340 logit=18.2223282
answer_41 id=14346 logit=5.32401848
answer_42 id=175388 logit=17.8795795
answer_43 id=15247 logit=15.3685284
answer_44 id=8209 logit=15.0296421
answer_45 id=40352 logit=18.638113
answer_46 id=13551 logit=17.2295341
answer_47 id=65626 logit=15.6054106
answer_48 id=43121 logit=15.6724033
answer_49 id=105596 logit=14.7853832
answer_50 id=112830 logit=10.8006907
answer_51 id=135897 logit=14.7949076
answer_52 id=11558 logit=15.8903141
answer_53 id=5901 logit=22.4512615
answer_54 id=13880 logit=16.0316162
answer_55 id=12622 logit=20.7007904
answer_56 id=28135 logit=15.8450603
answer_57 id=11962 logit=17.7517052
answer_58 id=11925 logit=16.0503349
answer_59 id=24084 logit=11.7196779
answer_60 id=2011 logit=14.7414255
answer_61 id=70923 logit=16.2850189
answer_62 id=11998 logit=15.8528891
answer_63 id=19749 logit=4.91857433
answer_64 id=7273 logit=10.584713
answer_65 id=10284 logit=11.6394138
answer_66 id=3253 logit=16.2373199
answer_67 id=4110 logit=13.5857449
answer_68 id=67442 logit=11.0810614
answer_69 id=1357 logit=15.8085642
answer_70 id=1989 logit=15.0738182
answer_71 id=11666 logit=15.288373
answer_72 id=9135 logit=6.42314005
answer_73 id=15191 logit=16.1283665
answer_74 id=34485 logit=14.1994543
answer_75 id=92732 logit=18.7808399
answer_76 id=145821 logit=3.29330444
answer_77 id=121577 logit=14.4561996
answer_78 id=2807 logit=18.0264072
answer_79 id=11217 logit=17.9639168
answer_80 id=17956 logit=14.8164148
answer_81 id=21738 logit=16.7729912
answer_82 id=63426 logit=12.6144705
answer_83 id=17179 logit=13.59126
answer_84 id=8809 logit=12.3144646
answer_85 id=14563 logit=10.0555592
answer_86 id=1735 logit=6.61088228
answer_87 id=49651 logit=13.9149075
answer_88 id=61655 logit=6.63849926
answer_89 id=1618 logit=13.1895809
answer_90 id=18111 logit=8.58754635
answer_91 id=2885 logit=13.0466862
answer_92 id=19069 logit=10.765048
answer_93 id=30844 logit=3.04878712
answer_94 id=109450 logit=11.040451
answer_95 id=33833 logit=11.0944347
answer_96 id=31675 logit=11.3860998
answer_97 id=5270 logit=11.7684746
answer_98 id=4708 logit=2.7692976
answer_99 id=15513 logit=8.43264771
answer_100 id=31284 logit=13.2507381
answer_101 id=118377 logit=11.4177961
answer_102 id=66943 logit=4.92614031
answer_103 id=7942 logit=13.2294302
answer_104 id=20211 logit=16.5931911
answer_105 id=28671 logit=15.0547419
answer_106 id=2293 logit=16.7135315
answer_107 id=4070 logit=18.3859291
answer_108 id=102109 logit=14.9597654
answer_109 id=5495 logit=11.5920048
answer_110 id=15015 logit=10.5585861
answer_111 id=2808 logit=11.7747068
answer_112 id=6354 logit=9.54795837
answer_113 id=40264 logit=12.1661777
answer_114 id=67904 logit=12.9336977
answer_115 id=43102 logit=6.73738909
answer_116 id=31301 logit=8.4805479
answer_117 id=6136 logit=8.24370861
answer_118 id=3692 logit=8.89963055
answer_119 id=19018 logit=10.5071678
answer_120 id=129909 logit=11.3084745
answer_121 id=37278 logit=9.42044067
answer_122 id=7510 logit=15.3763313
answer_123 id=65669 logit=8.37860966
answer_124 id=14436 logit=7.76763725
answer_125 id=11818 logit=11.8550406
answer_126 id=11284 logit=17.4460011
answer_127 id=144052 logit=4.46886063
answer_128 id=146606 logit=1.39362931
answer_129 id=113442 logit=11.1717768
answer_130 id=57902 logit=16.5749817
answer_131 id=54684 logit=18.7198486
answer_132 id=81265 logit=15.8479252
answer_133 id=7332 logit=11.7954512
answer_134 id=46570 logit=12.8795433
answer_135 id=40807 logit=8.63692665
answer_136 id=30389 logit=9.41430187
answer_137 id=37030 logit=3.93612576
answer_138 id=2996 logit=7.26594782
answer_139 id=131192 logit=8.95189571
answer_140 id=41410 logit=9.42730045
answer_141 id=38158 logit=7.60378265
answer_142 id=64240 logit=5.96674538
answer_143 id=38531 logit=8.67826271
answer_144 id=6973 logit=6.72576046
answer_145 id=9402 logit=10.6024475
answer_146 id=141650 logit=7.29244661
answer_147 id=53708 logit=12.1732426
answer_148 id=5491 logit=12.3123226
answer_149 id=4989 logit=16.2565861
answer_150 id=5920 logit=6.95651913
answer_151 id=75741 logit=8.84207153
answer_152 id=60573 logit=6.77166319
answer_153 id=217844 logit=3.80049133
answer_154 id=227933 logit=9.58607197
answer_155 id=83202 logit=15.4256001
answer_156 id=9978 logit=16.0816479
answer_157 id=48367 logit=16.340147
answer_158 id=20045 logit=11.3638229
answer_159 id=54634 logit=14.6124125
answer_160 id=3387 logit=13.4635134
answer_161 id=8537 logit=10.8785706
answer_162 id=32701 logit=10.2464714
answer_163 id=40325 logit=5.21581459
answer_164 id=4490 logit=6.98093224
answer_165 id=124501 logit=9.49467945
answer_166 id=172679 logit=11.1312437
answer_167 id=22547 logit=4.85944891
answer_168 id=12154 logit=7.41779947
answer_169 id=14702 logit=11.6823006
answer_170 id=181472 logit=8.63181019
answer_171 id=3516 logit=8.18894005
answer_172 id=187241 logit=5.68782234
answer_173 id=5610 logit=5.07474375
answer_174 id=21775 logit=10.571332
answer_175 id=17578 logit=10.7144451
answer_176 id=176863 logit=3.74837375
answer_177 id=97658 logit=11.0424309
answer_178 id=98352 logit=7.801054
answer_179 id=69396 logit=9.53233624
answer_180 id=142625 logit=4.84284258
answer_181 id=73173 logit=5.00052643
answer_182 id=1565 logit=17.0138893
answer_183 id=11526 logit=15.7928467
answer_184 id=5094 logit=13.4342413
answer_185 id=9982 logit=13.5693893
answer_186 id=3158 logit=12.3537788
answer_187 id=191318 logit=12.6144466
answer_188 id=17508 logit=11.5068111
answer_189 id=26722 logit=13.4983788
answer_190 id=107007 logit=5.17792845
answer_191 id=70243 logit=7.49125576
answer_192 id=40797 logit=5.82885742
answer_193 id=199718 logit=8.6378603
answer_194 id=78645 logit=10.3931122
answer_195 id=16014 logit=10.4250517
answer_196 id=7676 logit=8.90619564
answer_197 id=99553 logit=8.66327572
answer_198 id=121482 logit=6.56845617
answer_199 id=136559 logit=6.73229456
answer_200 id=12747 logit=13.7748871
answer_201 id=179222 logit=6.652143
answer_202 id=17827 logit=3.91649771
answer_203 id=14031 logit=5.36368847
answer_204 id=21326 logit=15.9684172
answer_205 id=230041 logit=-1.25003529
answer_206 id=64261 logit=-2.99282598
answer_207 id=114705 logit=7.05130148
answer_208 id=1936 logit=19.9487095
answer_209 id=127017 logit=14.2842751
answer_210 id=10087 logit=16.171814
answer_211 id=43793 logit=16.0180054
answer_212 id=1439 logit=10.5146589
answer_213 id=49512 logit=6.86205292
answer_214 id=118670 logit=13.3833485
answer_215 id=139168 logit=5.98160887
answer_216 id=19994 logit=1.73027623
answer_217 id=80166 logit=12.9275026
answer_218 id=37130 logit=1.13921976
answer_219 id=2182 logit=11.5277586
answer_220 id=56423 logit=8.07946014
answer_221 id=54222 logit=5.74554539
answer_222 id=3769 logit=11.6051092
answer_223 id=32436 logit=6.87350655
answer_224 id=114699 logit=2.93752146
answer_225 id=66677 logit=0.998707354
answer_226 id=13215 logit=6.48213387
answer_227 id=19193 logit=11.3191996
answer_228 id=4057 logit=8.81551552
answer_229 id=224468 logit=8.456707
answer_230 id=29894 logit=12.366456
answer_231 id=49128 logit=6.33114243
answer_232 id=152427 logit=6.65197325
answer_233 id=89387 logit=8.96405888
answer_234 id=1536 logit=20.3569221
answer_235 id=8017 logit=17.2303638
answer_236 id=9353 logit=16.3576031
answer_237 id=12536 logit=14.6874771
answer_238 id=6864 logit=8.28758907
answer_239 id=7750 logit=10.520607
answer_240 id=9179 logit=11.1522465
answer_241 id=31581 logit=5.74310684
answer_242 id=3334 logit=10.6994486
answer_243 id=29351 logit=11.6141167
answer_244 id=47488 logit=0.804777265
answer_245 id=13062 logit=8.87864208
answer_246 id=3620 logit=12.4650297
answer_247 id=66359 logit=11.0224133
answer_248 id=4206 logit=10.3842001
answer_249 id=5672 logit=2.73439932
answer_250 id=7555 logit=6.79230881
answer_251 id=8407 logit=7.52005386
answer_252 id=19763 logit=12.3118725
answer_253 id=20008 logit=9.44913673
answer_254 id=4200 logit=7.09362793
answer_255 id=42017 logit=1.2710799
answer_256 id=15378 logit=10.393465
answer_257 id=90295 logit=4.98580456
answer_258 id=45339 logit=5.59066296
answer_259 id=62650 logit=9.32836914
answer_260 id=2663 logit=11.4977045
answer_261 id=16070 logit=17.3782539
answer_262 id=2457 logit=20.4936733
answer_263 id=48774 logit=17.3438892
answer_264 id=13237 logit=16.2829304
answer_265 id=32479 logit=12.1774855
answer_266 id=24464 logit=9.83373165
answer_267 id=17287 logit=2.75016809
answer_268 id=2783 logit=8.75918198
answer_269 id=67480 logit=12.4039545
answer_270 id=43891 logit=12.6104803
answer_271 id=21664 logit=0.743826568
answer_272 id=8395 logit=10.7904129
answer_273 id=13200 logit=12.9061317
answer_274 id=1140 logit=10.1098623
answer_275 id=10192 logit=7.17913723
answer_276 id=101748 logit=7.77485466
answer_277 id=36154 logit=11.4591236
answer_278 id=6120 logit=11.0564022
answer_279 id=6257 logit=3.22034359
answer_280 id=3743 logit=8.63780785
answer_281 id=19137 logit=11.1670456
answer_282 id=24436 logit=7.98973942
answer_283 id=110284 logit=6.65158606
answer_284 id=67032 logit=7.00569391
answer_285 id=201587 logit=2.36579466
answer_286 id=80055 logit=13.3778362
answer_287 id=10589 logit=18.5039272
answer_288 id=7618 logit=12.4266376
answer_289 id=10009 logit=11.6569061
answer_290 id=38254 logit=11.2587137
answer_291 id=12041 logit=10.7456865
answer_292 id=36875 logit=13.3883305
answer_293 id=10858 logit=4.96305943
answer_294 id=1204 logit=14.7011642
answer_295 id=27651 logit=10.9831724
answer_296 id=31823 logit=10.6450901
answer_297 id=168863 logit=-0.119922444
answer_298 id=21241 logit=13.9874582
answer_299 id=7018 logit=19.7567348
answer_300 id=5228 logit=6.20964813
answer_301 id=16739 logit=9.37163067
answer_302 id=90229 logit=6.36581039
answer_303 id=2073 logit=10.0329771
answer_304 id=39892 logit=10.4785748
answer_305 id=7216 logit=4.81399679
answer_306 id=6507 logit=7.59244251
answer_307 id=97999 logit=12.4847803
answer_308 id=49489 logit=7.78838205
answer_309 id=66013 logit=2.89039445
answer_310 id=185620 logit=4.92190123
answer_311 id=107527 logit=4.48774958
answer_312 id=1425 logit=20.310133
answer_313 id=8791 logit=20.1833286
answer_314 id=85549 logit=12.6068497
answer_315 id=10904 logit=12.3696404
answer_316 id=1089 logit=12.8620234
answer_317 id=123622 logit=4.78851652
answer_318 id=10677 logit=17.3674259
answer_319 id=18835 logit=5.9482646
answer_320 id=6462 logit=6.27551031
answer_321 id=25086 logit=11.5801029
answer_322 id=149739 logit=2.51863146
answer_323 id=27349 logit=3.68859124
answer_324 id=5153 logit=7.22679281
answer_325 id=6510 logit=13.0765362
answer_326 id=1579 logit=11.4901762
answer_327 id=4885 logit=13.4304333
answer_328 id=59920 logit=7.30620909
answer_329 id=11288 logit=4.33529472
answer_330 id=4870 logit=9.92049026
answer_331 id=6553 logit=7.5435009
answer_332 id=2402 logit=6.28617191
answer_333 id=23124 logit=10.357255
answer_334 id=224042 logit=3.62005258
answer_335 id=60216 logit=9.40476894
answer_336 id=16649 logit=5.58817005
answer_337 id=142946 logit=8.04411221
answer_338 id=1375 logit=12.7261915
answer_339 id=159610 logit=12.1588011
answer_340 id=1692 logit=14.0011101
answer_341 id=137414 logit=7.0514369
answer_342 id=1740 logit=15.2992992
answer_343 id=11869 logit=12.1804619
answer_344 id=23172 logit=11.5232487
answer_345 id=98264 logit=6.63341093
answer_346 id=4012 logit=3.85300589
answer_347 id=185763 logit=4.75065041
answer_348 id=14488 logit=3.47978592
answer_349 id=15843 logit=5.43303251
answer_350 id=64452 logit=3.44061184
answer_351 id=14341 logit=10.4378424
answer_352 id=3354 logit=8.33651066
answer_353 id=83793 logit=2.45603228
answer_354 id=58093 logit=7.42002916
answer_355 id=139732 logit=3.65413618
answer_356 id=1393 logit=13.7589741
answer_357 id=5911 logit=15.2148609
answer_358 id=3118 logit=9.16043091
answer_359 id=20134 logit=5.31457615
answer_360 id=16877 logit=14.4959555
answer_361 id=102489 logit=12.1528444
answer_362 id=103637 logit=4.91381407
answer_363 id=115240 logit=10.0505943
answer_364 id=22258 logit=15.0708618
answer_365 id=5580 logit=13.4704924
answer_366 id=33186 logit=14.3056688
answer_367 id=7560 logit=14.1888332
answer_368 id=2406 logit=11.8809948
answer_369 id=7627 logit=3.11982441
answer_370 id=202788 logit=6.1074748
answer_371 id=17372 logit=6.06851625
answer_372 id=79463 logit=-1.18251657
answer_373 id=85371 logit=9.45019531
answer_374 id=38536 logit=5.49589825
answer_375 id=35592 logit=2.87782836
answer_376 id=9512 logit=5.96172428
answer_377 id=39951 logit=5.25983381
answer_378 id=2586 logit=6.09718323
answer_379 id=7719 logit=10.2420616
answer_380 id=38943 logit=7.95699835
answer_381 id=12971 logit=10.764986
answer_382 id=13204 logit=3.67595148
answer_383 id=14182 logit=11.9616146
answer_384 id=2170 logit=7.68962336
answer_385 id=146578 logit=-3.10453439
answer_386 id=10124 logit=9.64336681
answer_387 id=43635 logit=4.82878351
answer_388 id=195427 logit=8.43367577
answer_389 id=166123 logit=2.96079183
answer_390 id=7008 logit=19.6106186
answer_391 id=8462 logit=15.0671377
answer_392 id=20741 logit=17.080101
answer_393 id=8925 logit=12.4380283
answer_394 id=30722 logit=11.4154224
answer_395 id=44519 logit=9.02375412
answer_396 id=11124 logit=10.3799925
answer_397 id=11767 logit=10.216754
answer_398 id=3359 logit=7.87349224
answer_399 id=21083 logit=13.2641354
answer_400 id=82883 logit=6.87479401
answer_401 id=29547 logit=3.02417946
answer_402 id=5352 logit=7.26434517
answer_403 id=47149 logit=12.5310783
answer_404 id=7328 logit=6.48592567
answer_405 id=7847 logit=7.05951071
answer_406 id=49421 logit=9.22633743
answer_407 id=69198 logit=5.21789598
answer_408 id=51774 logit=11.854558
answer_409 id=47747 logit=9.40655041
answer_410 id=58565 logit=1.63715625
answer_411 id=25291 logit=6.24107122
answer_412 id=27985 logit=10.1477661
answer_413 id=91257 logit=6.43111181
answer_414 id=115575 logit=2.80943704
answer_415 id=149729 logit=7.48061562
answer_416 id=35066 logit=20.1632843
answer_417 id=75007 logit=13.4450712
answer_418 id=63746 logit=10.5126505
answer_419 id=11965 logit=12.1275663
answer_420 id=22486 logit=12.4618082
answer_421 id=61688 logit=4.34967804
answer_422 id=26943 logit=12.3110752
answer_423 id=4080 logit=3.94906592
answer_424 id=1768 logit=11.6847124
answer_425 id=74158 logit=10.5064402
answer_426 id=57137 logit=7.41351414
answer_427 id=53844 logit=6.7786684
answer_428 id=52048 logit=9.21790028
answer_429 id=80382 logit=12.5474186
answer_430 id=5130 logit=8.73228168
answer_431 id=11152 logit=2.40720582
answer_432 id=44359 logit=4.82690239
answer_433 id=62004 logit=1.79248166
answer_434 id=23729 logit=12.1217127
answer_435 id=52468 logit=9.17331505
answer_436 id=27898 logit=11.3378544
answer_437 id=8394 logit=6.7141571
answer_438 id=46489 logit=15.0336761
answer_439 id=11002 logit=15.4752445
answer_440 id=152119 logit=8.20332527
answer_441 id=97688 logit=8.34776783
answer_442 id=26428 logit=16.6018772
answer_443 id=121922 logit=16.4304771
answer_444 id=82279 logit=16.4264584
answer_445 id=42771 logit=10.5049314
answer_4~llama_context:      CUDA0 compute buffer size is 566.0156 MiB, matches expectation of 566.0156 MiB
~llama_context:  CUDA_Host compute buffer size is  49.0156 MiB, matches expectation of  49.0156 MiB
46 id=2201 logit=13.6465425
answer_447 id=27330 logit=6.16388941
answer_448 id=60572 logit=8.19576931
answer_449 id=47281 logit=6.83658218
answer_450 id=3767 logit=12.327384
answer_451 id=93537 logit=2.92597318
answer_452 id=85703 logit=11.2124119
answer_453 id=122609 logit=4.64266491
answer_454 id=19397 logit=5.20910072
answer_455 id=107310 logit=6.8056612
answer_456 id=85558 logit=11.5100031
answer_457 id=32185 logit=7.79482555
answer_458 id=10524 logit=12.4103107
answer_459 id=73849 logit=9.06671906
answer_460 id=26932 logit=8.1240387
answer_461 id=20520 logit=13.8015547
answer_462 id=31333 logit=9.28969479
answer_463 id=49150 logit=4.86391354
answer_464 id=155366 logit=10.4255285
answer_465 id=20820 logit=15.4421797
answer_466 id=33990 logit=5.77414179
answer_467 id=69683 logit=10.5718441
answer_468 id=5790 logit=17.0496368
answer_469 id=19470 logit=17.8384285
answer_470 id=40736 logit=17.7921772
answer_471 id=39399 logit=11.5046883
answer_472 id=6594 logit=6.0490675
answer_473 id=36991 logit=9.33627796
answer_474 id=59141 logit=10.345952
answer_475 id=32207 logit=8.06364632
answer_476 id=13399 logit=8.72354412
answer_477 id=112054 logit=12.0943441
answer_478 id=38354 logit=10.7359943
answer_479 id=15062 logit=5.95624876
answer_480 id=20074 logit=11.0191698
answer_481 id=23551 logit=13.3614111
answer_482 id=51784 logit=3.36883211
answer_483 id=61203 logit=0.939929307
answer_484 id=170536 logit=4.58111048
answer_485 id=76633 logit=3.52543139
answer_486 id=127810 logit=13.9648895
answer_487 id=76845 logit=9.13244534
answer_488 id=65724 logit=6.12837505
answer_489 id=96565 logit=11.6366777
answer_490 id=84484 logit=7.60651493
answer_491 id=37446 logit=10.6507273
answer_492 id=65827 logit=7.74398184
answer_493 id=48976 logit=11.6316986
answer_494 id=25862 logit=21.854908
answer_495 id=153766 logit=16.1707287
answer_496 id=129399 logit=17.2061405
answer_497 id=164367 logit=16.4860077
answer_498 id=79526 logit=10.0454388
answer_499 id=175992 logit=3.17523122
answer_500 id=34144 logit=11.4595995
answer_501 id=158347 logit=4.97344494
answer_502 id=14527 logit=1.71498477
answer_503 id=117930 logit=5.92894793
answer_504 id=180193 logit=6.13154793
answer_505 id=88876 logit=7.96347427
answer_506 id=29214 logit=9.0502634
answer_507 id=82926 logit=9.92554283
answer_508 id=177892 logit=10.9440012
answer_509 id=22965 logit=13.7774496
answer_510 id=121517 logit=6.8128314
answer_511 id=22897 logit=6.39196873
