ggml_cuda_init: found 1 CUDA devices (Total VRAM: 7800 MiB):
  Device 0: NVIDIA GeForce RTX 2060 SUPER, compute capability 7.5, VMM: yes, VRAM: 7800 MiB
llama_model_loader: loaded meta data with 56 key-value pairs and 720 tensors from /opt/sinobuz/copula/openjev-ggml/models/e4b/gemma-4-E4B-it-Q4_K_M.gguf (version GGUF V3 (latest))
llama_model_loader: Dumping metadata keys/values. Note: KV overrides do not apply in this output.
llama_model_loader: - kv   0:                       general.architecture str              = gemma4
llama_model_loader: - kv   1:                               general.type str              = model
llama_model_loader: - kv   2:                     general.sampling.top_k i32              = 64
llama_model_loader: - kv   3:                     general.sampling.top_p f32              = 0.950000
llama_model_loader: - kv   4:                      general.sampling.temp f32              = 1.000000
llama_model_loader: - kv   5:                               general.name str              = Gemma-4-E4B-It
llama_model_loader: - kv   6:                           general.basename str              = Gemma-4-E4B-It
llama_model_loader: - kv   7:                       general.quantized_by str              = Unsloth
llama_model_loader: - kv   8:                         general.size_label str              = 7.5B
llama_model_loader: - kv   9:                            general.license str              = apache-2.0
llama_model_loader: - kv  10:                       general.license.link str              = https://ai.google.dev/gemma/docs/gemm...
llama_model_loader: - kv  11:                           general.repo_url str              = https://huggingface.co/unsloth
llama_model_loader: - kv  12:                   general.base_model.count u32              = 1
llama_model_loader: - kv  13:                  general.base_model.0.name str              = Gemma 4 E4B It
llama_model_loader: - kv  14:          general.base_model.0.organization str              = Google
llama_model_loader: - kv  15:              general.base_model.0.repo_url str              = https://huggingface.co/google/gemma-4...
llama_model_loader: - kv  16:                               general.tags arr[str,2]       = ["unsloth", "any-to-any"]
llama_model_loader: - kv  17:                         gemma4.block_count u32              = 42
llama_model_loader: - kv  18:                      gemma4.context_length u32              = 131072
llama_model_loader: - kv  19:                    gemma4.embedding_length u32              = 2560
llama_model_loader: - kv  20:                 gemma4.feed_forward_length u32              = 10240
llama_model_loader: - kv  21:                gemma4.attention.head_count u32              = 8
llama_model_loader: - kv  22:             gemma4.attention.head_count_kv u32              = 2
llama_model_loader: - kv  23:                      gemma4.rope.freq_base f32              = 1000000.000000
llama_model_loader: - kv  24:                  gemma4.rope.freq_base_swa f32              = 10000.000000
llama_model_loader: - kv  25:    gemma4.attention.layer_norm_rms_epsilon f32              = 0.000001
llama_model_loader: - kv  26:                gemma4.attention.key_length u32              = 512
llama_model_loader: - kv  27:              gemma4.attention.value_length u32              = 512
llama_model_loader: - kv  28:             gemma4.final_logit_softcapping f32              = 30.000000
llama_model_loader: - kv  29:            gemma4.attention.sliding_window u32              = 512
llama_model_loader: - kv  30:          gemma4.attention.shared_kv_layers u32              = 18
llama_model_loader: - kv  31:    gemma4.embedding_length_per_layer_input u32              = 256
llama_model_loader: - kv  32:    gemma4.attention.sliding_window_pattern arr[bool,42]     = [true, true, true, true, true, false,...
llama_model_loader: - kv  33:            gemma4.attention.key_length_swa u32              = 256
llama_model_loader: - kv  34:          gemma4.attention.value_length_swa u32              = 256
llama_model_loader: - kv  35:                gemma4.rope.dimension_count u32              = 512
llama_model_loader: - kv  36:            gemma4.rope.dimension_count_swa u32              = 256
llama_model_loader: - kv  37:                       tokenizer.ggml.model str              = gemma4
llama_model_loader: - kv  38:                      tokenizer.ggml.tokens arr[str,262144]  = ["<pad>", "<eos>", "<bos>", "<unk>", ...
llama_model_loader: - kv  39:                      tokenizer.ggml.scores arr[f32,262144]  = [-1000.000000, -1000.000000, -1000.00...
llama_model_loader: - kv  40:                  tokenizer.ggml.token_type arr[i32,262144]  = [3, 1, 3, 3, 3, 1, 1, 1, 1, 1, 1, 1, ...
llama_model_loader: - kv  41:                      tokenizer.ggml.merges arr[str,514906]  = ["\n\n\n\n\n\n\n\n\n\n\n\n\n\n\n\n\n\n\n\n\n\n\n\n\n\n\n\n\n\n \n", ...
llama_model_loader: - kv  42:                tokenizer.ggml.bos_token_id u32              = 2
llama_model_loader: - kv  43:                tokenizer.ggml.eos_token_id u32              = 106
llama_model_loader: - kv  44:            tokenizer.ggml.unknown_token_id u32              = 3
llama_model_loader: - kv  45:            tokenizer.ggml.padding_token_id u32              = 0
llama_model_loader: - kv  46:               tokenizer.ggml.mask_token_id u32              = 4
llama_model_loader: - kv  47:            tokenizer.ggml.add_space_prefix bool             = false
llama_model_loader: - kv  48:               tokenizer.ggml.add_bos_token bool             = true
llama_model_loader: - kv  49:               general.quantization_version u32              = 2
llama_model_loader: - kv  50:                          general.file_type u32              = 15
llama_model_loader: - kv  51:                      quantize.imatrix.file str              = gemma-4-E4B-it-GGUF/imatrix_unsloth.gguf
llama_model_loader: - kv  52:                   quantize.imatrix.dataset str              = unsloth_calibration_gemma-4-E4B-it.txt
llama_model_loader: - kv  53:             quantize.imatrix.entries_count u32              = 342
llama_model_loader: - kv  54:              quantize.imatrix.chunks_count u32              = 141
llama_model_loader: - kv  55:                    tokenizer.chat_template str              = {%- macro format_parameters(propertie...
llama_model_loader: - type  f32:  423 tensors
llama_model_loader: - type q4_K:  253 tensors
llama_model_loader: - type q5_K:    1 tensors
llama_model_loader: - type q6_K:   42 tensors
llama_model_loader: - type bf16:    1 tensors
print_info: file format = GGUF V3 (latest)
print_info: file type   = Q4_K - Medium
print_info: file size   = 4.62 GiB (5.28 BPW) 
llama_prepare_model_devices: using device CUDA0 (NVIDIA GeForce RTX 2060 SUPER) (0000:af:00.0) - 7707 MiB free
init_tokenizer: initializing tokenizer for type 2
load: 0 unused tokens
load: control token: 258884 '<|video|>' is not marked as EOG
load: control token: 255999 '<|image>' is not marked as EOG
load: control token: 258882 '<image|>' is not marked as EOG
load: control token: 258883 '<audio|>' is not marked as EOG
load: control token:     98 '<|think|>' is not marked as EOG
load: control token:    105 '<|turn>' is not marked as EOG
load: control token: 258880 '<|image|>' is not marked as EOG
load: control token:      2 '<bos>' is not marked as EOG
load: control-looking token:    212 '</s>' was not control-type; this is probably a bug in the model. its type will be overridden
load: control token:      0 '<pad>' is not marked as EOG
load: control-looking token:     50 '<|tool_response>' was not control-type; this is probably a bug in the model. its type will be overridden
load: control token:     46 '<|tool>' is not marked as EOG
load: control token:     47 '<tool|>' is not marked as EOG
load: control token: 256000 '<|audio>' is not marked as EOG
load: control token:      3 '<unk>' is not marked as EOG
load: control token: 258881 '<|audio|>' is not marked as EOG
load: control-looking token:      1 '<eos>' was not control-type; this is probably a bug in the model. its type will be overridden
load: control token:      4 '<mask>' is not marked as EOG
load: printing all EOG tokens:
load:   - 1 ('<eos>')
load:   - 50 ('<|tool_response>')
load:   - 106 ('<turn|>')
load:   - 212 ('</s>')
load: '</s>' is a normal token here, removing it from EOG list
load: special tokens cache size = 24
load: token to piece cache size = 1.9445 MB
print_info: arch                  = gemma4
print_info: vocab_only            = 0
print_info: no_alloc              = 0
print_info: n_ctx_train           = 131072
print_info: n_embd_inp            = 2560
print_info: n_embd                = 2560
print_info: n_embd_out            = 2560
print_info: n_layer               = 42
print_info: n_layer_all           = 42
print_info: n_head                = 8
print_info: n_head_kv             = 2
print_info: n_rot                 = 512
print_info: n_swa                 = 512
print_info: is_swa_any            = 1
print_info: non_causal_type       = 1
print_info: n_embd_head_k         = 512
print_info: n_embd_head_v         = 512
print_info: n_gqa                 = 4
print_info: n_embd_k_gqa          = [512, 512, 512, 512, 512, 1024, 512, 512, 512, 512, 512, 1024, 512, 512, 512, 512, 512, 1024, 512, 512, 512, 512, 512, 1024, 512, 512, 512, 512, 512, 1024, 512, 512, 512, 512, 512, 1024, 512, 512, 512, 512, 512, 1024]
print_info: n_embd_v_gqa          = [512, 512, 512, 512, 512, 1024, 512, 512, 512, 512, 512, 1024, 512, 512, 512, 512, 512, 1024, 512, 512, 512, 512, 512, 1024, 512, 512, 512, 512, 512, 1024, 512, 512, 512, 512, 512, 1024, 512, 512, 512, 512, 512, 1024]
print_info: f_norm_eps            = 0.0e+00
print_info: f_norm_rms_eps        = 1.0e-06
print_info: f_clamp_kqv           = 0.0e+00
print_info: f_max_alibi_bias      = 0.0e+00
print_info: f_logit_scale         = 0.0e+00
print_info: f_attn_scale          = 1.0e+00
print_info: f_attn_value_scale    = 0.0000
print_info: n_ff                  = 10240
print_info: n_expert              = 0
print_info: n_expert_used         = 0
print_info: n_expert_groups       = 0
print_info: n_group_used          = 0
print_info: causal attn           = 1
print_info: pooling type          = -1
print_info: rope type             = 2
print_info: rope scaling          = linear
print_info: freq_base_train       = 1000000.0
print_info: freq_scale_train      = 1
print_info: freq_base_swa         = 10000.0
print_info: freq_scale_swa        = 1
print_info: n_embd_head_k_swa     = 256
print_info: n_embd_head_v_swa     = 256
print_info: n_rot_swa             = 256
print_info: n_ctx_orig_yarn       = 131072
print_info: rope_yarn_log_mul     = 0.0000
print_info: rope_finetuned        = unknown
print_info: model type            = E4B
print_info: model params          = 7.52 B
print_info: general.name          = Gemma-4-E4B-It
print_info: vocab type            = BPE
print_info: n_vocab               = 262144
print_info: n_merges              = 514906
print_info: BOS token             = 2 '<bos>'
print_info: EOS token             = 106 '<turn|>'
print_info: UNK token             = 3 '<unk>'
print_info: PAD token             = 0 '<pad>'
print_info: MASK token            = 4 '<mask>'
print_info: LF token              = 107 '
'
print_info: EOG token             = 1 '<eos>'
print_info: EOG token             = 50 '<|tool_response>'
print_info: EOG token             = 106 '<turn|>'
print_info: max token length      = 93
load_tensors: loading model tensors, this can take a while... (load_mode = mmap)
load_tensors: layer   0 assigned to device CUDA0, is_swa = 1
load_tensors: layer   1 assigned to device CUDA0, is_swa = 1
load_tensors: layer   2 assigned to device CUDA0, is_swa = 1
load_tensors: layer   3 assigned to device CUDA0, is_swa = 1
load_tensors: layer   4 assigned to device CUDA0, is_swa = 1
load_tensors: layer   5 assigned to device CUDA0, is_swa = 0
load_tensors: layer   6 assigned to device CUDA0, is_swa = 1
load_tensors: layer   7 assigned to device CUDA0, is_swa = 1
load_tensors: layer   8 assigned to device CUDA0, is_swa = 1
load_tensors: layer   9 assigned to device CUDA0, is_swa = 1
load_tensors: layer  10 assigned to device CUDA0, is_swa = 1
load_tensors: layer  11 assigned to device CUDA0, is_swa = 0
load_tensors: layer  12 assigned to device CUDA0, is_swa = 1
load_tensors: layer  13 assigned to device CUDA0, is_swa = 1
load_tensors: layer  14 assigned to device CUDA0, is_swa = 1
load_tensors: layer  15 assigned to device CUDA0, is_swa = 1
load_tensors: layer  16 assigned to device CUDA0, is_swa = 1
load_tensors: layer  17 assigned to device CUDA0, is_swa = 0
load_tensors: layer  18 assigned to device CUDA0, is_swa = 1
load_tensors: layer  19 assigned to device CUDA0, is_swa = 1
load_tensors: layer  20 assigned to device CUDA0, is_swa = 1
load_tensors: layer  21 assigned to device CUDA0, is_swa = 1
load_tensors: layer  22 assigned to device CUDA0, is_swa = 1
load_tensors: layer  23 assigned to device CUDA0, is_swa = 0
load_tensors: layer  24 assigned to device CUDA0, is_swa = 1
load_tensors: layer  25 assigned to device CUDA0, is_swa = 1
load_tensors: layer  26 assigned to device CUDA0, is_swa = 1
load_tensors: layer  27 assigned to device CUDA0, is_swa = 1
load_tensors: layer  28 assigned to device CUDA0, is_swa = 1
load_tensors: layer  29 assigned to device CUDA0, is_swa = 0
load_tensors: layer  30 assigned to device CUDA0, is_swa = 1
load_tensors: layer  31 assigned to device CUDA0, is_swa = 1
load_tensors: layer  32 assigned to device CUDA0, is_swa = 1
load_tensors: layer  33 assigned to device CUDA0, is_swa = 1
load_tensors: layer  34 assigned to device CUDA0, is_swa = 1
load_tensors: layer  35 assigned to device CUDA0, is_swa = 0
load_tensors: layer  36 assigned to device CUDA0, is_swa = 1
load_tensors: layer  37 assigned to device CUDA0, is_swa = 1
load_tensors: layer  38 assigned to device CUDA0, is_swa = 1
load_tensors: layer  39 assigned to device CUDA0, is_swa = 1
load_tensors: layer  40 assigned to device CUDA0, is_swa = 1
load_tensors: layer  41 assigned to device CUDA0, is_swa = 0
load_tensors: layer  42 assigned to device CUDA0, is_swa = 0
create_tensor: loading tensor output.weight
create_tensor: loading tensor token_embd.weight
tensor token_embd.weight (360 MiB q4_K) buffer type overridden to CUDA0
create_tensor: loading tensor token_embd.weight
tensor token_embd.weight (360 MiB q4_K) buffer type overridden to CUDA0
create_tensor: loading tensor per_layer_token_embd.weight
tensor per_layer_token_embd.weight (1848 MiB q5_K) buffer type overridden to CUDA0
create_tensor: loading tensor per_layer_model_proj.weight
tensor per_layer_model_proj.weight (52 MiB bf16) buffer type overridden to CUDA0
create_tensor: loading tensor per_layer_proj_norm.weight
tensor per_layer_proj_norm.weight (0 MiB f32) buffer type overridden to CUDA0
create_tensor: loading tensor output_norm.weight
tensor output_norm.weight (0 MiB f32) buffer type overridden to CUDA0
create_tensor: loading tensor blk.0.attn_norm.weight
tensor blk.0.attn_norm.weight (0 MiB f32) buffer type overridden to CUDA0
create_tensor: loading tensor blk.0.attn_qkv.weight
create_tensor: loading tensor blk.0.attn_q.weight
tensor blk.0.attn_q.weight (2 MiB q4_K) buffer type overridden to CUDA0
create_tensor: loading tensor blk.0.attn_k.weight
tensor blk.0.attn_k.weight (0 MiB q4_K) buffer type overridden to CUDA0
create_tensor: loading tensor blk.0.attn_v.weight
tensor blk.0.attn_v.weight (1 MiB q6_K) buffer type overridden to CUDA0
create_tensor: loading tensor blk.0.attn_output.weight
tensor blk.0.attn_output.weight (2 MiB q4_K) buffer type overridden to CUDA0
create_tensor: loading tensor blk.0.attn_q_norm.weight
tensor blk.0.attn_q_norm.weight (0 MiB f32) buffer type overridden to CUDA0
create_tensor: loading tensor blk.0.attn_k_norm.weight
tensor blk.0.attn_k_norm.weight (0 MiB f32) buffer type overridden to CUDA0
create_tensor: loading tensor blk.0.post_attention_norm.weight
tensor blk.0.post_attention_norm.weight (0 MiB f32) buffer type overridden to CUDA0
create_tensor: loading tensor blk.0.layer_output_scale.weight
tensor blk.0.layer_output_scale.weight (0 MiB f32) buffer type overridden to CUDA0
create_tensor: loading tensor blk.0.ffn_norm.weight
tensor blk.0.ffn_norm.weight (0 MiB f32) buffer type overridden to CUDA0
create_tensor: loading tensor blk.0.ffn_gate.weight
tensor blk.0.ffn_gate.weight (14 MiB q4_K) buffer type overridden to CUDA0
create_tensor: loading tensor blk.0.ffn_up.weight
tensor blk.0.ffn_up.weight (14 MiB q4_K) buffer type overridden to CUDA0
create_tensor: loading tensor blk.0.ffn_down.weight
tensor blk.0.ffn_down.weight (20 MiB q6_K) buffer type overridden to CUDA0
create_tensor: loading tensor blk.0.post_ffw_norm.weight
tensor blk.0.post_ffw_norm.weight (0 MiB f32) buffer type overridden to CUDA0
create_tensor: loading tensor blk.0.ffn_gate_inp.weight
create_tensor: loading tensor blk.0.inp_gate.weight
tensor blk.0.inp_gate.weight (2 MiB f32) buffer type overridden to CUDA0
create_tensor: loading tensor blk.0.proj.weight
tensor blk.0.proj.weight (2 MiB f32) buffer type overridden to CUDA0
create_tensor: loading tensor blk.0.post_norm.weight
tensor blk.0.post_norm.weight (0 MiB f32) buffer type overridden to CUDA0
create_tensor: loading tensor blk.1.attn_norm.weight
tensor blk.1.attn_norm.weight (0 MiB f32) buffer type overridden to CUDA0
create_tensor: loading tensor blk.1.attn_qkv.weight
create_tensor: loading tensor blk.1.attn_q.weight
tensor blk.1.attn_q.weight (2 MiB q4_K) buffer type overridden to CUDA0
create_tensor: loading tensor blk.1.attn_k.weight
tensor blk.1.attn_k.weight (0 MiB q4_K) buffer type overridden to CUDA0
create_tensor: loading tensor blk.1.attn_v.weight
tensor blk.1.attn_v.weight (1 MiB q6_K) buffer type overridden to CUDA0
create_tensor: loading tensor blk.1.attn_output.weight
tensor blk.1.attn_output.weight (2 MiB q4_K) buffer type overridden to CUDA0
create_tensor: loading tensor blk.1.attn_q_norm.weight
tensor blk.1.attn_q_norm.weight (0 MiB f32) buffer type overridden to CUDA0
create_tensor: loading tensor blk.1.attn_k_norm.weight
tensor blk.1.attn_k_norm.weight (0 MiB f32) buffer type overridden to CUDA0
create_tensor: loading tensor blk.1.post_attention_norm.weight
tensor blk.1.post_attention_norm.weight (0 MiB f32) buffer type overridden to CUDA0
create_tensor: loading tensor blk.1.layer_output_scale.weight
tensor blk.1.layer_output_scale.weight (0 MiB f32) buffer type overridden to CUDA0
create_tensor: loading tensor blk.1.ffn_norm.weight
tensor blk.1.ffn_norm.weight (0 MiB f32) buffer type overridden to CUDA0
create_tensor: loading tensor blk.1.ffn_gate.weight
tensor blk.1.ffn_gate.weight (14 MiB q4_K) buffer type overridden to CUDA0
create_tensor: loading tensor blk.1.ffn_up.weight
tensor blk.1.ffn_up.weight (14 MiB q4_K) buffer type overridden to CUDA0
create_tensor: loading tensor blk.1.ffn_down.weight
tensor blk.1.ffn_down.weight (20 MiB q6_K) buffer type overridden to CUDA0
create_tensor: loading tensor blk.1.post_ffw_norm.weight
tensor blk.1.post_ffw_norm.weight (0 MiB f32) buffer type overridden to CUDA0
create_tensor: loading tensor blk.1.ffn_gate_inp.weight
create_tensor: loading tensor blk.1.inp_gate.weight
tensor blk.1.inp_gate.weight (2 MiB f32) buffer type overridden to CUDA0
create_tensor: loading tensor blk.1.proj.weight
tensor blk.1.proj.weight (2 MiB f32) buffer type overridden to CUDA0
create_tensor: loading tensor blk.1.post_norm.weight
tensor blk.1.post_norm.weight (0 MiB f32) buffer type overridden to CUDA0
create_tensor: loading tensor blk.2.attn_norm.weight
tensor blk.2.attn_norm.weight (0 MiB f32) buffer type overridden to CUDA0
create_tensor: loading tensor blk.2.attn_qkv.weight
create_tensor: loading tensor blk.2.attn_q.weight
tensor blk.2.attn_q.weight (2 MiB q4_K) buffer type overridden to CUDA0
create_tensor: loading tensor blk.2.attn_k.weight
tensor blk.2.attn_k.weight (0 MiB q4_K) buffer type overridden to CUDA0
create_tensor: loading tensor blk.2.attn_v.weight
tensor blk.2.attn_v.weight (1 MiB q6_K) buffer type overridden to CUDA0
create_tensor: loading tensor blk.2.attn_output.weight
tensor blk.2.attn_output.weight (2 MiB q4_K) buffer type overridden to CUDA0
create_tensor: loading tensor blk.2.attn_q_norm.weight
tensor blk.2.attn_q_norm.weight (0 MiB f32) buffer type overridden to CUDA0
create_tensor: loading tensor blk.2.attn_k_norm.weight
tensor blk.2.attn_k_norm.weight (0 MiB f32) buffer type overridden to CUDA0
create_tensor: loading tensor blk.2.post_attention_norm.weight
tensor blk.2.post_attention_norm.weight (0 MiB f32) buffer type overridden to CUDA0
create_tensor: loading tensor blk.2.layer_output_scale.weight
tensor blk.2.layer_output_scale.weight (0 MiB f32) buffer type overridden to CUDA0
create_tensor: loading tensor blk.2.ffn_norm.weight
tensor blk.2.ffn_norm.weight (0 MiB f32) buffer type overridden to CUDA0
create_tensor: loading tensor blk.2.ffn_gate.weight
tensor blk.2.ffn_gate.weight (14 MiB q4_K) buffer type overridden to CUDA0
create_tensor: loading tensor blk.2.ffn_up.weight
tensor blk.2.ffn_up.weight (14 MiB q4_K) buffer type overridden to CUDA0
create_tensor: loading tensor blk.2.ffn_down.weight
tensor blk.2.ffn_down.weight (20 MiB q6_K) buffer type overridden to CUDA0
create_tensor: loading tensor blk.2.post_ffw_norm.weight
tensor blk.2.post_ffw_norm.weight (0 MiB f32) buffer type overridden to CUDA0
create_tensor: loading tensor blk.2.ffn_gate_inp.weight
create_tensor: loading tensor blk.2.inp_gate.weight
tensor blk.2.inp_gate.weight (2 MiB f32) buffer type overridden to CUDA0
create_tensor: loading tensor blk.2.proj.weight
tensor blk.2.proj.weight (2 MiB f32) buffer type overridden to CUDA0
create_tensor: loading tensor blk.2.post_norm.weight
tensor blk.2.post_norm.weight (0 MiB f32) buffer type overridden to CUDA0
create_tensor: loading tensor blk.3.attn_norm.weight
tensor blk.3.attn_norm.weight (0 MiB f32) buffer type overridden to CUDA0
create_tensor: loading tensor blk.3.attn_qkv.weight
create_tensor: loading tensor blk.3.attn_q.weight
tensor blk.3.attn_q.weight (2 MiB q4_K) buffer type overridden to CUDA0
create_tensor: loading tensor blk.3.attn_k.weight
tensor blk.3.attn_k.weight (0 MiB q4_K) buffer type overridden to CUDA0
create_tensor: loading tensor blk.3.attn_v.weight
tensor blk.3.attn_v.weight (1 MiB q6_K) buffer type overridden to CUDA0
create_tensor: loading tensor blk.3.attn_output.weight
tensor blk.3.attn_output.weight (2 MiB q4_K) buffer type overridden to CUDA0
create_tensor: loading tensor blk.3.attn_q_norm.weight
tensor blk.3.attn_q_norm.weight (0 MiB f32) buffer type overridden to CUDA0
create_tensor: loading tensor blk.3.attn_k_norm.weight
tensor blk.3.attn_k_norm.weight (0 MiB f32) buffer type overridden to CUDA0
create_tensor: loading tensor blk.3.post_attention_norm.weight
tensor blk.3.post_attention_norm.weight (0 MiB f32) buffer type overridden to CUDA0
create_tensor: loading tensor blk.3.layer_output_scale.weight
tensor blk.3.layer_output_scale.weight (0 MiB f32) buffer type overridden to CUDA0
create_tensor: loading tensor blk.3.ffn_norm.weight
tensor blk.3.ffn_norm.weight (0 MiB f32) buffer type overridden to CUDA0
create_tensor: loading tensor blk.3.ffn_gate.weight
tensor blk.3.ffn_gate.weight (14 MiB q4_K) buffer type overridden to CUDA0
create_tensor: loading tensor blk.3.ffn_up.weight
tensor blk.3.ffn_up.weight (14 MiB q4_K) buffer type overridden to CUDA0
create_tensor: loading tensor blk.3.ffn_down.weight
tensor blk.3.ffn_down.weight (20 MiB q6_K) buffer type overridden to CUDA0
create_tensor: loading tensor blk.3.post_ffw_norm.weight
tensor blk.3.post_ffw_norm.weight (0 MiB f32) buffer type overridden to CUDA0
create_tensor: loading tensor blk.3.ffn_gate_inp.weight
create_tensor: loading tensor blk.3.inp_gate.weight
tensor blk.3.inp_gate.weight (2 MiB f32) buffer type overridden to CUDA0
create_tensor: loading tensor blk.3.proj.weight
tensor blk.3.proj.weight (2 MiB f32) buffer type overridden to CUDA0
create_tensor: loading tensor blk.3.post_norm.weight
tensor blk.3.post_norm.weight (0 MiB f32) buffer type overridden to CUDA0
create_tensor: loading tensor blk.4.attn_norm.weight
tensor blk.4.attn_norm.weight (0 MiB f32) buffer type overridden to CUDA0
create_tensor: loading tensor blk.4.attn_qkv.weight
create_tensor: loading tensor blk.4.attn_q.weight
tensor blk.4.attn_q.weight (2 MiB q4_K) buffer type overridden to CUDA0
create_tensor: loading tensor blk.4.attn_k.weight
tensor blk.4.attn_k.weight (0 MiB q4_K) buffer type overridden to CUDA0
create_tensor: loading tensor blk.4.attn_v.weight
tensor blk.4.attn_v.weight (1 MiB q6_K) buffer type overridden to CUDA0
create_tensor: loading tensor blk.4.attn_output.weight
tensor blk.4.attn_output.weight (2 MiB q4_K) buffer type overridden to CUDA0
create_tensor: loading tensor blk.4.attn_q_norm.weight
tensor blk.4.attn_q_norm.weight (0 MiB f32) buffer type overridden to CUDA0
create_tensor: loading tensor blk.4.attn_k_norm.weight
tensor blk.4.attn_k_norm.weight (0 MiB f32) buffer type overridden to CUDA0
create_tensor: loading tensor blk.4.post_attention_norm.weight
tensor blk.4.post_attention_norm.weight (0 MiB f32) buffer type overridden to CUDA0
create_tensor: loading tensor blk.4.layer_output_scale.weight
tensor blk.4.layer_output_scale.weight (0 MiB f32) buffer type overridden to CUDA0
create_tensor: loading tensor blk.4.ffn_norm.weight
tensor blk.4.ffn_norm.weight (0 MiB f32) buffer type overridden to CUDA0
create_tensor: loading tensor blk.4.ffn_gate.weight
tensor blk.4.ffn_gate.weight (14 MiB q4_K) buffer type overridden to CUDA0
create_tensor: loading tensor blk.4.ffn_up.weight
tensor blk.4.ffn_up.weight (14 MiB q4_K) buffer type overridden to CUDA0
create_tensor: loading tensor blk.4.ffn_down.weight
tensor blk.4.ffn_down.weight (20 MiB q6_K) buffer type overridden to CUDA0
create_tensor: loading tensor blk.4.post_ffw_norm.weight
tensor blk.4.post_ffw_norm.weight (0 MiB f32) buffer type overridden to CUDA0
create_tensor: loading tensor blk.4.ffn_gate_inp.weight
create_tensor: loading tensor blk.4.inp_gate.weight
tensor blk.4.inp_gate.weight (2 MiB f32) buffer type overridden to CUDA0
create_tensor: loading tensor blk.4.proj.weight
tensor blk.4.proj.weight (2 MiB f32) buffer type overridden to CUDA0
create_tensor: loading tensor blk.4.post_norm.weight
tensor blk.4.post_norm.weight (0 MiB f32) buffer type overridden to CUDA0
create_tensor: loading tensor blk.5.attn_norm.weight
tensor blk.5.attn_norm.weight (0 MiB f32) buffer type overridden to CUDA0
create_tensor: loading tensor blk.5.attn_qkv.weight
create_tensor: loading tensor blk.5.attn_q.weight
tensor blk.5.attn_q.weight (5 MiB q4_K) buffer type overridden to CUDA0
create_tensor: loading tensor blk.5.attn_k.weight
tensor blk.5.attn_k.weight (1 MiB q4_K) buffer type overridden to CUDA0
create_tensor: loading tensor blk.5.attn_v.weight
tensor blk.5.attn_v.weight (1 MiB q4_K) buffer type overridden to CUDA0
create_tensor: loading tensor blk.5.attn_output.weight
tensor blk.5.attn_output.weight (5 MiB q4_K) buffer type overridden to CUDA0
create_tensor: loading tensor blk.5.attn_q_norm.weight
tensor blk.5.attn_q_norm.weight (0 MiB f32) buffer type overridden to CUDA0
create_tensor: loading tensor blk.5.attn_k_norm.weight
tensor blk.5.attn_k_norm.weight (0 MiB f32) buffer type overridden to CUDA0
create_tensor: loading tensor blk.5.post_attention_norm.weight
tensor blk.5.post_attention_norm.weight (0 MiB f32) buffer type overridden to CUDA0
create_tensor: loading tensor blk.5.layer_output_scale.weight
tensor blk.5.layer_output_scale.weight (0 MiB f32) buffer type overridden to CUDA0
create_tensor: loading tensor rope_freqs.weight
tensor rope_freqs.weight (0 MiB f32) buffer type overridden to CUDA0
create_tensor: loading tensor blk.5.ffn_norm.weight
tensor blk.5.ffn_norm.weight (0 MiB f32) buffer type overridden to CUDA0
create_tensor: loading tensor blk.5.ffn_gate.weight
tensor blk.5.ffn_gate.weight (14 MiB q4_K) buffer type overridden to CUDA0
create_tensor: loading tensor blk.5.ffn_up.weight
tensor blk.5.ffn_up.weight (14 MiB q4_K) buffer type overridden to CUDA0
create_tensor: loading tensor blk.5.ffn_down.weight
tensor blk.5.ffn_down.weight (14 MiB q4_K) buffer type overridden to CUDA0
create_tensor: loading tensor blk.5.post_ffw_norm.weight
tensor blk.5.post_ffw_norm.weight (0 MiB f32) buffer type overridden to CUDA0
create_tensor: loading tensor blk.5.ffn_gate_inp.weight
create_tensor: loading tensor blk.5.inp_gate.weight
tensor blk.5.inp_gate.weight (2 MiB f32) buffer type overridden to CUDA0
create_tensor: loading tensor blk.5.proj.weight
tensor blk.5.proj.weight (2 MiB f32) buffer type overridden to CUDA0
create_tensor: loading tensor blk.5.post_norm.weight
tensor blk.5.post_norm.weight (0 MiB f32) buffer type overridden to CUDA0
create_tensor: loading tensor blk.6.attn_norm.weight
tensor blk.6.attn_norm.weight (0 MiB f32) buffer type overridden to CUDA0
create_tensor: loading tensor blk.6.attn_qkv.weight
create_tensor: loading tensor blk.6.attn_q.weight
tensor blk.6.attn_q.weight (2 MiB q4_K) buffer type overridden to CUDA0
create_tensor: loading tensor blk.6.attn_k.weight
tensor blk.6.attn_k.weight (0 MiB q4_K) buffer type overridden to CUDA0
create_tensor: loading tensor blk.6.attn_v.weight
tensor blk.6.attn_v.weight (0 MiB q4_K) buffer type overridden to CUDA0
create_tensor: loading tensor blk.6.attn_output.weight
tensor blk.6.attn_output.weight (2 MiB q4_K) buffer type overridden to CUDA0
create_tensor: loading tensor blk.6.attn_q_norm.weight
tensor blk.6.attn_q_norm.weight (0 MiB f32) buffer type overridden to CUDA0
create_tensor: loading tensor blk.6.attn_k_norm.weight
tensor blk.6.attn_k_norm.weight (0 MiB f32) buffer type overridden to CUDA0
create_tensor: loading tensor blk.6.post_attention_norm.weight
tensor blk.6.post_attention_norm.weight (0 MiB f32) buffer type overridden to CUDA0
create_tensor: loading tensor blk.6.layer_output_scale.weight
tensor blk.6.layer_output_scale.weight (0 MiB f32) buffer type overridden to CUDA0
create_tensor: loading tensor blk.6.ffn_norm.weight
tensor blk.6.ffn_norm.weight (0 MiB f32) buffer type overridden to CUDA0
create_tensor: loading tensor blk.6.ffn_gate.weight
tensor blk.6.ffn_gate.weight (14 MiB q4_K) buffer type overridden to CUDA0
create_tensor: loading tensor blk.6.ffn_up.weight
tensor blk.6.ffn_up.weight (14 MiB q4_K) buffer type overridden to CUDA0
create_tensor: loading tensor blk.6.ffn_down.weight
tensor blk.6.ffn_down.weight (14 MiB q4_K) buffer type overridden to CUDA0
create_tensor: loading tensor blk.6.post_ffw_norm.weight
tensor blk.6.post_ffw_norm.weight (0 MiB f32) buffer type overridden to CUDA0
create_tensor: loading tensor blk.6.ffn_gate_inp.weight
create_tensor: loading tensor blk.6.inp_gate.weight
tensor blk.6.inp_gate.weight (2 MiB f32) buffer type overridden to CUDA0
create_tensor: loading tensor blk.6.proj.weight
tensor blk.6.proj.weight (2 MiB f32) buffer type overridden to CUDA0
create_tensor: loading tensor blk.6.post_norm.weight
tensor blk.6.post_norm.weight (0 MiB f32) buffer type overridden to CUDA0
create_tensor: loading tensor blk.7.attn_norm.weight
tensor blk.7.attn_norm.weight (0 MiB f32) buffer type overridden to CUDA0
create_tensor: loading tensor blk.7.attn_qkv.weight
create_tensor: loading tensor blk.7.attn_q.weight
tensor blk.7.attn_q.weight (2 MiB q4_K) buffer type overridden to CUDA0
create_tensor: loading tensor blk.7.attn_k.weight
tensor blk.7.attn_k.weight (0 MiB q4_K) buffer type overridden to CUDA0
create_tensor: loading tensor blk.7.attn_v.weight
tensor blk.7.attn_v.weight (1 MiB q6_K) buffer type overridden to CUDA0
create_tensor: loading tensor blk.7.attn_output.weight
tensor blk.7.attn_output.weight (2 MiB q4_K) buffer type overridden to CUDA0
create_tensor: loading tensor blk.7.attn_q_norm.weight
tensor blk.7.attn_q_norm.weight (0 MiB f32) buffer type overridden to CUDA0
create_tensor: loading tensor blk.7.attn_k_norm.weight
tensor blk.7.attn_k_norm.weight (0 MiB f32) buffer type overridden to CUDA0
create_tensor: loading tensor blk.7.post_attention_norm.weight
tensor blk.7.post_attention_norm.weight (0 MiB f32) buffer type overridden to CUDA0
create_tensor: loading tensor blk.7.layer_output_scale.weight
tensor blk.7.layer_output_scale.weight (0 MiB f32) buffer type overridden to CUDA0
create_tensor: loading tensor blk.7.ffn_norm.weight
tensor blk.7.ffn_norm.weight (0 MiB f32) buffer type overridden to CUDA0
create_tensor: loading tensor blk.7.ffn_gate.weight
tensor blk.7.ffn_gate.weight (14 MiB q4_K) buffer type overridden to CUDA0
create_tensor: loading tensor blk.7.ffn_up.weight
tensor blk.7.ffn_up.weight (14 MiB q4_K) buffer type overridden to CUDA0
create_tensor: loading tensor blk.7.ffn_down.weight
tensor blk.7.ffn_down.weight (20 MiB q6_K) buffer type overridden to CUDA0
create_tensor: loading tensor blk.7.post_ffw_norm.weight
tensor blk.7.post_ffw_norm.weight (0 MiB f32) buffer type overridden to CUDA0
create_tensor: loading tensor blk.7.ffn_gate_inp.weight
create_tensor: loading tensor blk.7.inp_gate.weight
tensor blk.7.inp_gate.weight (2 MiB f32) buffer type overridden to CUDA0
create_tensor: loading tensor blk.7.proj.weight
tensor blk.7.proj.weight (2 MiB f32) buffer type overridden to CUDA0
create_tensor: loading tensor blk.7.post_norm.weight
tensor blk.7.post_norm.weight (0 MiB f32) buffer type overridden to CUDA0
create_tensor: loading tensor blk.8.attn_norm.weight
tensor blk.8.attn_norm.weight (0 MiB f32) buffer type overridden to CUDA0
create_tensor: loading tensor blk.8.attn_qkv.weight
create_tensor: loading tensor blk.8.attn_q.weight
tensor blk.8.attn_q.weight (2 MiB q4_K) buffer type overridden to CUDA0
create_tensor: loading tensor blk.8.attn_k.weight
tensor blk.8.attn_k.weight (0 MiB q4_K) buffer type overridden to CUDA0
create_tensor: loading tensor blk.8.attn_v.weight
tensor blk.8.attn_v.weight (0 MiB q4_K) buffer type overridden to CUDA0
create_tensor: loading tensor blk.8.attn_output.weight
tensor blk.8.attn_output.weight (2 MiB q4_K) buffer type overridden to CUDA0
create_tensor: loading tensor blk.8.attn_q_norm.weight
tensor blk.8.attn_q_norm.weight (0 MiB f32) buffer type overridden to CUDA0
create_tensor: loading tensor blk.8.attn_k_norm.weight
tensor blk.8.attn_k_norm.weight (0 MiB f32) buffer type overridden to CUDA0
create_tensor: loading tensor blk.8.post_attention_norm.weight
tensor blk.8.post_attention_norm.weight (0 MiB f32) buffer type overridden to CUDA0
create_tensor: loading tensor blk.8.layer_output_scale.weight
tensor blk.8.layer_output_scale.weight (0 MiB f32) buffer type overridden to CUDA0
create_tensor: loading tensor blk.8.ffn_norm.weight
tensor blk.8.ffn_norm.weight (0 MiB f32) buffer type overridden to CUDA0
create_tensor: loading tensor blk.8.ffn_gate.weight
tensor blk.8.ffn_gate.weight (14 MiB q4_K) buffer type overridden to CUDA0
create_tensor: loading tensor blk.8.ffn_up.weight
tensor blk.8.ffn_up.weight (14 MiB q4_K) buffer type overridden to CUDA0
create_tensor: loading tensor blk.8.ffn_down.weight
tensor blk.8.ffn_down.weight (14 MiB q4_K) buffer type overridden to CUDA0
create_tensor: loading tensor blk.8.post_ffw_norm.weight
tensor blk.8.post_ffw_norm.weight (0 MiB f32) buffer type overridden to CUDA0
create_tensor: loading tensor blk.8.ffn_gate_inp.weight
create_tensor: loading tensor blk.8.inp_gate.weight
tensor blk.8.inp_gate.weight (2 MiB f32) buffer type overridden to CUDA0
create_tensor: loading tensor blk.8.proj.weight
tensor blk.8.proj.weight (2 MiB f32) buffer type overridden to CUDA0
create_tensor: loading tensor blk.8.post_norm.weight
tensor blk.8.post_norm.weight (0 MiB f32) buffer type overridden to CUDA0
create_tensor: loading tensor blk.9.attn_norm.weight
tensor blk.9.attn_norm.weight (0 MiB f32) buffer type overridden to CUDA0
create_tensor: loading tensor blk.9.attn_qkv.weight
create_tensor: loading tensor blk.9.attn_q.weight
tensor blk.9.attn_q.weight (2 MiB q4_K) buffer type overridden to CUDA0
create_tensor: loading tensor blk.9.attn_k.weight
tensor blk.9.attn_k.weight (0 MiB q4_K) buffer type overridden to CUDA0
create_tensor: loading tensor blk.9.attn_v.weight
tensor blk.9.attn_v.weight (0 MiB q4_K) buffer type overridden to CUDA0
create_tensor: loading tensor blk.9.attn_output.weight
tensor blk.9.attn_output.weight (2 MiB q4_K) buffer type overridden to CUDA0
create_tensor: loading tensor blk.9.attn_q_norm.weight
tensor blk.9.attn_q_norm.weight (0 MiB f32) buffer type overridden to CUDA0
create_tensor: loading tensor blk.9.attn_k_norm.weight
tensor blk.9.attn_k_norm.weight (0 MiB f32) buffer type overridden to CUDA0
create_tensor: loading tensor blk.9.post_attention_norm.weight
tensor blk.9.post_attention_norm.weight (0 MiB f32) buffer type overridden to CUDA0
create_tensor: loading tensor blk.9.layer_output_scale.weight
tensor blk.9.layer_output_scale.weight (0 MiB f32) buffer type overridden to CUDA0
create_tensor: loading tensor blk.9.ffn_norm.weight
tensor blk.9.ffn_norm.weight (0 MiB f32) buffer type overridden to CUDA0
create_tensor: loading tensor blk.9.ffn_gate.weight
tensor blk.9.ffn_gate.weight (14 MiB q4_K) buffer type overridden to CUDA0
create_tensor: loading tensor blk.9.ffn_up.weight
tensor blk.9.ffn_up.weight (14 MiB q4_K) buffer type overridden to CUDA0
create_tensor: loading tensor blk.9.ffn_down.weight
tensor blk.9.ffn_down.weight (14 MiB q4_K) buffer type overridden to CUDA0
create_tensor: loading tensor blk.9.post_ffw_norm.weight
tensor blk.9.post_ffw_norm.weight (0 MiB f32) buffer type overridden to CUDA0
create_tensor: loading tensor blk.9.ffn_gate_inp.weight
create_tensor: loading tensor blk.9.inp_gate.weight
tensor blk.9.inp_gate.weight (2 MiB f32) buffer type overridden to CUDA0
create_tensor: loading tensor blk.9.proj.weight
tensor blk.9.proj.weight (2 MiB f32) buffer type overridden to CUDA0
create_tensor: loading tensor blk.9.post_norm.weight
tensor blk.9.post_norm.weight (0 MiB f32) buffer type overridden to CUDA0
create_tensor: loading tensor blk.10.attn_norm.weight
tensor blk.10.attn_norm.weight (0 MiB f32) buffer type overridden to CUDA0
create_tensor: loading tensor blk.10.attn_qkv.weight
create_tensor: loading tensor blk.10.attn_q.weight
tensor blk.10.attn_q.weight (2 MiB q4_K) buffer type overridden to CUDA0
create_tensor: loading tensor blk.10.attn_k.weight
tensor blk.10.attn_k.weight (0 MiB q4_K) buffer type overridden to CUDA0
create_tensor: loading tensor blk.10.attn_v.weight
tensor blk.10.attn_v.weight (1 MiB q6_K) buffer type overridden to CUDA0
create_tensor: loading tensor blk.10.attn_output.weight
tensor blk.10.attn_output.weight (2 MiB q4_K) buffer type overridden to CUDA0
create_tensor: loading tensor blk.10.attn_q_norm.weight
tensor blk.10.attn_q_norm.weight (0 MiB f32) buffer type overridden to CUDA0
create_tensor: loading tensor blk.10.attn_k_norm.weight
tensor blk.10.attn_k_norm.weight (0 MiB f32) buffer type overridden to CUDA0
create_tensor: loading tensor blk.10.post_attention_norm.weight
tensor blk.10.post_attention_norm.weight (0 MiB f32) buffer type overridden to CUDA0
create_tensor: loading tensor blk.10.layer_output_scale.weight
tensor blk.10.layer_output_scale.weight (0 MiB f32) buffer type overridden to CUDA0
create_tensor: loading tensor blk.10.ffn_norm.weight
tensor blk.10.ffn_norm.weight (0 MiB f32) buffer type overridden to CUDA0
create_tensor: loading tensor blk.10.ffn_gate.weight
tensor blk.10.ffn_gate.weight (14 MiB q4_K) buffer type overridden to CUDA0
create_tensor: loading tensor blk.10.ffn_up.weight
tensor blk.10.ffn_up.weight (14 MiB q4_K) buffer type overridden to CUDA0
create_tensor: loading tensor blk.10.ffn_down.weight
tensor blk.10.ffn_down.weight (20 MiB q6_K) buffer type overridden to CUDA0
create_tensor: loading tensor blk.10.post_ffw_norm.weight
tensor blk.10.post_ffw_norm.weight (0 MiB f32) buffer type overridden to CUDA0
create_tensor: loading tensor blk.10.ffn_gate_inp.weight
create_tensor: loading tensor blk.10.inp_gate.weight
tensor blk.10.inp_gate.weight (2 MiB f32) buffer type overridden to CUDA0
create_tensor: loading tensor blk.10.proj.weight
tensor blk.10.proj.weight (2 MiB f32) buffer type overridden to CUDA0
create_tensor: loading tensor blk.10.post_norm.weight
tensor blk.10.post_norm.weight (0 MiB f32) buffer type overridden to CUDA0
create_tensor: loading tensor blk.11.attn_norm.weight
tensor blk.11.attn_norm.weight (0 MiB f32) buffer type overridden to CUDA0
create_tensor: loading tensor blk.11.attn_qkv.weight
create_tensor: loading tensor blk.11.attn_q.weight
tensor blk.11.attn_q.weight (5 MiB q4_K) buffer type overridden to CUDA0
create_tensor: loading tensor blk.11.attn_k.weight
tensor blk.11.attn_k.weight (1 MiB q4_K) buffer type overridden to CUDA0
create_tensor: loading tensor blk.11.attn_v.weight
tensor blk.11.attn_v.weight (1 MiB q4_K) buffer type overridden to CUDA0
create_tensor: loading tensor blk.11.attn_output.weight
tensor blk.11.attn_output.weight (5 MiB q4_K) buffer type overridden to CUDA0
create_tensor: loading tensor blk.11.attn_q_norm.weight
tensor blk.11.attn_q_norm.weight (0 MiB f32) buffer type overridden to CUDA0
create_tensor: loading tensor blk.11.attn_k_norm.weight
tensor blk.11.attn_k_norm.weight (0 MiB f32) buffer type overridden to CUDA0
create_tensor: loading tensor blk.11.post_attention_norm.weight
tensor blk.11.post_attention_norm.weight (0 MiB f32) buffer type overridden to CUDA0
create_tensor: loading tensor blk.11.layer_output_scale.weight
tensor blk.11.layer_output_scale.weight (0 MiB f32) buffer type overridden to CUDA0
create_tensor: loading tensor rope_freqs.weight
tensor rope_freqs.weight (0 MiB f32) buffer type overridden to CUDA0
create_tensor: loading tensor blk.11.ffn_norm.weight
tensor blk.11.ffn_norm.weight (0 MiB f32) buffer type overridden to CUDA0
create_tensor: loading tensor blk.11.ffn_gate.weight
tensor blk.11.ffn_gate.weight (14 MiB q4_K) buffer type overridden to CUDA0
create_tensor: loading tensor blk.11.ffn_up.weight
tensor blk.11.ffn_up.weight (14 MiB q4_K) buffer type overridden to CUDA0
create_tensor: loading tensor blk.11.ffn_down.weight
tensor blk.11.ffn_down.weight (14 MiB q4_K) buffer type overridden to CUDA0
create_tensor: loading tensor blk.11.post_ffw_norm.weight
tensor blk.11.post_ffw_norm.weight (0 MiB f32) buffer type overridden to CUDA0
create_tensor: loading tensor blk.11.ffn_gate_inp.weight
create_tensor: loading tensor blk.11.inp_gate.weight
tensor blk.11.inp_gate.weight (2 MiB f32) buffer type overridden to CUDA0
create_tensor: loading tensor blk.11.proj.weight
tensor blk.11.proj.weight (2 MiB f32) buffer type overridden to CUDA0
create_tensor: loading tensor blk.11.post_norm.weight
tensor blk.11.post_norm.weight (0 MiB f32) buffer type overridden to CUDA0
create_tensor: loading tensor blk.12.attn_norm.weight
tensor blk.12.attn_norm.weight (0 MiB f32) buffer type overridden to CUDA0
create_tensor: loading tensor blk.12.attn_qkv.weight
create_tensor: loading tensor blk.12.attn_q.weight
tensor blk.12.attn_q.weight (2 MiB q4_K) buffer type overridden to CUDA0
create_tensor: loading tensor blk.12.attn_k.weight
tensor blk.12.attn_k.weight (0 MiB q4_K) buffer type overridden to CUDA0
create_tensor: loading tensor blk.12.attn_v.weight
tensor blk.12.attn_v.weight (0 MiB q4_K) buffer type overridden to CUDA0
create_tensor: loading tensor blk.12.attn_output.weight
tensor blk.12.attn_output.weight (2 MiB q4_K) buffer type overridden to CUDA0
create_tensor: loading tensor blk.12.attn_q_norm.weight
tensor blk.12.attn_q_norm.weight (0 MiB f32) buffer type overridden to CUDA0
create_tensor: loading tensor blk.12.attn_k_norm.weight
tensor blk.12.attn_k_norm.weight (0 MiB f32) buffer type overridden to CUDA0
create_tensor: loading tensor blk.12.post_attention_norm.weight
tensor blk.12.post_attention_norm.weight (0 MiB f32) buffer type overridden to CUDA0
create_tensor: loading tensor blk.12.layer_output_scale.weight
tensor blk.12.layer_output_scale.weight (0 MiB f32) buffer type overridden to CUDA0
create_tensor: loading tensor blk.12.ffn_norm.weight
tensor blk.12.ffn_norm.weight (0 MiB f32) buffer type overridden to CUDA0
create_tensor: loading tensor blk.12.ffn_gate.weight
tensor blk.12.ffn_gate.weight (14 MiB q4_K) buffer type overridden to CUDA0
create_tensor: loading tensor blk.12.ffn_up.weight
tensor blk.12.ffn_up.weight (14 MiB q4_K) buffer type overridden to CUDA0
create_tensor: loading tensor blk.12.ffn_down.weight
tensor blk.12.ffn_down.weight (14 MiB q4_K) buffer type overridden to CUDA0
create_tensor: loading tensor blk.12.post_ffw_norm.weight
tensor blk.12.post_ffw_norm.weight (0 MiB f32) buffer type overridden to CUDA0
create_tensor: loading tensor blk.12.ffn_gate_inp.weight
create_tensor: loading tensor blk.12.inp_gate.weight
tensor blk.12.inp_gate.weight (2 MiB f32) buffer type overridden to CUDA0
create_tensor: loading tensor blk.12.proj.weight
tensor blk.12.proj.weight (2 MiB f32) buffer type overridden to CUDA0
create_tensor: loading tensor blk.12.post_norm.weight
tensor blk.12.post_norm.weight (0 MiB f32) buffer type overridden to CUDA0
create_tensor: loading tensor blk.13.attn_norm.weight
tensor blk.13.attn_norm.weight (0 MiB f32) buffer type overridden to CUDA0
create_tensor: loading tensor blk.13.attn_qkv.weight
create_tensor: loading tensor blk.13.attn_q.weight
tensor blk.13.attn_q.weight (2 MiB q4_K) buffer type overridden to CUDA0
create_tensor: loading tensor blk.13.attn_k.weight
tensor blk.13.attn_k.weight (0 MiB q4_K) buffer type overridden to CUDA0
create_tensor: loading tensor blk.13.attn_v.weight
tensor blk.13.attn_v.weight (1 MiB q6_K) buffer type overridden to CUDA0
create_tensor: loading tensor blk.13.attn_output.weight
tensor blk.13.attn_output.weight (2 MiB q4_K) buffer type overridden to CUDA0
create_tensor: loading tensor blk.13.attn_q_norm.weight
tensor blk.13.attn_q_norm.weight (0 MiB f32) buffer type overridden to CUDA0
create_tensor: loading tensor blk.13.attn_k_norm.weight
tensor blk.13.attn_k_norm.weight (0 MiB f32) buffer type overridden to CUDA0
create_tensor: loading tensor blk.13.post_attention_norm.weight
tensor blk.13.post_attention_norm.weight (0 MiB f32) buffer type overridden to CUDA0
create_tensor: loading tensor blk.13.layer_output_scale.weight
tensor blk.13.layer_output_scale.weight (0 MiB f32) buffer type overridden to CUDA0
create_tensor: loading tensor blk.13.ffn_norm.weight
tensor blk.13.ffn_norm.weight (0 MiB f32) buffer type overridden to CUDA0
create_tensor: loading tensor blk.13.ffn_gate.weight
tensor blk.13.ffn_gate.weight (14 MiB q4_K) buffer type overridden to CUDA0
create_tensor: loading tensor blk.13.ffn_up.weight
tensor blk.13.ffn_up.weight (14 MiB q4_K) buffer type overridden to CUDA0
create_tensor: loading tensor blk.13.ffn_down.weight
tensor blk.13.ffn_down.weight (20 MiB q6_K) buffer type overridden to CUDA0
create_tensor: loading tensor blk.13.post_ffw_norm.weight
tensor blk.13.post_ffw_norm.weight (0 MiB f32) buffer type overridden to CUDA0
create_tensor: loading tensor blk.13.ffn_gate_inp.weight
create_tensor: loading tensor blk.13.inp_gate.weight
tensor blk.13.inp_gate.weight (2 MiB f32) buffer type overridden to CUDA0
create_tensor: loading tensor blk.13.proj.weight
tensor blk.13.proj.weight (2 MiB f32) buffer type overridden to CUDA0
create_tensor: loading tensor blk.13.post_norm.weight
tensor blk.13.post_norm.weight (0 MiB f32) buffer type overridden to CUDA0
create_tensor: loading tensor blk.14.attn_norm.weight
tensor blk.14.attn_norm.weight (0 MiB f32) buffer type overridden to CUDA0
create_tensor: loading tensor blk.14.attn_qkv.weight
create_tensor: loading tensor blk.14.attn_q.weight
tensor blk.14.attn_q.weight (2 MiB q4_K) buffer type overridden to CUDA0
create_tensor: loading tensor blk.14.attn_k.weight
tensor blk.14.attn_k.weight (0 MiB q4_K) buffer type overridden to CUDA0
create_tensor: loading tensor blk.14.attn_v.weight
tensor blk.14.attn_v.weight (0 MiB q4_K) buffer type overridden to CUDA0
create_tensor: loading tensor blk.14.attn_output.weight
tensor blk.14.attn_output.weight (2 MiB q4_K) buffer type overridden to CUDA0
create_tensor: loading tensor blk.14.attn_q_norm.weight
tensor blk.14.attn_q_norm.weight (0 MiB f32) buffer type overridden to CUDA0
create_tensor: loading tensor blk.14.attn_k_norm.weight
tensor blk.14.attn_k_norm.weight (0 MiB f32) buffer type overridden to CUDA0
create_tensor: loading tensor blk.14.post_attention_norm.weight
tensor blk.14.post_attention_norm.weight (0 MiB f32) buffer type overridden to CUDA0
create_tensor: loading tensor blk.14.layer_output_scale.weight
tensor blk.14.layer_output_scale.weight (0 MiB f32) buffer type overridden to CUDA0
create_tensor: loading tensor blk.14.ffn_norm.weight
tensor blk.14.ffn_norm.weight (0 MiB f32) buffer type overridden to CUDA0
create_tensor: loading tensor blk.14.ffn_gate.weight
tensor blk.14.ffn_gate.weight (14 MiB q4_K) buffer type overridden to CUDA0
create_tensor: loading tensor blk.14.ffn_up.weight
tensor blk.14.ffn_up.weight (14 MiB q4_K) buffer type overridden to CUDA0
create_tensor: loading tensor blk.14.ffn_down.weight
tensor blk.14.ffn_down.weight (14 MiB q4_K) buffer type overridden to CUDA0
create_tensor: loading tensor blk.14.post_ffw_norm.weight
tensor blk.14.post_ffw_norm.weight (0 MiB f32) buffer type overridden to CUDA0
create_tensor: loading tensor blk.14.ffn_gate_inp.weight
create_tensor: loading tensor blk.14.inp_gate.weight
tensor blk.14.inp_gate.weight (2 MiB f32) buffer type overridden to CUDA0
create_tensor: loading tensor blk.14.proj.weight
tensor blk.14.proj.weight (2 MiB f32) buffer type overridden to CUDA0
create_tensor: loading tensor blk.14.post_norm.weight
tensor blk.14.post_norm.weight (0 MiB f32) buffer type overridden to CUDA0
create_tensor: loading tensor blk.15.attn_norm.weight
tensor blk.15.attn_norm.weight (0 MiB f32) buffer type overridden to CUDA0
create_tensor: loading tensor blk.15.attn_qkv.weight
create_tensor: loading tensor blk.15.attn_q.weight
tensor blk.15.attn_q.weight (2 MiB q4_K) buffer type overridden to CUDA0
create_tensor: loading tensor blk.15.attn_k.weight
tensor blk.15.attn_k.weight (0 MiB q4_K) buffer type overridden to CUDA0
create_tensor: loading tensor blk.15.attn_v.weight
tensor blk.15.attn_v.weight (0 MiB q4_K) buffer type overridden to CUDA0
create_tensor: loading tensor blk.15.attn_output.weight
tensor blk.15.attn_output.weight (2 MiB q4_K) buffer type overridden to CUDA0
create_tensor: loading tensor blk.15.attn_q_norm.weight
tensor blk.15.attn_q_norm.weight (0 MiB f32) buffer type overridden to CUDA0
create_tensor: loading tensor blk.15.attn_k_norm.weight
tensor blk.15.attn_k_norm.weight (0 MiB f32) buffer type overridden to CUDA0
create_tensor: loading tensor blk.15.post_attention_norm.weight
tensor blk.15.post_attention_norm.weight (0 MiB f32) buffer type overridden to CUDA0
create_tensor: loading tensor blk.15.layer_output_scale.weight
tensor blk.15.layer_output_scale.weight (0 MiB f32) buffer type overridden to CUDA0
create_tensor: loading tensor blk.15.ffn_norm.weight
tensor blk.15.ffn_norm.weight (0 MiB f32) buffer type overridden to CUDA0
create_tensor: loading tensor blk.15.ffn_gate.weight
tensor blk.15.ffn_gate.weight (14 MiB q4_K) buffer type overridden to CUDA0
create_tensor: loading tensor blk.15.ffn_up.weight
tensor blk.15.ffn_up.weight (14 MiB q4_K) buffer type overridden to CUDA0
create_tensor: loading tensor blk.15.ffn_down.weight
tensor blk.15.ffn_down.weight (14 MiB q4_K) buffer type overridden to CUDA0
create_tensor: loading tensor blk.15.post_ffw_norm.weight
tensor blk.15.post_ffw_norm.weight (0 MiB f32) buffer type overridden to CUDA0
create_tensor: loading tensor blk.15.ffn_gate_inp.weight
create_tensor: loading tensor blk.15.inp_gate.weight
tensor blk.15.inp_gate.weight (2 MiB f32) buffer type overridden to CUDA0
create_tensor: loading tensor blk.15.proj.weight
tensor blk.15.proj.weight (2 MiB f32) buffer type overridden to CUDA0
create_tensor: loading tensor blk.15.post_norm.weight
tensor blk.15.post_norm.weight (0 MiB f32) buffer type overridden to CUDA0
create_tensor: loading tensor blk.16.attn_norm.weight
tensor blk.16.attn_norm.weight (0 MiB f32) buffer type overridden to CUDA0
create_tensor: loading tensor blk.16.attn_qkv.weight
create_tensor: loading tensor blk.16.attn_q.weight
tensor blk.16.attn_q.weight (2 MiB q4_K) buffer type overridden to CUDA0
create_tensor: loading tensor blk.16.attn_k.weight
tensor blk.16.attn_k.weight (0 MiB q4_K) buffer type overridden to CUDA0
create_tensor: loading tensor blk.16.attn_v.weight
tensor blk.16.attn_v.weight (1 MiB q6_K) buffer type overridden to CUDA0
create_tensor: loading tensor blk.16.attn_output.weight
tensor blk.16.attn_output.weight (2 MiB q4_K) buffer type overridden to CUDA0
create_tensor: loading tensor blk.16.attn_q_norm.weight
tensor blk.16.attn_q_norm.weight (0 MiB f32) buffer type overridden to CUDA0
create_tensor: loading tensor blk.16.attn_k_norm.weight
tensor blk.16.attn_k_norm.weight (0 MiB f32) buffer type overridden to CUDA0
create_tensor: loading tensor blk.16.post_attention_norm.weight
tensor blk.16.post_attention_norm.weight (0 MiB f32) buffer type overridden to CUDA0
create_tensor: loading tensor blk.16.layer_output_scale.weight
tensor blk.16.layer_output_scale.weight (0 MiB f32) buffer type overridden to CUDA0
create_tensor: loading tensor blk.16.ffn_norm.weight
tensor blk.16.ffn_norm.weight (0 MiB f32) buffer type overridden to CUDA0
create_tensor: loading tensor blk.16.ffn_gate.weight
tensor blk.16.ffn_gate.weight (14 MiB q4_K) buffer type overridden to CUDA0
create_tensor: loading tensor blk.16.ffn_up.weight
tensor blk.16.ffn_up.weight (14 MiB q4_K) buffer type overridden to CUDA0
create_tensor: loading tensor blk.16.ffn_down.weight
tensor blk.16.ffn_down.weight (20 MiB q6_K) buffer type overridden to CUDA0
create_tensor: loading tensor blk.16.post_ffw_norm.weight
tensor blk.16.post_ffw_norm.weight (0 MiB f32) buffer type overridden to CUDA0
create_tensor: loading tensor blk.16.ffn_gate_inp.weight
create_tensor: loading tensor blk.16.inp_gate.weight
tensor blk.16.inp_gate.weight (2 MiB f32) buffer type overridden to CUDA0
create_tensor: loading tensor blk.16.proj.weight
tensor blk.16.proj.weight (2 MiB f32) buffer type overridden to CUDA0
create_tensor: loading tensor blk.16.post_norm.weight
tensor blk.16.post_norm.weight (0 MiB f32) buffer type overridden to CUDA0
create_tensor: loading tensor blk.17.attn_norm.weight
tensor blk.17.attn_norm.weight (0 MiB f32) buffer type overridden to CUDA0
create_tensor: loading tensor blk.17.attn_qkv.weight
create_tensor: loading tensor blk.17.attn_q.weight
tensor blk.17.attn_q.weight (5 MiB q4_K) buffer type overridden to CUDA0
create_tensor: loading tensor blk.17.attn_k.weight
tensor blk.17.attn_k.weight (1 MiB q4_K) buffer type overridden to CUDA0
create_tensor: loading tensor blk.17.attn_v.weight
tensor blk.17.attn_v.weight (1 MiB q4_K) buffer type overridden to CUDA0
create_tensor: loading tensor blk.17.attn_output.weight
tensor blk.17.attn_output.weight (5 MiB q4_K) buffer type overridden to CUDA0
create_tensor: loading tensor blk.17.attn_q_norm.weight
tensor blk.17.attn_q_norm.weight (0 MiB f32) buffer type overridden to CUDA0
create_tensor: loading tensor blk.17.attn_k_norm.weight
tensor blk.17.attn_k_norm.weight (0 MiB f32) buffer type overridden to CUDA0
create_tensor: loading tensor blk.17.post_attention_norm.weight
tensor blk.17.post_attention_norm.weight (0 MiB f32) buffer type overridden to CUDA0
create_tensor: loading tensor blk.17.layer_output_scale.weight
tensor blk.17.layer_output_scale.weight (0 MiB f32) buffer type overridden to CUDA0
create_tensor: loading tensor rope_freqs.weight
tensor rope_freqs.weight (0 MiB f32) buffer type overridden to CUDA0
create_tensor: loading tensor blk.17.ffn_norm.weight
tensor blk.17.ffn_norm.weight (0 MiB f32) buffer type overridden to CUDA0
create_tensor: loading tensor blk.17.ffn_gate.weight
tensor blk.17.ffn_gate.weight (14 MiB q4_K) buffer type overridden to CUDA0
create_tensor: loading tensor blk.17.ffn_up.weight
tensor blk.17.ffn_up.weight (14 MiB q4_K) buffer type overridden to CUDA0
create_tensor: loading tensor blk.17.ffn_down.weight
tensor blk.17.ffn_down.weight (14 MiB q4_K) buffer type overridden to CUDA0
create_tensor: loading tensor blk.17.post_ffw_norm.weight
tensor blk.17.post_ffw_norm.weight (0 MiB f32) buffer type overridden to CUDA0
create_tensor: loading tensor blk.17.ffn_gate_inp.weight
create_tensor: loading tensor blk.17.inp_gate.weight
tensor blk.17.inp_gate.weight (2 MiB f32) buffer type overridden to CUDA0
create_tensor: loading tensor blk.17.proj.weight
tensor blk.17.proj.weight (2 MiB f32) buffer type overridden to CUDA0
create_tensor: loading tensor blk.17.post_norm.weight
tensor blk.17.post_norm.weight (0 MiB f32) buffer type overridden to CUDA0
create_tensor: loading tensor blk.18.attn_norm.weight
tensor blk.18.attn_norm.weight (0 MiB f32) buffer type overridden to CUDA0
create_tensor: loading tensor blk.18.attn_qkv.weight
create_tensor: loading tensor blk.18.attn_q.weight
tensor blk.18.attn_q.weight (2 MiB q4_K) buffer type overridden to CUDA0
create_tensor: loading tensor blk.18.attn_k.weight
tensor blk.18.attn_k.weight (0 MiB q4_K) buffer type overridden to CUDA0
create_tensor: loading tensor blk.18.attn_v.weight
tensor blk.18.attn_v.weight (0 MiB q4_K) buffer type overridden to CUDA0
create_tensor: loading tensor blk.18.attn_output.weight
tensor blk.18.attn_output.weight (2 MiB q4_K) buffer type overridden to CUDA0
create_tensor: loading tensor blk.18.attn_q_norm.weight
tensor blk.18.attn_q_norm.weight (0 MiB f32) buffer type overridden to CUDA0
create_tensor: loading tensor blk.18.attn_k_norm.weight
tensor blk.18.attn_k_norm.weight (0 MiB f32) buffer type overridden to CUDA0
create_tensor: loading tensor blk.18.post_attention_norm.weight
tensor blk.18.post_attention_norm.weight (0 MiB f32) buffer type overridden to CUDA0
create_tensor: loading tensor blk.18.layer_output_scale.weight
tensor blk.18.layer_output_scale.weight (0 MiB f32) buffer type overridden to CUDA0
create_tensor: loading tensor blk.18.ffn_norm.weight
tensor blk.18.ffn_norm.weight (0 MiB f32) buffer type overridden to CUDA0
create_tensor: loading tensor blk.18.ffn_gate.weight
tensor blk.18.ffn_gate.weight (14 MiB q4_K) buffer type overridden to CUDA0
create_tensor: loading tensor blk.18.ffn_up.weight
tensor blk.18.ffn_up.weight (14 MiB q4_K) buffer type overridden to CUDA0
create_tensor: loading tensor blk.18.ffn_down.weight
tensor blk.18.ffn_down.weight (14 MiB q4_K) buffer type overridden to CUDA0
create_tensor: loading tensor blk.18.post_ffw_norm.weight
tensor blk.18.post_ffw_norm.weight (0 MiB f32) buffer type overridden to CUDA0
create_tensor: loading tensor blk.18.ffn_gate_inp.weight
create_tensor: loading tensor blk.18.inp_gate.weight
tensor blk.18.inp_gate.weight (2 MiB f32) buffer type overridden to CUDA0
create_tensor: loading tensor blk.18.proj.weight
tensor blk.18.proj.weight (2 MiB f32) buffer type overridden to CUDA0
create_tensor: loading tensor blk.18.post_norm.weight
tensor blk.18.post_norm.weight (0 MiB f32) buffer type overridden to CUDA0
create_tensor: loading tensor blk.19.attn_norm.weight
tensor blk.19.attn_norm.weight (0 MiB f32) buffer type overridden to CUDA0
create_tensor: loading tensor blk.19.attn_qkv.weight
create_tensor: loading tensor blk.19.attn_q.weight
tensor blk.19.attn_q.weight (2 MiB q4_K) buffer type overridden to CUDA0
create_tensor: loading tensor blk.19.attn_k.weight
tensor blk.19.attn_k.weight (0 MiB q4_K) buffer type overridden to CUDA0
create_tensor: loading tensor blk.19.attn_v.weight
tensor blk.19.attn_v.weight (1 MiB q6_K) buffer type overridden to CUDA0
create_tensor: loading tensor blk.19.attn_output.weight
tensor blk.19.attn_output.weight (2 MiB q4_K) buffer type overridden to CUDA0
create_tensor: loading tensor blk.19.attn_q_norm.weight
tensor blk.19.attn_q_norm.weight (0 MiB f32) buffer type overridden to CUDA0
create_tensor: loading tensor blk.19.attn_k_norm.weight
tensor blk.19.attn_k_norm.weight (0 MiB f32) buffer type overridden to CUDA0
create_tensor: loading tensor blk.19.post_attention_norm.weight
tensor blk.19.post_attention_norm.weight (0 MiB f32) buffer type overridden to CUDA0
create_tensor: loading tensor blk.19.layer_output_scale.weight
tensor blk.19.layer_output_scale.weight (0 MiB f32) buffer type overridden to CUDA0
create_tensor: loading tensor blk.19.ffn_norm.weight
tensor blk.19.ffn_norm.weight (0 MiB f32) buffer type overridden to CUDA0
create_tensor: loading tensor blk.19.ffn_gate.weight
tensor blk.19.ffn_gate.weight (14 MiB q4_K) buffer type overridden to CUDA0
create_tensor: loading tensor blk.19.ffn_up.weight
tensor blk.19.ffn_up.weight (14 MiB q4_K) buffer type overridden to CUDA0
create_tensor: loading tensor blk.19.ffn_down.weight
tensor blk.19.ffn_down.weight (20 MiB q6_K) buffer type overridden to CUDA0
create_tensor: loading tensor blk.19.post_ffw_norm.weight
tensor blk.19.post_ffw_norm.weight (0 MiB f32) buffer type overridden to CUDA0
create_tensor: loading tensor blk.19.ffn_gate_inp.weight
create_tensor: loading tensor blk.19.inp_gate.weight
tensor blk.19.inp_gate.weight (2 MiB f32) buffer type overridden to CUDA0
create_tensor: loading tensor blk.19.proj.weight
tensor blk.19.proj.weight (2 MiB f32) buffer type overridden to CUDA0
create_tensor: loading tensor blk.19.post_norm.weight
tensor blk.19.post_norm.weight (0 MiB f32) buffer type overridden to CUDA0
create_tensor: loading tensor blk.20.attn_norm.weight
tensor blk.20.attn_norm.weight (0 MiB f32) buffer type overridden to CUDA0
create_tensor: loading tensor blk.20.attn_qkv.weight
create_tensor: loading tensor blk.20.attn_q.weight
tensor blk.20.attn_q.weight (2 MiB q4_K) buffer type overridden to CUDA0
create_tensor: loading tensor blk.20.attn_k.weight
tensor blk.20.attn_k.weight (0 MiB q4_K) buffer type overridden to CUDA0
create_tensor: loading tensor blk.20.attn_v.weight
tensor blk.20.attn_v.weight (0 MiB q4_K) buffer type overridden to CUDA0
create_tensor: loading tensor blk.20.attn_output.weight
tensor blk.20.attn_output.weight (2 MiB q4_K) buffer type overridden to CUDA0
create_tensor: loading tensor blk.20.attn_q_norm.weight
tensor blk.20.attn_q_norm.weight (0 MiB f32) buffer type overridden to CUDA0
create_tensor: loading tensor blk.20.attn_k_norm.weight
tensor blk.20.attn_k_norm.weight (0 MiB f32) buffer type overridden to CUDA0
create_tensor: loading tensor blk.20.post_attention_norm.weight
tensor blk.20.post_attention_norm.weight (0 MiB f32) buffer type overridden to CUDA0
create_tensor: loading tensor blk.20.layer_output_scale.weight
tensor blk.20.layer_output_scale.weight (0 MiB f32) buffer type overridden to CUDA0
create_tensor: loading tensor blk.20.ffn_norm.weight
tensor blk.20.ffn_norm.weight (0 MiB f32) buffer type overridden to CUDA0
create_tensor: loading tensor blk.20.ffn_gate.weight
tensor blk.20.ffn_gate.weight (14 MiB q4_K) buffer type overridden to CUDA0
create_tensor: loading tensor blk.20.ffn_up.weight
tensor blk.20.ffn_up.weight (14 MiB q4_K) buffer type overridden to CUDA0
create_tensor: loading tensor blk.20.ffn_down.weight
tensor blk.20.ffn_down.weight (14 MiB q4_K) buffer type overridden to CUDA0
create_tensor: loading tensor blk.20.post_ffw_norm.weight
tensor blk.20.post_ffw_norm.weight (0 MiB f32) buffer type overridden to CUDA0
create_tensor: loading tensor blk.20.ffn_gate_inp.weight
create_tensor: loading tensor blk.20.inp_gate.weight
tensor blk.20.inp_gate.weight (2 MiB f32) buffer type overridden to CUDA0
create_tensor: loading tensor blk.20.proj.weight
tensor blk.20.proj.weight (2 MiB f32) buffer type overridden to CUDA0
create_tensor: loading tensor blk.20.post_norm.weight
tensor blk.20.post_norm.weight (0 MiB f32) buffer type overridden to CUDA0
create_tensor: loading tensor blk.21.attn_norm.weight
tensor blk.21.attn_norm.weight (0 MiB f32) buffer type overridden to CUDA0
create_tensor: loading tensor blk.21.attn_qkv.weight
create_tensor: loading tensor blk.21.attn_q.weight
tensor blk.21.attn_q.weight (2 MiB q4_K) buffer type overridden to CUDA0
create_tensor: loading tensor blk.21.attn_k.weight
tensor blk.21.attn_k.weight (0 MiB q4_K) buffer type overridden to CUDA0
create_tensor: loading tensor blk.21.attn_v.weight
tensor blk.21.attn_v.weight (0 MiB q4_K) buffer type overridden to CUDA0
create_tensor: loading tensor blk.21.attn_output.weight
tensor blk.21.attn_output.weight (2 MiB q4_K) buffer type overridden to CUDA0
create_tensor: loading tensor blk.21.attn_q_norm.weight
tensor blk.21.attn_q_norm.weight (0 MiB f32) buffer type overridden to CUDA0
create_tensor: loading tensor blk.21.attn_k_norm.weight
tensor blk.21.attn_k_norm.weight (0 MiB f32) buffer type overridden to CUDA0
create_tensor: loading tensor blk.21.post_attention_norm.weight
tensor blk.21.post_attention_norm.weight (0 MiB f32) buffer type overridden to CUDA0
create_tensor: loading tensor blk.21.layer_output_scale.weight
tensor blk.21.layer_output_scale.weight (0 MiB f32) buffer type overridden to CUDA0
create_tensor: loading tensor blk.21.ffn_norm.weight
tensor blk.21.ffn_norm.weight (0 MiB f32) buffer type overridden to CUDA0
create_tensor: loading tensor blk.21.ffn_gate.weight
tensor blk.21.ffn_gate.weight (14 MiB q4_K) buffer type overridden to CUDA0
create_tensor: loading tensor blk.21.ffn_up.weight
tensor blk.21.ffn_up.weight (14 MiB q4_K) buffer type overridden to CUDA0
create_tensor: loading tensor blk.21.ffn_down.weight
tensor blk.21.ffn_down.weight (14 MiB q4_K) buffer type overridden to CUDA0
create_tensor: loading tensor blk.21.post_ffw_norm.weight
tensor blk.21.post_ffw_norm.weight (0 MiB f32) buffer type overridden to CUDA0
create_tensor: loading tensor blk.21.ffn_gate_inp.weight
create_tensor: loading tensor blk.21.inp_gate.weight
tensor blk.21.inp_gate.weight (2 MiB f32) buffer type overridden to CUDA0
create_tensor: loading tensor blk.21.proj.weight
tensor blk.21.proj.weight (2 MiB f32) buffer type overridden to CUDA0
create_tensor: loading tensor blk.21.post_norm.weight
tensor blk.21.post_norm.weight (0 MiB f32) buffer type overridden to CUDA0
create_tensor: loading tensor blk.22.attn_norm.weight
tensor blk.22.attn_norm.weight (0 MiB f32) buffer type overridden to CUDA0
create_tensor: loading tensor blk.22.attn_qkv.weight
create_tensor: loading tensor blk.22.attn_q.weight
tensor blk.22.attn_q.weight (2 MiB q4_K) buffer type overridden to CUDA0
create_tensor: loading tensor blk.22.attn_k.weight
tensor blk.22.attn_k.weight (0 MiB q4_K) buffer type overridden to CUDA0
create_tensor: loading tensor blk.22.attn_v.weight
tensor blk.22.attn_v.weight (1 MiB q6_K) buffer type overridden to CUDA0
create_tensor: loading tensor blk.22.attn_output.weight
tensor blk.22.attn_output.weight (2 MiB q4_K) buffer type overridden to CUDA0
create_tensor: loading tensor blk.22.attn_q_norm.weight
tensor blk.22.attn_q_norm.weight (0 MiB f32) buffer type overridden to CUDA0
create_tensor: loading tensor blk.22.attn_k_norm.weight
tensor blk.22.attn_k_norm.weight (0 MiB f32) buffer type overridden to CUDA0
create_tensor: loading tensor blk.22.post_attention_norm.weight
tensor blk.22.post_attention_norm.weight (0 MiB f32) buffer type overridden to CUDA0
create_tensor: loading tensor blk.22.layer_output_scale.weight
tensor blk.22.layer_output_scale.weight (0 MiB f32) buffer type overridden to CUDA0
create_tensor: loading tensor blk.22.ffn_norm.weight
tensor blk.22.ffn_norm.weight (0 MiB f32) buffer type overridden to CUDA0
create_tensor: loading tensor blk.22.ffn_gate.weight
tensor blk.22.ffn_gate.weight (14 MiB q4_K) buffer type overridden to CUDA0
create_tensor: loading tensor blk.22.ffn_up.weight
tensor blk.22.ffn_up.weight (14 MiB q4_K) buffer type overridden to CUDA0
create_tensor: loading tensor blk.22.ffn_down.weight
tensor blk.22.ffn_down.weight (20 MiB q6_K) buffer type overridden to CUDA0
create_tensor: loading tensor blk.22.post_ffw_norm.weight
tensor blk.22.post_ffw_norm.weight (0 MiB f32) buffer type overridden to CUDA0
create_tensor: loading tensor blk.22.ffn_gate_inp.weight
create_tensor: loading tensor blk.22.inp_gate.weight
tensor blk.22.inp_gate.weight (2 MiB f32) buffer type overridden to CUDA0
create_tensor: loading tensor blk.22.proj.weight
tensor blk.22.proj.weight (2 MiB f32) buffer type overridden to CUDA0
create_tensor: loading tensor blk.22.post_norm.weight
tensor blk.22.post_norm.weight (0 MiB f32) buffer type overridden to CUDA0
create_tensor: loading tensor blk.23.attn_norm.weight
tensor blk.23.attn_norm.weight (0 MiB f32) buffer type overridden to CUDA0
create_tensor: loading tensor blk.23.attn_qkv.weight
create_tensor: loading tensor blk.23.attn_q.weight
tensor blk.23.attn_q.weight (5 MiB q4_K) buffer type overridden to CUDA0
create_tensor: loading tensor blk.23.attn_k.weight
tensor blk.23.attn_k.weight (1 MiB q4_K) buffer type overridden to CUDA0
create_tensor: loading tensor blk.23.attn_v.weight
tensor blk.23.attn_v.weight (1 MiB q4_K) buffer type overridden to CUDA0
create_tensor: loading tensor blk.23.attn_output.weight
tensor blk.23.attn_output.weight (5 MiB q4_K) buffer type overridden to CUDA0
create_tensor: loading tensor blk.23.attn_q_norm.weight
tensor blk.23.attn_q_norm.weight (0 MiB f32) buffer type overridden to CUDA0
create_tensor: loading tensor blk.23.attn_k_norm.weight
tensor blk.23.attn_k_norm.weight (0 MiB f32) buffer type overridden to CUDA0
create_tensor: loading tensor blk.23.post_attention_norm.weight
tensor blk.23.post_attention_norm.weight (0 MiB f32) buffer type overridden to CUDA0
create_tensor: loading tensor blk.23.layer_output_scale.weight
tensor blk.23.layer_output_scale.weight (0 MiB f32) buffer type overridden to CUDA0
create_tensor: loading tensor rope_freqs.weight
tensor rope_freqs.weight (0 MiB f32) buffer type overridden to CUDA0
create_tensor: loading tensor blk.23.ffn_norm.weight
tensor blk.23.ffn_norm.weight (0 MiB f32) buffer type overridden to CUDA0
create_tensor: loading tensor blk.23.ffn_gate.weight
tensor blk.23.ffn_gate.weight (14 MiB q4_K) buffer type overridden to CUDA0
create_tensor: loading tensor blk.23.ffn_up.weight
tensor blk.23.ffn_up.weight (14 MiB q4_K) buffer type overridden to CUDA0
create_tensor: loading tensor blk.23.ffn_down.weight
tensor blk.23.ffn_down.weight (14 MiB q4_K) buffer type overridden to CUDA0
create_tensor: loading tensor blk.23.post_ffw_norm.weight
tensor blk.23.post_ffw_norm.weight (0 MiB f32) buffer type overridden to CUDA0
create_tensor: loading tensor blk.23.ffn_gate_inp.weight
create_tensor: loading tensor blk.23.inp_gate.weight
tensor blk.23.inp_gate.weight (2 MiB f32) buffer type overridden to CUDA0
create_tensor: loading tensor blk.23.proj.weight
tensor blk.23.proj.weight (2 MiB f32) buffer type overridden to CUDA0
create_tensor: loading tensor blk.23.post_norm.weight
tensor blk.23.post_norm.weight (0 MiB f32) buffer type overridden to CUDA0
create_tensor: loading tensor blk.24.attn_norm.weight
tensor blk.24.attn_norm.weight (0 MiB f32) buffer type overridden to CUDA0
create_tensor: loading tensor blk.24.attn_qkv.weight
create_tensor: loading tensor blk.24.attn_q.weight
tensor blk.24.attn_q.weight (2 MiB q4_K) buffer type overridden to CUDA0
create_tensor: loading tensor blk.24.attn_k.weight
tensor blk.24.attn_k.weight (0 MiB q4_K) buffer type overridden to CUDA0
create_tensor: loading tensor blk.24.attn_v.weight
tensor blk.24.attn_v.weight (0 MiB q4_K) buffer type overridden to CUDA0
create_tensor: loading tensor blk.24.attn_output.weight
tensor blk.24.attn_output.weight (2 MiB q4_K) buffer type overridden to CUDA0
create_tensor: loading tensor blk.24.attn_q_norm.weight
tensor blk.24.attn_q_norm.weight (0 MiB f32) buffer type overridden to CUDA0
create_tensor: loading tensor blk.24.attn_k_norm.weight
tensor blk.24.attn_k_norm.weight (0 MiB f32) buffer type overridden to CUDA0
create_tensor: loading tensor blk.24.post_attention_norm.weight
tensor blk.24.post_attention_norm.weight (0 MiB f32) buffer type overridden to CUDA0
create_tensor: loading tensor blk.24.layer_output_scale.weight
tensor blk.24.layer_output_scale.weight (0 MiB f32) buffer type overridden to CUDA0
create_tensor: loading tensor blk.24.ffn_norm.weight
tensor blk.24.ffn_norm.weight (0 MiB f32) buffer type overridden to CUDA0
create_tensor: loading tensor blk.24.ffn_gate.weight
tensor blk.24.ffn_gate.weight (14 MiB q4_K) buffer type overridden to CUDA0
create_tensor: loading tensor blk.24.ffn_up.weight
tensor blk.24.ffn_up.weight (14 MiB q4_K) buffer type overridden to CUDA0
create_tensor: loading tensor blk.24.ffn_down.weight
tensor blk.24.ffn_down.weight (14 MiB q4_K) buffer type overridden to CUDA0
create_tensor: loading tensor blk.24.post_ffw_norm.weight
tensor blk.24.post_ffw_norm.weight (0 MiB f32) buffer type overridden to CUDA0
create_tensor: loading tensor blk.24.ffn_gate_inp.weight
create_tensor: loading tensor blk.24.inp_gate.weight
tensor blk.24.inp_gate.weight (2 MiB f32) buffer type overridden to CUDA0
create_tensor: loading tensor blk.24.proj.weight
tensor blk.24.proj.weight (2 MiB f32) buffer type overridden to CUDA0
create_tensor: loading tensor blk.24.post_norm.weight
tensor blk.24.post_norm.weight (0 MiB f32) buffer type overridden to CUDA0
create_tensor: loading tensor blk.25.attn_norm.weight
tensor blk.25.attn_norm.weight (0 MiB f32) buffer type overridden to CUDA0
create_tensor: loading tensor blk.25.attn_qkv.weight
create_tensor: loading tensor blk.25.attn_q.weight
tensor blk.25.attn_q.weight (2 MiB q4_K) buffer type overridden to CUDA0
create_tensor: loading tensor blk.25.attn_k.weight
tensor blk.25.attn_k.weight (0 MiB q4_K) buffer type overridden to CUDA0
create_tensor: loading tensor blk.25.attn_v.weight
tensor blk.25.attn_v.weight (1 MiB q6_K) buffer type overridden to CUDA0
create_tensor: loading tensor blk.25.attn_output.weight
tensor blk.25.attn_output.weight (2 MiB q4_K) buffer type overridden to CUDA0
create_tensor: loading tensor blk.25.attn_q_norm.weight
tensor blk.25.attn_q_norm.weight (0 MiB f32) buffer type overridden to CUDA0
create_tensor: loading tensor blk.25.attn_k_norm.weight
tensor blk.25.attn_k_norm.weight (0 MiB f32) buffer type overridden to CUDA0
create_tensor: loading tensor blk.25.post_attention_norm.weight
tensor blk.25.post_attention_norm.weight (0 MiB f32) buffer type overridden to CUDA0
create_tensor: loading tensor blk.25.layer_output_scale.weight
tensor blk.25.layer_output_scale.weight (0 MiB f32) buffer type overridden to CUDA0
create_tensor: loading tensor blk.25.ffn_norm.weight
tensor blk.25.ffn_norm.weight (0 MiB f32) buffer type overridden to CUDA0
create_tensor: loading tensor blk.25.ffn_gate.weight
tensor blk.25.ffn_gate.weight (14 MiB q4_K) buffer type overridden to CUDA0
create_tensor: loading tensor blk.25.ffn_up.weight
tensor blk.25.ffn_up.weight (14 MiB q4_K) buffer type overridden to CUDA0
create_tensor: loading tensor blk.25.ffn_down.weight
tensor blk.25.ffn_down.weight (20 MiB q6_K) buffer type overridden to CUDA0
create_tensor: loading tensor blk.25.post_ffw_norm.weight
tensor blk.25.post_ffw_norm.weight (0 MiB f32) buffer type overridden to CUDA0
create_tensor: loading tensor blk.25.ffn_gate_inp.weight
create_tensor: loading tensor blk.25.inp_gate.weight
tensor blk.25.inp_gate.weight (2 MiB f32) buffer type overridden to CUDA0
create_tensor: loading tensor blk.25.proj.weight
tensor blk.25.proj.weight (2 MiB f32) buffer type overridden to CUDA0
create_tensor: loading tensor blk.25.post_norm.weight
tensor blk.25.post_norm.weight (0 MiB f32) buffer type overridden to CUDA0
create_tensor: loading tensor blk.26.attn_norm.weight
tensor blk.26.attn_norm.weight (0 MiB f32) buffer type overridden to CUDA0
create_tensor: loading tensor blk.26.attn_qkv.weight
create_tensor: loading tensor blk.26.attn_q.weight
tensor blk.26.attn_q.weight (2 MiB q4_K) buffer type overridden to CUDA0
create_tensor: loading tensor blk.26.attn_k.weight
tensor blk.26.attn_k.weight (0 MiB q4_K) buffer type overridden to CUDA0
create_tensor: loading tensor blk.26.attn_v.weight
tensor blk.26.attn_v.weight (0 MiB q4_K) buffer type overridden to CUDA0
create_tensor: loading tensor blk.26.attn_output.weight
tensor blk.26.attn_output.weight (2 MiB q4_K) buffer type overridden to CUDA0
create_tensor: loading tensor blk.26.attn_q_norm.weight
tensor blk.26.attn_q_norm.weight (0 MiB f32) buffer type overridden to CUDA0
create_tensor: loading tensor blk.26.attn_k_norm.weight
tensor blk.26.attn_k_norm.weight (0 MiB f32) buffer type overridden to CUDA0
create_tensor: loading tensor blk.26.post_attention_norm.weight
tensor blk.26.post_attention_norm.weight (0 MiB f32) buffer type overridden to CUDA0
create_tensor: loading tensor blk.26.layer_output_scale.weight
tensor blk.26.layer_output_scale.weight (0 MiB f32) buffer type overridden to CUDA0
create_tensor: loading tensor blk.26.ffn_norm.weight
tensor blk.26.ffn_norm.weight (0 MiB f32) buffer type overridden to CUDA0
create_tensor: loading tensor blk.26.ffn_gate.weight
tensor blk.26.ffn_gate.weight (14 MiB q4_K) buffer type overridden to CUDA0
create_tensor: loading tensor blk.26.ffn_up.weight
tensor blk.26.ffn_up.weight (14 MiB q4_K) buffer type overridden to CUDA0
create_tensor: loading tensor blk.26.ffn_down.weight
tensor blk.26.ffn_down.weight (14 MiB q4_K) buffer type overridden to CUDA0
create_tensor: loading tensor blk.26.post_ffw_norm.weight
tensor blk.26.post_ffw_norm.weight (0 MiB f32) buffer type overridden to CUDA0
create_tensor: loading tensor blk.26.ffn_gate_inp.weight
create_tensor: loading tensor blk.26.inp_gate.weight
tensor blk.26.inp_gate.weight (2 MiB f32) buffer type overridden to CUDA0
create_tensor: loading tensor blk.26.proj.weight
tensor blk.26.proj.weight (2 MiB f32) buffer type overridden to CUDA0
create_tensor: loading tensor blk.26.post_norm.weight
tensor blk.26.post_norm.weight (0 MiB f32) buffer type overridden to CUDA0
create_tensor: loading tensor blk.27.attn_norm.weight
tensor blk.27.attn_norm.weight (0 MiB f32) buffer type overridden to CUDA0
create_tensor: loading tensor blk.27.attn_qkv.weight
create_tensor: loading tensor blk.27.attn_q.weight
tensor blk.27.attn_q.weight (2 MiB q4_K) buffer type overridden to CUDA0
create_tensor: loading tensor blk.27.attn_k.weight
tensor blk.27.attn_k.weight (0 MiB q4_K) buffer type overridden to CUDA0
create_tensor: loading tensor blk.27.attn_v.weight
tensor blk.27.attn_v.weight (0 MiB q4_K) buffer type overridden to CUDA0
create_tensor: loading tensor blk.27.attn_output.weight
tensor blk.27.attn_output.weight (2 MiB q4_K) buffer type overridden to CUDA0
create_tensor: loading tensor blk.27.attn_q_norm.weight
tensor blk.27.attn_q_norm.weight (0 MiB f32) buffer type overridden to CUDA0
create_tensor: loading tensor blk.27.attn_k_norm.weight
tensor blk.27.attn_k_norm.weight (0 MiB f32) buffer type overridden to CUDA0
create_tensor: loading tensor blk.27.post_attention_norm.weight
tensor blk.27.post_attention_norm.weight (0 MiB f32) buffer type overridden to CUDA0
create_tensor: loading tensor blk.27.layer_output_scale.weight
tensor blk.27.layer_output_scale.weight (0 MiB f32) buffer type overridden to CUDA0
create_tensor: loading tensor blk.27.ffn_norm.weight
tensor blk.27.ffn_norm.weight (0 MiB f32) buffer type overridden to CUDA0
create_tensor: loading tensor blk.27.ffn_gate.weight
tensor blk.27.ffn_gate.weight (14 MiB q4_K) buffer type overridden to CUDA0
create_tensor: loading tensor blk.27.ffn_up.weight
tensor blk.27.ffn_up.weight (14 MiB q4_K) buffer type overridden to CUDA0
create_tensor: loading tensor blk.27.ffn_down.weight
tensor blk.27.ffn_down.weight (14 MiB q4_K) buffer type overridden to CUDA0
create_tensor: loading tensor blk.27.post_ffw_norm.weight
tensor blk.27.post_ffw_norm.weight (0 MiB f32) buffer type overridden to CUDA0
create_tensor: loading tensor blk.27.ffn_gate_inp.weight
create_tensor: loading tensor blk.27.inp_gate.weight
tensor blk.27.inp_gate.weight (2 MiB f32) buffer type overridden to CUDA0
create_tensor: loading tensor blk.27.proj.weight
tensor blk.27.proj.weight (2 MiB f32) buffer type overridden to CUDA0
create_tensor: loading tensor blk.27.post_norm.weight
tensor blk.27.post_norm.weight (0 MiB f32) buffer type overridden to CUDA0
create_tensor: loading tensor blk.28.attn_norm.weight
tensor blk.28.attn_norm.weight (0 MiB f32) buffer type overridden to CUDA0
create_tensor: loading tensor blk.28.attn_qkv.weight
create_tensor: loading tensor blk.28.attn_q.weight
tensor blk.28.attn_q.weight (2 MiB q4_K) buffer type overridden to CUDA0
create_tensor: loading tensor blk.28.attn_k.weight
tensor blk.28.attn_k.weight (0 MiB q4_K) buffer type overridden to CUDA0
create_tensor: loading tensor blk.28.attn_v.weight
tensor blk.28.attn_v.weight (1 MiB q6_K) buffer type overridden to CUDA0
create_tensor: loading tensor blk.28.attn_output.weight
tensor blk.28.attn_output.weight (2 MiB q4_K) buffer type overridden to CUDA0
create_tensor: loading tensor blk.28.attn_q_norm.weight
tensor blk.28.attn_q_norm.weight (0 MiB f32) buffer type overridden to CUDA0
create_tensor: loading tensor blk.28.attn_k_norm.weight
tensor blk.28.attn_k_norm.weight (0 MiB f32) buffer type overridden to CUDA0
create_tensor: loading tensor blk.28.post_attention_norm.weight
tensor blk.28.post_attention_norm.weight (0 MiB f32) buffer type overridden to CUDA0
create_tensor: loading tensor blk.28.layer_output_scale.weight
tensor blk.28.layer_output_scale.weight (0 MiB f32) buffer type overridden to CUDA0
create_tensor: loading tensor blk.28.ffn_norm.weight
tensor blk.28.ffn_norm.weight (0 MiB f32) buffer type overridden to CUDA0
create_tensor: loading tensor blk.28.ffn_gate.weight
tensor blk.28.ffn_gate.weight (14 MiB q4_K) buffer type overridden to CUDA0
create_tensor: loading tensor blk.28.ffn_up.weight
tensor blk.28.ffn_up.weight (14 MiB q4_K) buffer type overridden to CUDA0
create_tensor: loading tensor blk.28.ffn_down.weight
tensor blk.28.ffn_down.weight (20 MiB q6_K) buffer type overridden to CUDA0
create_tensor: loading tensor blk.28.post_ffw_norm.weight
tensor blk.28.post_ffw_norm.weight (0 MiB f32) buffer type overridden to CUDA0
create_tensor: loading tensor blk.28.ffn_gate_inp.weight
create_tensor: loading tensor blk.28.inp_gate.weight
tensor blk.28.inp_gate.weight (2 MiB f32) buffer type overridden to CUDA0
create_tensor: loading tensor blk.28.proj.weight
tensor blk.28.proj.weight (2 MiB f32) buffer type overridden to CUDA0
create_tensor: loading tensor blk.28.post_norm.weight
tensor blk.28.post_norm.weight (0 MiB f32) buffer type overridden to CUDA0
create_tensor: loading tensor blk.29.attn_norm.weight
tensor blk.29.attn_norm.weight (0 MiB f32) buffer type overridden to CUDA0
create_tensor: loading tensor blk.29.attn_qkv.weight
create_tensor: loading tensor blk.29.attn_q.weight
tensor blk.29.attn_q.weight (5 MiB q4_K) buffer type overridden to CUDA0
create_tensor: loading tensor blk.29.attn_k.weight
tensor blk.29.attn_k.weight (1 MiB q4_K) buffer type overridden to CUDA0
create_tensor: loading tensor blk.29.attn_v.weight
tensor blk.29.attn_v.weight (1 MiB q4_K) buffer type overridden to CUDA0
create_tensor: loading tensor blk.29.attn_output.weight
tensor blk.29.attn_output.weight (5 MiB q4_K) buffer type overridden to CUDA0
create_tensor: loading tensor blk.29.attn_q_norm.weight
tensor blk.29.attn_q_norm.weight (0 MiB f32) buffer type overridden to CUDA0
create_tensor: loading tensor blk.29.attn_k_norm.weight
tensor blk.29.attn_k_norm.weight (0 MiB f32) buffer type overridden to CUDA0
create_tensor: loading tensor blk.29.post_attention_norm.weight
tensor blk.29.post_attention_norm.weight (0 MiB f32) buffer type overridden to CUDA0
create_tensor: loading tensor blk.29.layer_output_scale.weight
tensor blk.29.layer_output_scale.weight (0 MiB f32) buffer type overridden to CUDA0
create_tensor: loading tensor rope_freqs.weight
tensor rope_freqs.weight (0 MiB f32) buffer type overridden to CUDA0
create_tensor: loading tensor blk.29.ffn_norm.weight
tensor blk.29.ffn_norm.weight (0 MiB f32) buffer type overridden to CUDA0
create_tensor: loading tensor blk.29.ffn_gate.weight
tensor blk.29.ffn_gate.weight (14 MiB q4_K) buffer type overridden to CUDA0
create_tensor: loading tensor blk.29.ffn_up.weight
tensor blk.29.ffn_up.weight (14 MiB q4_K) buffer type overridden to CUDA0
create_tensor: loading tensor blk.29.ffn_down.weight
tensor blk.29.ffn_down.weight (14 MiB q4_K) buffer type overridden to CUDA0
create_tensor: loading tensor blk.29.post_ffw_norm.weight
tensor blk.29.post_ffw_norm.weight (0 MiB f32) buffer type overridden to CUDA0
create_tensor: loading tensor blk.29.ffn_gate_inp.weight
create_tensor: loading tensor blk.29.inp_gate.weight
tensor blk.29.inp_gate.weight (2 MiB f32) buffer type overridden to CUDA0
create_tensor: loading tensor blk.29.proj.weight
tensor blk.29.proj.weight (2 MiB f32) buffer type overridden to CUDA0
create_tensor: loading tensor blk.29.post_norm.weight
tensor blk.29.post_norm.weight (0 MiB f32) buffer type overridden to CUDA0
create_tensor: loading tensor blk.30.attn_norm.weight
tensor blk.30.attn_norm.weight (0 MiB f32) buffer type overridden to CUDA0
create_tensor: loading tensor blk.30.attn_qkv.weight
create_tensor: loading tensor blk.30.attn_q.weight
tensor blk.30.attn_q.weight (2 MiB q4_K) buffer type overridden to CUDA0
create_tensor: loading tensor blk.30.attn_k.weight
tensor blk.30.attn_k.weight (0 MiB q4_K) buffer type overridden to CUDA0
create_tensor: loading tensor blk.30.attn_v.weight
tensor blk.30.attn_v.weight (0 MiB q4_K) buffer type overridden to CUDA0
create_tensor: loading tensor blk.30.attn_output.weight
tensor blk.30.attn_output.weight (2 MiB q4_K) buffer type overridden to CUDA0
create_tensor: loading tensor blk.30.attn_q_norm.weight
tensor blk.30.attn_q_norm.weight (0 MiB f32) buffer type overridden to CUDA0
create_tensor: loading tensor blk.30.attn_k_norm.weight
tensor blk.30.attn_k_norm.weight (0 MiB f32) buffer type overridden to CUDA0
create_tensor: loading tensor blk.30.post_attention_norm.weight
tensor blk.30.post_attention_norm.weight (0 MiB f32) buffer type overridden to CUDA0
create_tensor: loading tensor blk.30.layer_output_scale.weight
tensor blk.30.layer_output_scale.weight (0 MiB f32) buffer type overridden to CUDA0
create_tensor: loading tensor blk.30.ffn_norm.weight
tensor blk.30.ffn_norm.weight (0 MiB f32) buffer type overridden to CUDA0
create_tensor: loading tensor blk.30.ffn_gate.weight
tensor blk.30.ffn_gate.weight (14 MiB q4_K) buffer type overridden to CUDA0
create_tensor: loading tensor blk.30.ffn_up.weight
tensor blk.30.ffn_up.weight (14 MiB q4_K) buffer type overridden to CUDA0
create_tensor: loading tensor blk.30.ffn_down.weight
tensor blk.30.ffn_down.weight (14 MiB q4_K) buffer type overridden to CUDA0
create_tensor: loading tensor blk.30.post_ffw_norm.weight
tensor blk.30.post_ffw_norm.weight (0 MiB f32) buffer type overridden to CUDA0
create_tensor: loading tensor blk.30.ffn_gate_inp.weight
create_tensor: loading tensor blk.30.inp_gate.weight
tensor blk.30.inp_gate.weight (2 MiB f32) buffer type overridden to CUDA0
create_tensor: loading tensor blk.30.proj.weight
tensor blk.30.proj.weight (2 MiB f32) buffer type overridden to CUDA0
create_tensor: loading tensor blk.30.post_norm.weight
tensor blk.30.post_norm.weight (0 MiB f32) buffer type overridden to CUDA0
create_tensor: loading tensor blk.31.attn_norm.weight
tensor blk.31.attn_norm.weight (0 MiB f32) buffer type overridden to CUDA0
create_tensor: loading tensor blk.31.attn_qkv.weight
create_tensor: loading tensor blk.31.attn_q.weight
tensor blk.31.attn_q.weight (2 MiB q4_K) buffer type overridden to CUDA0
create_tensor: loading tensor blk.31.attn_k.weight
tensor blk.31.attn_k.weight (0 MiB q4_K) buffer type overridden to CUDA0
create_tensor: loading tensor blk.31.attn_v.weight
tensor blk.31.attn_v.weight (1 MiB q6_K) buffer type overridden to CUDA0
create_tensor: loading tensor blk.31.attn_output.weight
tensor blk.31.attn_output.weight (2 MiB q4_K) buffer type overridden to CUDA0
create_tensor: loading tensor blk.31.attn_q_norm.weight
tensor blk.31.attn_q_norm.weight (0 MiB f32) buffer type overridden to CUDA0
create_tensor: loading tensor blk.31.attn_k_norm.weight
tensor blk.31.attn_k_norm.weight (0 MiB f32) buffer type overridden to CUDA0
create_tensor: loading tensor blk.31.post_attention_norm.weight
tensor blk.31.post_attention_norm.weight (0 MiB f32) buffer type overridden to CUDA0
create_tensor: loading tensor blk.31.layer_output_scale.weight
tensor blk.31.layer_output_scale.weight (0 MiB f32) buffer type overridden to CUDA0
create_tensor: loading tensor blk.31.ffn_norm.weight
tensor blk.31.ffn_norm.weight (0 MiB f32) buffer type overridden to CUDA0
create_tensor: loading tensor blk.31.ffn_gate.weight
tensor blk.31.ffn_gate.weight (14 MiB q4_K) buffer type overridden to CUDA0
create_tensor: loading tensor blk.31.ffn_up.weight
tensor blk.31.ffn_up.weight (14 MiB q4_K) buffer type overridden to CUDA0
create_tensor: loading tensor blk.31.ffn_down.weight
tensor blk.31.ffn_down.weight (20 MiB q6_K) buffer type overridden to CUDA0
create_tensor: loading tensor blk.31.post_ffw_norm.weight
tensor blk.31.post_ffw_norm.weight (0 MiB f32) buffer type overridden to CUDA0
create_tensor: loading tensor blk.31.ffn_gate_inp.weight
create_tensor: loading tensor blk.31.inp_gate.weight
tensor blk.31.inp_gate.weight (2 MiB f32) buffer type overridden to CUDA0
create_tensor: loading tensor blk.31.proj.weight
tensor blk.31.proj.weight (2 MiB f32) buffer type overridden to CUDA0
create_tensor: loading tensor blk.31.post_norm.weight
tensor blk.31.post_norm.weight (0 MiB f32) buffer type overridden to CUDA0
create_tensor: loading tensor blk.32.attn_norm.weight
tensor blk.32.attn_norm.weight (0 MiB f32) buffer type overridden to CUDA0
create_tensor: loading tensor blk.32.attn_qkv.weight
create_tensor: loading tensor blk.32.attn_q.weight
tensor blk.32.attn_q.weight (2 MiB q4_K) buffer type overridden to CUDA0
create_tensor: loading tensor blk.32.attn_k.weight
tensor blk.32.attn_k.weight (0 MiB q4_K) buffer type overridden to CUDA0
create_tensor: loading tensor blk.32.attn_v.weight
tensor blk.32.attn_v.weight (0 MiB q4_K) buffer type overridden to CUDA0
create_tensor: loading tensor blk.32.attn_output.weight
tensor blk.32.attn_output.weight (2 MiB q4_K) buffer type overridden to CUDA0
create_tensor: loading tensor blk.32.attn_q_norm.weight
tensor blk.32.attn_q_norm.weight (0 MiB f32) buffer type overridden to CUDA0
create_tensor: loading tensor blk.32.attn_k_norm.weight
tensor blk.32.attn_k_norm.weight (0 MiB f32) buffer type overridden to CUDA0
create_tensor: loading tensor blk.32.post_attention_norm.weight
tensor blk.32.post_attention_norm.weight (0 MiB f32) buffer type overridden to CUDA0
create_tensor: loading tensor blk.32.layer_output_scale.weight
tensor blk.32.layer_output_scale.weight (0 MiB f32) buffer type overridden to CUDA0
create_tensor: loading tensor blk.32.ffn_norm.weight
tensor blk.32.ffn_norm.weight (0 MiB f32) buffer type overridden to CUDA0
create_tensor: loading tensor blk.32.ffn_gate.weight
tensor blk.32.ffn_gate.weight (14 MiB q4_K) buffer type overridden to CUDA0
create_tensor: loading tensor blk.32.ffn_up.weight
tensor blk.32.ffn_up.weight (14 MiB q4_K) buffer type overridden to CUDA0
create_tensor: loading tensor blk.32.ffn_down.weight
tensor blk.32.ffn_down.weight (14 MiB q4_K) buffer type overridden to CUDA0
create_tensor: loading tensor blk.32.post_ffw_norm.weight
tensor blk.32.post_ffw_norm.weight (0 MiB f32) buffer type overridden to CUDA0
create_tensor: loading tensor blk.32.ffn_gate_inp.weight
create_tensor: loading tensor blk.32.inp_gate.weight
tensor blk.32.inp_gate.weight (2 MiB f32) buffer type overridden to CUDA0
create_tensor: loading tensor blk.32.proj.weight
tensor blk.32.proj.weight (2 MiB f32) buffer type overridden to CUDA0
create_tensor: loading tensor blk.32.post_norm.weight
tensor blk.32.post_norm.weight (0 MiB f32) buffer type overridden to CUDA0
create_tensor: loading tensor blk.33.attn_norm.weight
tensor blk.33.attn_norm.weight (0 MiB f32) buffer type overridden to CUDA0
create_tensor: loading tensor blk.33.attn_qkv.weight
create_tensor: loading tensor blk.33.attn_q.weight
tensor blk.33.attn_q.weight (2 MiB q4_K) buffer type overridden to CUDA0
create_tensor: loading tensor blk.33.attn_k.weight
tensor blk.33.attn_k.weight (0 MiB q4_K) buffer type overridden to CUDA0
create_tensor: loading tensor blk.33.attn_v.weight
tensor blk.33.attn_v.weight (0 MiB q4_K) buffer type overridden to CUDA0
create_tensor: loading tensor blk.33.attn_output.weight
tensor blk.33.attn_output.weight (2 MiB q4_K) buffer type overridden to CUDA0
create_tensor: loading tensor blk.33.attn_q_norm.weight
tensor blk.33.attn_q_norm.weight (0 MiB f32) buffer type overridden to CUDA0
create_tensor: loading tensor blk.33.attn_k_norm.weight
tensor blk.33.attn_k_norm.weight (0 MiB f32) buffer type overridden to CUDA0
create_tensor: loading tensor blk.33.post_attention_norm.weight
tensor blk.33.post_attention_norm.weight (0 MiB f32) buffer type overridden to CUDA0
create_tensor: loading tensor blk.33.layer_output_scale.weight
tensor blk.33.layer_output_scale.weight (0 MiB f32) buffer type overridden to CUDA0
create_tensor: loading tensor blk.33.ffn_norm.weight
tensor blk.33.ffn_norm.weight (0 MiB f32) buffer type overridden to CUDA0
create_tensor: loading tensor blk.33.ffn_gate.weight
tensor blk.33.ffn_gate.weight (14 MiB q4_K) buffer type overridden to CUDA0
create_tensor: loading tensor blk.33.ffn_up.weight
tensor blk.33.ffn_up.weight (14 MiB q4_K) buffer type overridden to CUDA0
create_tensor: loading tensor blk.33.ffn_down.weight
tensor blk.33.ffn_down.weight (14 MiB q4_K) buffer type overridden to CUDA0
create_tensor: loading tensor blk.33.post_ffw_norm.weight
tensor blk.33.post_ffw_norm.weight (0 MiB f32) buffer type overridden to CUDA0
create_tensor: loading tensor blk.33.ffn_gate_inp.weight
create_tensor: loading tensor blk.33.inp_gate.weight
tensor blk.33.inp_gate.weight (2 MiB f32) buffer type overridden to CUDA0
create_tensor: loading tensor blk.33.proj.weight
tensor blk.33.proj.weight (2 MiB f32) buffer type overridden to CUDA0
create_tensor: loading tensor blk.33.post_norm.weight
tensor blk.33.post_norm.weight (0 MiB f32) buffer type overridden to CUDA0
create_tensor: loading tensor blk.34.attn_norm.weight
tensor blk.34.attn_norm.weight (0 MiB f32) buffer type overridden to CUDA0
create_tensor: loading tensor blk.34.attn_qkv.weight
create_tensor: loading tensor blk.34.attn_q.weight
tensor blk.34.attn_q.weight (2 MiB q4_K) buffer type overridden to CUDA0
create_tensor: loading tensor blk.34.attn_k.weight
tensor blk.34.attn_k.weight (0 MiB q4_K) buffer type overridden to CUDA0
create_tensor: loading tensor blk.34.attn_v.weight
tensor blk.34.attn_v.weight (1 MiB q6_K) buffer type overridden to CUDA0
create_tensor: loading tensor blk.34.attn_output.weight
tensor blk.34.attn_output.weight (2 MiB q4_K) buffer type overridden to CUDA0
create_tensor: loading tensor blk.34.attn_q_norm.weight
tensor blk.34.attn_q_norm.weight (0 MiB f32) buffer type overridden to CUDA0
create_tensor: loading tensor blk.34.attn_k_norm.weight
tensor blk.34.attn_k_norm.weight (0 MiB f32) buffer type overridden to CUDA0
create_tensor: loading tensor blk.34.post_attention_norm.weight
tensor blk.34.post_attention_norm.weight (0 MiB f32) buffer type overridden to CUDA0
create_tensor: loading tensor blk.34.layer_output_scale.weight
tensor blk.34.layer_output_scale.weight (0 MiB f32) buffer type overridden to CUDA0
create_tensor: loading tensor blk.34.ffn_norm.weight
tensor blk.34.ffn_norm.weight (0 MiB f32) buffer type overridden to CUDA0
create_tensor: loading tensor blk.34.ffn_gate.weight
tensor blk.34.ffn_gate.weight (14 MiB q4_K) buffer type overridden to CUDA0
create_tensor: loading tensor blk.34.ffn_up.weight
tensor blk.34.ffn_up.weight (14 MiB q4_K) buffer type overridden to CUDA0
create_tensor: loading tensor blk.34.ffn_down.weight
tensor blk.34.ffn_down.weight (20 MiB q6_K) buffer type overridden to CUDA0
create_tensor: loading tensor blk.34.post_ffw_norm.weight
tensor blk.34.post_ffw_norm.weight (0 MiB f32) buffer type overridden to CUDA0
create_tensor: loading tensor blk.34.ffn_gate_inp.weight
create_tensor: loading tensor blk.34.inp_gate.weight
tensor blk.34.inp_gate.weight (2 MiB f32) buffer type overridden to CUDA0
create_tensor: loading tensor blk.34.proj.weight
tensor blk.34.proj.weight (2 MiB f32) buffer type overridden to CUDA0
create_tensor: loading tensor blk.34.post_norm.weight
tensor blk.34.post_norm.weight (0 MiB f32) buffer type overridden to CUDA0
create_tensor: loading tensor blk.35.attn_norm.weight
tensor blk.35.attn_norm.weight (0 MiB f32) buffer type overridden to CUDA0
create_tensor: loading tensor blk.35.attn_qkv.weight
create_tensor: loading tensor blk.35.attn_q.weight
tensor blk.35.attn_q.weight (5 MiB q4_K) buffer type overridden to CUDA0
create_tensor: loading tensor blk.35.attn_k.weight
tensor blk.35.attn_k.weight (1 MiB q4_K) buffer type overridden to CUDA0
create_tensor: loading tensor blk.35.attn_v.weight
tensor blk.35.attn_v.weight (1 MiB q4_K) buffer type overridden to CUDA0
create_tensor: loading tensor blk.35.attn_output.weight
tensor blk.35.attn_output.weight (5 MiB q4_K) buffer type overridden to CUDA0
create_tensor: loading tensor blk.35.attn_q_norm.weight
tensor blk.35.attn_q_norm.weight (0 MiB f32) buffer type overridden to CUDA0
create_tensor: loading tensor blk.35.attn_k_norm.weight
tensor blk.35.attn_k_norm.weight (0 MiB f32) buffer type overridden to CUDA0
create_tensor: loading tensor blk.35.post_attention_norm.weight
tensor blk.35.post_attention_norm.weight (0 MiB f32) buffer type overridden to CUDA0
create_tensor: loading tensor blk.35.layer_output_scale.weight
tensor blk.35.layer_output_scale.weight (0 MiB f32) buffer type overridden to CUDA0
create_tensor: loading tensor rope_freqs.weight
tensor rope_freqs.weight (0 MiB f32) buffer type overridden to CUDA0
create_tensor: loading tensor blk.35.ffn_norm.weight
tensor blk.35.ffn_norm.weight (0 MiB f32) buffer type overridden to CUDA0
create_tensor: loading tensor blk.35.ffn_gate.weight
tensor blk.35.ffn_gate.weight (14 MiB q4_K) buffer type overridden to CUDA0
create_tensor: loading tensor blk.35.ffn_up.weight
tensor blk.35.ffn_up.weight (14 MiB q4_K) buffer type overridden to CUDA0
create_tensor: loading tensor blk.35.ffn_down.weight
tensor blk.35.ffn_down.weight (14 MiB q4_K) buffer type overridden to CUDA0
create_tensor: loading tensor blk.35.post_ffw_norm.weight
tensor blk.35.post_ffw_norm.weight (0 MiB f32) buffer type overridden to CUDA0
create_tensor: loading tensor blk.35.ffn_gate_inp.weight
create_tensor: loading tensor blk.35.inp_gate.weight
tensor blk.35.inp_gate.weight (2 MiB f32) buffer type overridden to CUDA0
create_tensor: loading tensor blk.35.proj.weight
tensor blk.35.proj.weight (2 MiB f32) buffer type overridden to CUDA0
create_tensor: loading tensor blk.35.post_norm.weight
tensor blk.35.post_norm.weight (0 MiB f32) buffer type overridden to CUDA0
create_tensor: loading tensor blk.36.attn_norm.weight
tensor blk.36.attn_norm.weight (0 MiB f32) buffer type overridden to CUDA0
create_tensor: loading tensor blk.36.attn_qkv.weight
create_tensor: loading tensor blk.36.attn_q.weight
tensor blk.36.attn_q.weight (2 MiB q4_K) buffer type overridden to CUDA0
create_tensor: loading tensor blk.36.attn_k.weight
tensor blk.36.attn_k.weight (0 MiB q4_K) buffer type overridden to CUDA0
create_tensor: loading tensor blk.36.attn_v.weight
tensor blk.36.attn_v.weight (1 MiB q6_K) buffer type overridden to CUDA0
create_tensor: loading tensor blk.36.attn_output.weight
tensor blk.36.attn_output.weight (2 MiB q4_K) buffer type overridden to CUDA0
create_tensor: loading tensor blk.36.attn_q_norm.weight
tensor blk.36.attn_q_norm.weight (0 MiB f32) buffer type overridden to CUDA0
create_tensor: loading tensor blk.36.attn_k_norm.weight
tensor blk.36.attn_k_norm.weight (0 MiB f32) buffer type overridden to CUDA0
create_tensor: loading tensor blk.36.post_attention_norm.weight
tensor blk.36.post_attention_norm.weight (0 MiB f32) buffer type overridden to CUDA0
create_tensor: loading tensor blk.36.layer_output_scale.weight
tensor blk.36.layer_output_scale.weight (0 MiB f32) buffer type overridden to CUDA0
create_tensor: loading tensor blk.36.ffn_norm.weight
tensor blk.36.ffn_norm.weight (0 MiB f32) buffer type overridden to CUDA0
create_tensor: loading tensor blk.36.ffn_gate.weight
tensor blk.36.ffn_gate.weight (14 MiB q4_K) buffer type overridden to CUDA0
create_tensor: loading tensor blk.36.ffn_up.weight
tensor blk.36.ffn_up.weight (14 MiB q4_K) buffer type overridden to CUDA0
create_tensor: loading tensor blk.36.ffn_down.weight
tensor blk.36.ffn_down.weight (20 MiB q6_K) buffer type overridden to CUDA0
create_tensor: loading tensor blk.36.post_ffw_norm.weight
tensor blk.36.post_ffw_norm.weight (0 MiB f32) buffer type overridden to CUDA0
create_tensor: loading tensor blk.36.ffn_gate_inp.weight
create_tensor: loading tensor blk.36.inp_gate.weight
tensor blk.36.inp_gate.weight (2 MiB f32) buffer type overridden to CUDA0
create_tensor: loading tensor blk.36.proj.weight
tensor blk.36.proj.weight (2 MiB f32) buffer type overridden to CUDA0
create_tensor: loading tensor blk.36.post_norm.weight
tensor blk.36.post_norm.weight (0 MiB f32) buffer type overridden to CUDA0
create_tensor: loading tensor blk.37.attn_norm.weight
tensor blk.37.attn_norm.weight (0 MiB f32) buffer type overridden to CUDA0
create_tensor: loading tensor blk.37.attn_qkv.weight
create_tensor: loading tensor blk.37.attn_q.weight
tensor blk.37.attn_q.weight (2 MiB q4_K) buffer type overridden to CUDA0
create_tensor: loading tensor blk.37.attn_k.weight
tensor blk.37.attn_k.weight (0 MiB q4_K) buffer type overridden to CUDA0
create_tensor: loading tensor blk.37.attn_v.weight
tensor blk.37.attn_v.weight (1 MiB q6_K) buffer type overridden to CUDA0
create_tensor: loading tensor blk.37.attn_output.weight
tensor blk.37.attn_output.weight (2 MiB q4_K) buffer type overridden to CUDA0
create_tensor: loading tensor blk.37.attn_q_norm.weight
tensor blk.37.attn_q_norm.weight (0 MiB f32) buffer type overridden to CUDA0
create_tensor: loading tensor blk.37.attn_k_norm.weight
tensor blk.37.attn_k_norm.weight (0 MiB f32) buffer type overridden to CUDA0
create_tensor: loading tensor blk.37.post_attention_norm.weight
tensor blk.37.post_attention_norm.weight (0 MiB f32) buffer type overridden to CUDA0
create_tensor: loading tensor blk.37.layer_output_scale.weight
tensor blk.37.layer_output_scale.weight (0 MiB f32) buffer type overridden to CUDA0
create_tensor: loading tensor blk.37.ffn_norm.weight
tensor blk.37.ffn_norm.weight (0 MiB f32) buffer type overridden to CUDA0
create_tensor: loading tensor blk.37.ffn_gate.weight
tensor blk.37.ffn_gate.weight (14 MiB q4_K) buffer type overridden to CUDA0
create_tensor: loading tensor blk.37.ffn_up.weight
tensor blk.37.ffn_up.weight (14 MiB q4_K) buffer type overridden to CUDA0
create_tensor: loading tensor blk.37.ffn_down.weight
tensor blk.37.ffn_down.weight (20 MiB q6_K) buffer type overridden to CUDA0
create_tensor: loading tensor blk.37.post_ffw_norm.weight
tensor blk.37.post_ffw_norm.weight (0 MiB f32) buffer type overridden to CUDA0
create_tensor: loading tensor blk.37.ffn_gate_inp.weight
create_tensor: loading tensor blk.37.inp_gate.weight
tensor blk.37.inp_gate.weight (2 MiB f32) buffer type overridden to CUDA0
create_tensor: loading tensor blk.37.proj.weight
tensor blk.37.proj.weight (2 MiB f32) buffer type overridden to CUDA0
create_tensor: loading tensor blk.37.post_norm.weight
tensor blk.37.post_norm.weight (0 MiB f32) buffer type overridden to CUDA0
create_tensor: loading tensor blk.38.attn_norm.weight
tensor blk.38.attn_norm.weight (0 MiB f32) buffer type overridden to CUDA0
create_tensor: loading tensor blk.38.attn_qkv.weight
create_tensor: loading tensor blk.38.attn_q.weight
tensor blk.38.attn_q.weight (2 MiB q4_K) buffer type overridden to CUDA0
create_tensor: loading tensor blk.38.attn_k.weight
tensor blk.38.attn_k.weight (0 MiB q4_K) buffer type overridden to CUDA0
create_tensor: loading tensor blk.38.attn_v.weight
tensor blk.38.attn_v.weight (1 MiB q6_K) buffer type overridden to CUDA0
create_tensor: loading tensor blk.38.attn_output.weight
tensor blk.38.attn_output.weight (2 MiB q4_K) buffer type overridden to CUDA0
create_tensor: loading tensor blk.38.attn_q_norm.weight
tensor blk.38.attn_q_norm.weight (0 MiB f32) buffer type overridden to CUDA0
create_tensor: loading tensor blk.38.attn_k_norm.weight
tensor blk.38.attn_k_norm.weight (0 MiB f32) buffer type overridden to CUDA0
create_tensor: loading tensor blk.38.post_attention_norm.weight
tensor blk.38.post_attention_norm.weight (0 MiB f32) buffer type overridden to CUDA0
create_tensor: loading tensor blk.38.layer_output_scale.weight
tensor blk.38.layer_output_scale.weight (0 MiB f32) buffer type overridden to CUDA0
create_tensor: loading tensor blk.38.ffn_norm.weight
tensor blk.38.ffn_norm.weight (0 MiB f32) buffer type overridden to CUDA0
create_tensor: loading tensor blk.38.ffn_gate.weight
tensor blk.38.ffn_gate.weight (14 MiB q4_K) buffer type overridden to CUDA0
create_tensor: loading tensor blk.38.ffn_up.weight
tensor blk.38.ffn_up.weight (14 MiB q4_K) buffer type overridden to CUDA0
create_tensor: loading tensor blk.38.ffn_down.weight
tensor blk.38.ffn_down.weight (20 MiB q6_K) buffer type overridden to CUDA0
create_tensor: loading tensor blk.38.post_ffw_norm.weight
tensor blk.38.post_ffw_norm.weight (0 MiB f32) buffer type overridden to CUDA0
create_tensor: loading tensor blk.38.ffn_gate_inp.weight
create_tensor: loading tensor blk.38.inp_gate.weight
tensor blk.38.inp_gate.weight (2 MiB f32) buffer type overridden to CUDA0
create_tensor: loading tensor blk.38.proj.weight
tensor blk.38.proj.weight (2 MiB f32) buffer type overridden to CUDA0
create_tensor: loading tensor blk.38.post_norm.weight
tensor blk.38.post_norm.weight (0 MiB f32) buffer type overridden to CUDA0
create_tensor: loading tensor blk.39.attn_norm.weight
tensor blk.39.attn_norm.weight (0 MiB f32) buffer type overridden to CUDA0
create_tensor: loading tensor blk.39.attn_qkv.weight
create_tensor: loading tensor blk.39.attn_q.weight
tensor blk.39.attn_q.weight (2 MiB q4_K) buffer type overridden to CUDA0
create_tensor: loading tensor blk.39.attn_k.weight
tensor blk.39.attn_k.weight (0 MiB q4_K) buffer type overridden to CUDA0
create_tensor: loading tensor blk.39.attn_v.weight
tensor blk.39.attn_v.weight (1 MiB q6_K) buffer type overridden to CUDA0
create_tensor: loading tensor blk.39.attn_output.weight
tensor blk.39.attn_output.weight (2 MiB q4_K) buffer type overridden to CUDA0
create_tensor: loading tensor blk.39.attn_q_norm.weight
tensor blk.39.attn_q_norm.weight (0 MiB f32) buffer type overridden to CUDA0
create_tensor: loading tensor blk.39.attn_k_norm.weight
tensor blk.39.attn_k_norm.weight (0 MiB f32) buffer type overridden to CUDA0
create_tensor: loading tensor blk.39.post_attention_norm.weight
tensor blk.39.post_attention_norm.weight (0 MiB f32) buffer type overridden to CUDA0
create_tensor: loading tensor blk.39.layer_output_scale.weight
tensor blk.39.layer_output_scale.weight (0 MiB f32) buffer type overridden to CUDA0
create_tensor: loading tensor blk.39.ffn_norm.weight
tensor blk.39.ffn_norm.weight (0 MiB f32) buffer type overridden to CUDA0
create_tensor: loading tensor blk.39.ffn_gate.weight
tensor blk.39.ffn_gate.weight (14 MiB q4_K) buffer type overridden to CUDA0
create_tensor: loading tensor blk.39.ffn_up.weight
tensor blk.39.ffn_up.weight (14 MiB q4_K) buffer type overridden to CUDA0
create_tensor: loading tensor blk.39.ffn_down.weight
tensor blk.39.ffn_down.weight (20 MiB q6_K) buffer type overridden to CUDA0
create_tensor: loading tensor blk.39.post_ffw_norm.weight
tensor blk.39.post_ffw_norm.weight (0 MiB f32) buffer type overridden to CUDA0
create_tensor: loading tensor blk.39.ffn_gate_inp.weight
create_tensor: loading tensor blk.39.inp_gate.weight
tensor blk.39.inp_gate.weight (2 MiB f32) buffer type overridden to CUDA0
create_tensor: loading tensor blk.39.proj.weight
tensor blk.39.proj.weight (2 MiB f32) buffer type overridden to CUDA0
create_tensor: loading tensor blk.39.post_norm.weight
tensor blk.39.post_norm.weight (0 MiB f32) buffer type overridden to CUDA0
create_tensor: loading tensor blk.40.attn_norm.weight
tensor blk.40.attn_norm.weight (0 MiB f32) buffer type overridden to CUDA0
create_tensor: loading tensor blk.40.attn_qkv.weight
create_tensor: loading tensor blk.40.attn_q.weight
tensor blk.40.attn_q.weight (2 MiB q4_K) buffer type overridden to CUDA0
create_tensor: loading tensor blk.40.attn_k.weight
tensor blk.40.attn_k.weight (0 MiB q4_K) buffer type overridden to CUDA0
create_tensor: loading tensor blk.40.attn_v.weight
tensor blk.40.attn_v.weight (1 MiB q6_K) buffer type overridden to CUDA0
create_tensor: loading tensor blk.40.attn_output.weight
tensor blk.40.attn_output.weight (2 MiB q4_K) buffer type overridden to CUDA0
create_tensor: loading tensor blk.40.attn_q_norm.weight
tensor blk.40.attn_q_norm.weight (0 MiB f32) buffer type overridden to CUDA0
create_tensor: loading tensor blk.40.attn_k_norm.weight
tensor blk.40.attn_k_norm.weight (0 MiB f32) buffer type overridden to CUDA0
create_tensor: loading tensor blk.40.post_attention_norm.weight
tensor blk.40.post_attention_norm.weight (0 MiB f32) buffer type overridden to CUDA0
create_tensor: loading tensor blk.40.layer_output_scale.weight
tensor blk.40.layer_output_scale.weight (0 MiB f32) buffer type overridden to CUDA0
create_tensor: loading tensor blk.40.ffn_norm.weight
tensor blk.40.ffn_norm.weight (0 MiB f32) buffer type overridden to CUDA0
create_tensor: loading tensor blk.40.ffn_gate.weight
tensor blk.40.ffn_gate.weight (14 MiB q4_K) buffer type overridden to CUDA0
create_tensor: loading tensor blk.40.ffn_up.weight
tensor blk.40.ffn_up.weight (14 MiB q4_K) buffer type overridden to CUDA0
create_tensor: loading tensor blk.40.ffn_down.weight
tensor blk.40.ffn_down.weight (20 MiB q6_K) buffer type overridden to CUDA0
create_tensor: loading tensor blk.40.post_ffw_norm.weight
tensor blk.40.post_ffw_norm.weight (0 MiB f32) buffer type overridden to CUDA0
create_tensor: loading tensor blk.40.ffn_gate_inp.weight
create_tensor: loading tensor blk.40.inp_gate.weight
tensor blk.40.inp_gate.weight (2 MiB f32) buffer type overridden to CUDA0
create_tensor: loading tensor blk.40.proj.weight
tensor blk.40.proj.weight (2 MiB f32) buffer type overridden to CUDA0
create_tensor: loading tensor blk.40.post_norm.weight
tensor blk.40.post_norm.weight (0 MiB f32) buffer type overridden to CUDA0
create_tensor: loading tensor blk.41.attn_norm.weight
tensor blk.41.attn_norm.weight (0 MiB f32) buffer type overridden to CUDA0
create_tensor: loading tensor blk.41.attn_qkv.weight
create_tensor: loading tensor blk.41.attn_q.weight
tensor blk.41.attn_q.weight (5 MiB q4_K) buffer type overridden to CUDA0
create_tensor: loading tensor blk.41.attn_k.weight
tensor blk.41.attn_k.weight (1 MiB q4_K) buffer type overridden to CUDA0
create_tensor: loading tensor blk.41.attn_v.weight
tensor blk.41.attn_v.weight (2 MiB q6_K) buffer type overridden to CUDA0
create_tensor: loading tensor blk.41.attn_output.weight
tensor blk.41.attn_output.weight (5 MiB q4_K) buffer type overridden to CUDA0
create_tensor: loading tensor blk.41.attn_q_norm.weight
tensor blk.41.attn_q_norm.weight (0 MiB f32) buffer type overridden to CUDA0
create_tensor: loading tensor blk.41.attn_k_norm.weight
tensor blk.41.attn_k_norm.weight (0 MiB f32) buffer type overridden to CUDA0
create_tensor: loading tensor blk.41.post_attention_norm.weight
tensor blk.41.post_attention_norm.weight (0 MiB f32) buffer type overridden to CUDA0
create_tensor: loading tensor blk.41.layer_output_scale.weight
tensor blk.41.layer_output_scale.weight (0 MiB f32) buffer type overridden to CUDA0
create_tensor: loading tensor rope_freqs.weight
tensor rope_freqs.weight (0 MiB f32) buffer type overridden to CUDA0
create_tensor: loading tensor blk.41.ffn_norm.weight
tensor blk.41.ffn_norm.weight (0 MiB f32) buffer type overridden to CUDA0
create_tensor: loading tensor blk.41.ffn_gate.weight
tensor blk.41.ffn_gate.weight (14 MiB q4_K) buffer type overridden to CUDA0
create_tensor: loading tensor blk.41.ffn_up.weight
tensor blk.41.ffn_up.weight (14 MiB q4_K) buffer type overridden to CUDA0
create_tensor: loading tensor blk.41.ffn_down.weight
tensor blk.41.ffn_down.weight (20 MiB q6_K) buffer type overridden to CUDA0
create_tensor: loading tensor blk.41.post_ffw_norm.weight
tensor blk.41.post_ffw_norm.weight (0 MiB f32) buffer type overridden to CUDA0
create_tensor: loading tensor blk.41.ffn_gate_inp.weight
create_tensor: loading tensor blk.41.inp_gate.weight
tensor blk.41.inp_gate.weight (2 MiB f32) buffer type overridden to CUDA0
create_tensor: loading tensor blk.41.proj.weight
tensor blk.41.proj.weight (2 MiB f32) buffer type overridden to CUDA0
create_tensor: loading tensor blk.41.post_norm.weight
tensor blk.41.post_norm.weight (0 MiB f32) buffer type overridden to CUDA0
create_tensor: loading tensor blk.0.attn_q.scale
create_tensor: loading tensor blk.0.attn_k.scale
create_tensor: loading tensor blk.0.attn_v.scale
create_tensor: loading tensor blk.0.attn_output.scale
create_tensor: loading tensor blk.0.ffn_gate.scale
create_tensor: loading tensor blk.0.ffn_down.scale
create_tensor: loading tensor blk.0.ffn_up.scale
create_tensor: loading tensor blk.0.attn_q.input_scale
create_tensor: loading tensor blk.0.attn_k.input_scale
create_tensor: loading tensor blk.0.attn_v.input_scale
create_tensor: loading tensor blk.0.attn_output.input_scale
create_tensor: loading tensor blk.0.ffn_gate.input_scale
create_tensor: loading tensor blk.0.ffn_down.input_scale
create_tensor: loading tensor blk.0.ffn_up.input_scale
create_tensor: loading tensor blk.1.attn_q.scale
create_tensor: loading tensor blk.1.attn_k.scale
create_tensor: loading tensor blk.1.attn_v.scale
create_tensor: loading tensor blk.1.attn_output.scale
create_tensor: loading tensor blk.1.ffn_gate.scale
create_tensor: loading tensor blk.1.ffn_down.scale
create_tensor: loading tensor blk.1.ffn_up.scale
create_tensor: loading tensor blk.1.attn_q.input_scale
create_tensor: loading tensor blk.1.attn_k.input_scale
create_tensor: loading tensor blk.1.attn_v.input_scale
create_tensor: loading tensor blk.1.attn_output.input_scale
create_tensor: loading tensor blk.1.ffn_gate.input_scale
create_tensor: loading tensor blk.1.ffn_down.input_scale
create_tensor: loading tensor blk.1.ffn_up.input_scale
create_tensor: loading tensor blk.2.attn_q.scale
create_tensor: loading tensor blk.2.attn_k.scale
create_tensor: loading tensor blk.2.attn_v.scale
create_tensor: loading tensor blk.2.attn_output.scale
create_tensor: loading tensor blk.2.ffn_gate.scale
create_tensor: loading tensor blk.2.ffn_down.scale
create_tensor: loading tensor blk.2.ffn_up.scale
create_tensor: loading tensor blk.2.attn_q.input_scale
create_tensor: loading tensor blk.2.attn_k.input_scale
create_tensor: loading tensor blk.2.attn_v.input_scale
create_tensor: loading tensor blk.2.attn_output.input_scale
create_tensor: loading tensor blk.2.ffn_gate.input_scale
create_tensor: loading tensor blk.2.ffn_down.input_scale
create_tensor: loading tensor blk.2.ffn_up.input_scale
create_tensor: loading tensor blk.3.attn_q.scale
create_tensor: loading tensor blk.3.attn_k.scale
create_tensor: loading tensor blk.3.attn_v.scale
create_tensor: loading tensor blk.3.attn_output.scale
create_tensor: loading tensor blk.3.ffn_gate.scale
create_tensor: loading tensor blk.3.ffn_down.scale
create_tensor: loading tensor blk.3.ffn_up.scale
create_tensor: loading tensor blk.3.attn_q.input_scale
create_tensor: loading tensor blk.3.attn_k.input_scale
create_tensor: loading tensor blk.3.attn_v.input_scale
create_tensor: loading tensor blk.3.attn_output.input_scale
create_tensor: loading tensor blk.3.ffn_gate.input_scale
create_tensor: loading tensor blk.3.ffn_down.input_scale
create_tensor: loading tensor blk.3.ffn_up.input_scale
create_tensor: loading tensor blk.4.attn_q.scale
create_tensor: loading tensor blk.4.attn_k.scale
create_tensor: loading tensor blk.4.attn_v.scale
create_tensor: loading tensor blk.4.attn_output.scale
create_tensor: loading tensor blk.4.ffn_gate.scale
create_tensor: loading tensor blk.4.ffn_down.scale
create_tensor: loading tensor blk.4.ffn_up.scale
create_tensor: loading tensor blk.4.attn_q.input_scale
create_tensor: loading tensor blk.4.attn_k.input_scale
create_tensor: loading tensor blk.4.attn_v.input_scale
create_tensor: loading tensor blk.4.attn_output.input_scale
create_tensor: loading tensor blk.4.ffn_gate.input_scale
create_tensor: loading tensor blk.4.ffn_down.input_scale
create_tensor: loading tensor blk.4.ffn_up.input_scale
create_tensor: loading tensor blk.5.attn_q.scale
create_tensor: loading tensor blk.5.attn_k.scale
create_tensor: loading tensor blk.5.attn_v.scale
create_tensor: loading tensor blk.5.attn_output.scale
create_tensor: loading tensor blk.5.ffn_gate.scale
create_tensor: loading tensor blk.5.ffn_down.scale
create_tensor: loading tensor blk.5.ffn_up.scale
create_tensor: loading tensor blk.5.attn_q.input_scale
create_tensor: loading tensor blk.5.attn_k.input_scale
create_tensor: loading tensor blk.5.attn_v.input_scale
create_tensor: loading tensor blk.5.attn_output.input_scale
create_tensor: loading tensor blk.5.ffn_gate.input_scale
create_tensor: loading tensor blk.5.ffn_down.input_scale
create_tensor: loading tensor blk.5.ffn_up.input_scale
create_tensor: loading tensor blk.6.attn_q.scale
create_tensor: loading tensor blk.6.attn_k.scale
create_tensor: loading tensor blk.6.attn_v.scale
create_tensor: loading tensor blk.6.attn_output.scale
create_tensor: loading tensor blk.6.ffn_gate.scale
create_tensor: loading tensor blk.6.ffn_down.scale
create_tensor: loading tensor blk.6.ffn_up.scale
create_tensor: loading tensor blk.6.attn_q.input_scale
create_tensor: loading tensor blk.6.attn_k.input_scale
create_tensor: loading tensor blk.6.attn_v.input_scale
create_tensor: loading tensor blk.6.attn_output.input_scale
create_tensor: loading tensor blk.6.ffn_gate.input_scale
create_tensor: loading tensor blk.6.ffn_down.input_scale
create_tensor: loading tensor blk.6.ffn_up.input_scale
create_tensor: loading tensor blk.7.attn_q.scale
create_tensor: loading tensor blk.7.attn_k.scale
create_tensor: loading tensor blk.7.attn_v.scale
create_tensor: loading tensor blk.7.attn_output.scale
create_tensor: loading tensor blk.7.ffn_gate.scale
create_tensor: loading tensor blk.7.ffn_down.scale
create_tensor: loading tensor blk.7.ffn_up.scale
create_tensor: loading tensor blk.7.attn_q.input_scale
create_tensor: loading tensor blk.7.attn_k.input_scale
create_tensor: loading tensor blk.7.attn_v.input_scale
create_tensor: loading tensor blk.7.attn_output.input_scale
create_tensor: loading tensor blk.7.ffn_gate.input_scale
create_tensor: loading tensor blk.7.ffn_down.input_scale
create_tensor: loading tensor blk.7.ffn_up.input_scale
create_tensor: loading tensor blk.8.attn_q.scale
create_tensor: loading tensor blk.8.attn_k.scale
create_tensor: loading tensor blk.8.attn_v.scale
create_tensor: loading tensor blk.8.attn_output.scale
create_tensor: loading tensor blk.8.ffn_gate.scale
create_tensor: loading tensor blk.8.ffn_down.scale
create_tensor: loading tensor blk.8.ffn_up.scale
create_tensor: loading tensor blk.8.attn_q.input_scale
create_tensor: loading tensor blk.8.attn_k.input_scale
create_tensor: loading tensor blk.8.attn_v.input_scale
create_tensor: loading tensor blk.8.attn_output.input_scale
create_tensor: loading tensor blk.8.ffn_gate.input_scale
create_tensor: loading tensor blk.8.ffn_down.input_scale
create_tensor: loading tensor blk.8.ffn_up.input_scale
create_tensor: loading tensor blk.9.attn_q.scale
create_tensor: loading tensor blk.9.attn_k.scale
create_tensor: loading tensor blk.9.attn_v.scale
create_tensor: loading tensor blk.9.attn_output.scale
create_tensor: loading tensor blk.9.ffn_gate.scale
create_tensor: loading tensor blk.9.ffn_down.scale
create_tensor: loading tensor blk.9.ffn_up.scale
create_tensor: loading tensor blk.9.attn_q.input_scale
create_tensor: loading tensor blk.9.attn_k.input_scale
create_tensor: loading tensor blk.9.attn_v.input_scale
create_tensor: loading tensor blk.9.attn_output.input_scale
create_tensor: loading tensor blk.9.ffn_gate.input_scale
create_tensor: loading tensor blk.9.ffn_down.input_scale
create_tensor: loading tensor blk.9.ffn_up.input_scale
create_tensor: loading tensor blk.10.attn_q.scale
create_tensor: loading tensor blk.10.attn_k.scale
create_tensor: loading tensor blk.10.attn_v.scale
create_tensor: loading tensor blk.10.attn_output.scale
create_tensor: loading tensor blk.10.ffn_gate.scale
create_tensor: loading tensor blk.10.ffn_down.scale
create_tensor: loading tensor blk.10.ffn_up.scale
create_tensor: loading tensor blk.10.attn_q.input_scale
create_tensor: loading tensor blk.10.attn_k.input_scale
create_tensor: loading tensor blk.10.attn_v.input_scale
create_tensor: loading tensor blk.10.attn_output.input_scale
create_tensor: loading tensor blk.10.ffn_gate.input_scale
create_tensor: loading tensor blk.10.ffn_down.input_scale
create_tensor: loading tensor blk.10.ffn_up.input_scale
create_tensor: loading tensor blk.11.attn_q.scale
create_tensor: loading tensor blk.11.attn_k.scale
create_tensor: loading tensor blk.11.attn_v.scale
create_tensor: loading tensor blk.11.attn_output.scale
create_tensor: loading tensor blk.11.ffn_gate.scale
create_tensor: loading tensor blk.11.ffn_down.scale
create_tensor: loading tensor blk.11.ffn_up.scale
create_tensor: loading tensor blk.11.attn_q.input_scale
create_tensor: loading tensor blk.11.attn_k.input_scale
create_tensor: loading tensor blk.11.attn_v.input_scale
create_tensor: loading tensor blk.11.attn_output.input_scale
create_tensor: loading tensor blk.11.ffn_gate.input_scale
create_tensor: loading tensor blk.11.ffn_down.input_scale
create_tensor: loading tensor blk.11.ffn_up.input_scale
create_tensor: loading tensor blk.12.attn_q.scale
create_tensor: loading tensor blk.12.attn_k.scale
create_tensor: loading tensor blk.12.attn_v.scale
create_tensor: loading tensor blk.12.attn_output.scale
create_tensor: loading tensor blk.12.ffn_gate.scale
create_tensor: loading tensor blk.12.ffn_down.scale
create_tensor: loading tensor blk.12.ffn_up.scale
create_tensor: loading tensor blk.12.attn_q.input_scale
create_tensor: loading tensor blk.12.attn_k.input_scale
create_tensor: loading tensor blk.12.attn_v.input_scale
create_tensor: loading tensor blk.12.attn_output.input_scale
create_tensor: loading tensor blk.12.ffn_gate.input_scale
create_tensor: loading tensor blk.12.ffn_down.input_scale
create_tensor: loading tensor blk.12.ffn_up.input_scale
create_tensor: loading tensor blk.13.attn_q.scale
create_tensor: loading tensor blk.13.attn_k.scale
create_tensor: loading tensor blk.13.attn_v.scale
create_tensor: loading tensor blk.13.attn_output.scale
create_tensor: loading tensor blk.13.ffn_gate.scale
create_tensor: loading tensor blk.13.ffn_down.scale
create_tensor: loading tensor blk.13.ffn_up.scale
create_tensor: loading tensor blk.13.attn_q.input_scale
create_tensor: loading tensor blk.13.attn_k.input_scale
create_tensor: loading tensor blk.13.attn_v.input_scale
create_tensor: loading tensor blk.13.attn_output.input_scale
create_tensor: loading tensor blk.13.ffn_gate.input_scale
create_tensor: loading tensor blk.13.ffn_down.input_scale
create_tensor: loading tensor blk.13.ffn_up.input_scale
create_tensor: loading tensor blk.14.attn_q.scale
create_tensor: loading tensor blk.14.attn_k.scale
create_tensor: loading tensor blk.14.attn_v.scale
create_tensor: loading tensor blk.14.attn_output.scale
create_tensor: loading tensor blk.14.ffn_gate.scale
create_tensor: loading tensor blk.14.ffn_down.scale
create_tensor: loading tensor blk.14.ffn_up.scale
create_tensor: loading tensor blk.14.attn_q.input_scale
create_tensor: loading tensor blk.14.attn_k.input_scale
create_tensor: loading tensor blk.14.attn_v.input_scale
create_tensor: loading tensor blk.14.attn_output.input_scale
create_tensor: loading tensor blk.14.ffn_gate.input_scale
create_tensor: loading tensor blk.14.ffn_down.input_scale
create_tensor: loading tensor blk.14.ffn_up.input_scale
create_tensor: loading tensor blk.15.attn_q.scale
create_tensor: loading tensor blk.15.attn_k.scale
create_tensor: loading tensor blk.15.attn_v.scale
create_tensor: loading tensor blk.15.attn_output.scale
create_tensor: loading tensor blk.15.ffn_gate.scale
create_tensor: loading tensor blk.15.ffn_down.scale
create_tensor: loading tensor blk.15.ffn_up.scale
create_tensor: loading tensor blk.15.attn_q.input_scale
create_tensor: loading tensor blk.15.attn_k.input_scale
create_tensor: loading tensor blk.15.attn_v.input_scale
create_tensor: loading tensor blk.15.attn_output.input_scale
create_tensor: loading tensor blk.15.ffn_gate.input_scale
create_tensor: loading tensor blk.15.ffn_down.input_scale
create_tensor: loading tensor blk.15.ffn_up.input_scale
create_tensor: loading tensor blk.16.attn_q.scale
create_tensor: loading tensor blk.16.attn_k.scale
create_tensor: loading tensor blk.16.attn_v.scale
create_tensor: loading tensor blk.16.attn_output.scale
create_tensor: loading tensor blk.16.ffn_gate.scale
create_tensor: loading tensor blk.16.ffn_down.scale
create_tensor: loading tensor blk.16.ffn_up.scale
create_tensor: loading tensor blk.16.attn_q.input_scale
create_tensor: loading tensor blk.16.attn_k.input_scale
create_tensor: loading tensor blk.16.attn_v.input_scale
create_tensor: loading tensor blk.16.attn_output.input_scale
create_tensor: loading tensor blk.16.ffn_gate.input_scale
create_tensor: loading tensor blk.16.ffn_down.input_scale
create_tensor: loading tensor blk.16.ffn_up.input_scale
create_tensor: loading tensor blk.17.attn_q.scale
create_tensor: loading tensor blk.17.attn_k.scale
create_tensor: loading tensor blk.17.attn_v.scale
create_tensor: loading tensor blk.17.attn_output.scale
create_tensor: loading tensor blk.17.ffn_gate.scale
create_tensor: loading tensor blk.17.ffn_down.scale
create_tensor: loading tensor blk.17.ffn_up.scale
create_tensor: loading tensor blk.17.attn_q.input_scale
create_tensor: loading tensor blk.17.attn_k.input_scale
create_tensor: loading tensor blk.17.attn_v.input_scale
create_tensor: loading tensor blk.17.attn_output.input_scale
create_tensor: loading tensor blk.17.ffn_gate.input_scale
create_tensor: loading tensor blk.17.ffn_down.input_scale
create_tensor: loading tensor blk.17.ffn_up.input_scale
create_tensor: loading tensor blk.18.attn_q.scale
create_tensor: loading tensor blk.18.attn_k.scale
create_tensor: loading tensor blk.18.attn_v.scale
create_tensor: loading tensor blk.18.attn_output.scale
create_tensor: loading tensor blk.18.ffn_gate.scale
create_tensor: loading tensor blk.18.ffn_down.scale
create_tensor: loading tensor blk.18.ffn_up.scale
create_tensor: loading tensor blk.18.attn_q.input_scale
create_tensor: loading tensor blk.18.attn_k.input_scale
create_tensor: loading tensor blk.18.attn_v.input_scale
create_tensor: loading tensor blk.18.attn_output.input_scale
create_tensor: loading tensor blk.18.ffn_gate.input_scale
create_tensor: loading tensor blk.18.ffn_down.input_scale
create_tensor: loading tensor blk.18.ffn_up.input_scale
create_tensor: loading tensor blk.19.attn_q.scale
create_tensor: loading tensor blk.19.attn_k.scale
create_tensor: loading tensor blk.19.attn_v.scale
create_tensor: loading tensor blk.19.attn_output.scale
create_tensor: loading tensor blk.19.ffn_gate.scale
create_tensor: loading tensor blk.19.ffn_down.scale
create_tensor: loading tensor blk.19.ffn_up.scale
create_tensor: loading tensor blk.19.attn_q.input_scale
create_tensor: loading tensor blk.19.attn_k.input_scale
create_tensor: loading tensor blk.19.attn_v.input_scale
create_tensor: loading tensor blk.19.attn_output.input_scale
create_tensor: loading tensor blk.19.ffn_gate.input_scale
create_tensor: loading tensor blk.19.ffn_down.input_scale
create_tensor: loading tensor blk.19.ffn_up.input_scale
create_tensor: loading tensor blk.20.attn_q.scale
create_tensor: loading tensor blk.20.attn_k.scale
create_tensor: loading tensor blk.20.attn_v.scale
create_tensor: loading tensor blk.20.attn_output.scale
create_tensor: loading tensor blk.20.ffn_gate.scale
create_tensor: loading tensor blk.20.ffn_down.scale
create_tensor: loading tensor blk.20.ffn_up.scale
create_tensor: loading tensor blk.20.attn_q.input_scale
create_tensor: loading tensor blk.20.attn_k.input_scale
create_tensor: loading tensor blk.20.attn_v.input_scale
create_tensor: loading tensor blk.20.attn_output.input_scale
create_tensor: loading tensor blk.20.ffn_gate.input_scale
create_tensor: loading tensor blk.20.ffn_down.input_scale
create_tensor: loading tensor blk.20.ffn_up.input_scale
create_tensor: loading tensor blk.21.attn_q.scale
create_tensor: loading tensor blk.21.attn_k.scale
create_tensor: loading tensor blk.21.attn_v.scale
create_tensor: loading tensor blk.21.attn_output.scale
create_tensor: loading tensor blk.21.ffn_gate.scale
create_tensor: loading tensor blk.21.ffn_down.scale
create_tensor: loading tensor blk.21.ffn_up.scale
create_tensor: loading tensor blk.21.attn_q.input_scale
create_tensor: loading tensor blk.21.attn_k.input_scale
create_tensor: loading tensor blk.21.attn_v.input_scale
create_tensor: loading tensor blk.21.attn_output.input_scale
create_tensor: loading tensor blk.21.ffn_gate.input_scale
create_tensor: loading tensor blk.21.ffn_down.input_scale
create_tensor: loading tensor blk.21.ffn_up.input_scale
create_tensor: loading tensor blk.22.attn_q.scale
create_tensor: loading tensor blk.22.attn_k.scale
create_tensor: loading tensor blk.22.attn_v.scale
create_tensor: loading tensor blk.22.attn_output.scale
create_tensor: loading tensor blk.22.ffn_gate.scale
create_tensor: loading tensor blk.22.ffn_down.scale
create_tensor: loading tensor blk.22.ffn_up.scale
create_tensor: loading tensor blk.22.attn_q.input_scale
create_tensor: loading tensor blk.22.attn_k.input_scale
create_tensor: loading tensor blk.22.attn_v.input_scale
create_tensor: loading tensor blk.22.attn_output.input_scale
create_tensor: loading tensor blk.22.ffn_gate.input_scale
create_tensor: loading tensor blk.22.ffn_down.input_scale
create_tensor: loading tensor blk.22.ffn_up.input_scale
create_tensor: loading tensor blk.23.attn_q.scale
create_tensor: loading tensor blk.23.attn_k.scale
create_tensor: loading tensor blk.23.attn_v.scale
create_tensor: loading tensor blk.23.attn_output.scale
create_tensor: loading tensor blk.23.ffn_gate.scale
create_tensor: loading tensor blk.23.ffn_down.scale
create_tensor: loading tensor blk.23.ffn_up.scale
create_tensor: loading tensor blk.23.attn_q.input_scale
create_tensor: loading tensor blk.23.attn_k.input_scale
create_tensor: loading tensor blk.23.attn_v.input_scale
create_tensor: loading tensor blk.23.attn_output.input_scale
create_tensor: loading tensor blk.23.ffn_gate.input_scale
create_tensor: loading tensor blk.23.ffn_down.input_scale
create_tensor: loading tensor blk.23.ffn_up.input_scale
create_tensor: loading tensor blk.24.attn_q.scale
create_tensor: loading tensor blk.24.attn_k.scale
create_tensor: loading tensor blk.24.attn_v.scale
create_tensor: loading tensor blk.24.attn_output.scale
create_tensor: loading tensor blk.24.ffn_gate.scale
create_tensor: loading tensor blk.24.ffn_down.scale
create_tensor: loading tensor blk.24.ffn_up.scale
create_tensor: loading tensor blk.24.attn_q.input_scale
create_tensor: loading tensor blk.24.attn_k.input_scale
create_tensor: loading tensor blk.24.attn_v.input_scale
create_tensor: loading tensor blk.24.attn_output.input_scale
create_tensor: loading tensor blk.24.ffn_gate.input_scale
create_tensor: loading tensor blk.24.ffn_down.input_scale
create_tensor: loading tensor blk.24.ffn_up.input_scale
create_tensor: loading tensor blk.25.attn_q.scale
create_tensor: loading tensor blk.25.attn_k.scale
create_tensor: loading tensor blk.25.attn_v.scale
create_tensor: loading tensor blk.25.attn_output.scale
create_tensor: loading tensor blk.25.ffn_gate.scale
create_tensor: loading tensor blk.25.ffn_down.scale
create_tensor: loading tensor blk.25.ffn_up.scale
create_tensor: loading tensor blk.25.attn_q.input_scale
create_tensor: loading tensor blk.25.attn_k.input_scale
create_tensor: loading tensor blk.25.attn_v.input_scale
create_tensor: loading tensor blk.25.attn_output.input_scale
create_tensor: loading tensor blk.25.ffn_gate.input_scale
create_tensor: loading tensor blk.25.ffn_down.input_scale
create_tensor: loading tensor blk.25.ffn_up.input_scale
create_tensor: loading tensor blk.26.attn_q.scale
create_tensor: loading tensor blk.26.attn_k.scale
create_tensor: loading tensor blk.26.attn_v.scale
create_tensor: loading tensor blk.26.attn_output.scale
create_tensor: loading tensor blk.26.ffn_gate.scale
create_tensor: loading tensor blk.26.ffn_down.scale
create_tensor: loading tensor blk.26.ffn_up.scale
create_tensor: loading tensor blk.26.attn_q.input_scale
create_tensor: loading tensor blk.26.attn_k.input_scale
create_tensor: loading tensor blk.26.attn_v.input_scale
create_tensor: loading tensor blk.26.attn_output.input_scale
create_tensor: loading tensor blk.26.ffn_gate.input_scale
create_tensor: loading tensor blk.26.ffn_down.input_scale
create_tensor: loading tensor blk.26.ffn_up.input_scale
create_tensor: loading tensor blk.27.attn_q.scale
create_tensor: loading tensor blk.27.attn_k.scale
create_tensor: loading tensor blk.27.attn_v.scale
create_tensor: loading tensor blk.27.attn_output.scale
create_tensor: loading tensor blk.27.ffn_gate.scale
create_tensor: loading tensor blk.27.ffn_down.scale
create_tensor: loading tensor blk.27.ffn_up.scale
create_tensor: loading tensor blk.27.attn_q.input_scale
create_tensor: loading tensor blk.27.attn_k.input_scale
create_tensor: loading tensor blk.27.attn_v.input_scale
create_tensor: loading tensor blk.27.attn_output.input_scale
create_tensor: loading tensor blk.27.ffn_gate.input_scale
create_tensor: loading tensor blk.27.ffn_down.input_scale
create_tensor: loading tensor blk.27.ffn_up.input_scale
create_tensor: loading tensor blk.28.attn_q.scale
create_tensor: loading tensor blk.28.attn_k.scale
create_tensor: loading tensor blk.28.attn_v.scale
create_tensor: loading tensor blk.28.attn_output.scale
create_tensor: loading tensor blk.28.ffn_gate.scale
create_tensor: loading tensor blk.28.ffn_down.scale
create_tensor: loading tensor blk.28.ffn_up.scale
create_tensor: loading tensor blk.28.attn_q.input_scale
create_tensor: loading tensor blk.28.attn_k.input_scale
create_tensor: loading tensor blk.28.attn_v.input_scale
create_tensor: loading tensor blk.28.attn_output.input_scale
create_tensor: loading tensor blk.28.ffn_gate.input_scale
create_tensor: loading tensor blk.28.ffn_down.input_scale
create_tensor: loading tensor blk.28.ffn_up.input_scale
create_tensor: loading tensor blk.29.attn_q.scale
create_tensor: loading tensor blk.29.attn_k.scale
create_tensor: loading tensor blk.29.attn_v.scale
create_tensor: loading tensor blk.29.attn_output.scale
create_tensor: loading tensor blk.29.ffn_gate.scale
create_tensor: loading tensor blk.29.ffn_down.scale
create_tensor: loading tensor blk.29.ffn_up.scale
create_tensor: loading tensor blk.29.attn_q.input_scale
create_tensor: loading tensor blk.29.attn_k.input_scale
create_tensor: loading tensor blk.29.attn_v.input_scale
create_tensor: loading tensor blk.29.attn_output.input_scale
create_tensor: loading tensor blk.29.ffn_gate.input_scale
create_tensor: loading tensor blk.29.ffn_down.input_scale
create_tensor: loading tensor blk.29.ffn_up.input_scale
create_tensor: loading tensor blk.30.attn_q.scale
create_tensor: loading tensor blk.30.attn_k.scale
create_tensor: loading tensor blk.30.attn_v.scale
create_tensor: loading tensor blk.30.attn_output.scale
create_tensor: loading tensor blk.30.ffn_gate.scale
create_tensor: loading tensor blk.30.ffn_down.scale
create_tensor: loading tensor blk.30.ffn_up.scale
create_tensor: loading tensor blk.30.attn_q.input_scale
create_tensor: loading tensor blk.30.attn_k.input_scale
create_tensor: loading tensor blk.30.attn_v.input_scale
create_tensor: loading tensor blk.30.attn_output.input_scale
create_tensor: loading tensor blk.30.ffn_gate.input_scale
create_tensor: loading tensor blk.30.ffn_down.input_scale
create_tensor: loading tensor blk.30.ffn_up.input_scale
create_tensor: loading tensor blk.31.attn_q.scale
create_tensor: loading tensor blk.31.attn_k.scale
create_tensor: loading tensor blk.31.attn_v.scale
create_tensor: loading tensor blk.31.attn_output.scale
create_tensor: loading tensor blk.31.ffn_gate.scale
create_tensor: loading tensor blk.31.ffn_down.scale
create_tensor: loading tensor blk.31.ffn_up.scale
create_tensor: loading tensor blk.31.attn_q.input_scale
create_tensor: loading tensor blk.31.attn_k.input_scale
create_tensor: loading tensor blk.31.attn_v.input_scale
create_tensor: loading tensor blk.31.attn_output.input_scale
create_tensor: loading tensor blk.31.ffn_gate.input_scale
create_tensor: loading tensor blk.31.ffn_down.input_scale
create_tensor: loading tensor blk.31.ffn_up.input_scale
create_tensor: loading tensor blk.32.attn_q.scale
create_tensor: loading tensor blk.32.attn_k.scale
create_tensor: loading tensor blk.32.attn_v.scale
create_tensor: loading tensor blk.32.attn_output.scale
create_tensor: loading tensor blk.32.ffn_gate.scale
create_tensor: loading tensor blk.32.ffn_down.scale
create_tensor: loading tensor blk.32.ffn_up.scale
create_tensor: loading tensor blk.32.attn_q.input_scale
create_tensor: loading tensor blk.32.attn_k.input_scale
create_tensor: loading tensor blk.32.attn_v.input_scale
create_tensor: loading tensor blk.32.attn_output.input_scale
create_tensor: loading tensor blk.32.ffn_gate.input_scale
create_tensor: loading tensor blk.32.ffn_down.input_scale
create_tensor: loading tensor blk.32.ffn_up.input_scale
create_tensor: loading tensor blk.33.attn_q.scale
create_tensor: loading tensor blk.33.attn_k.scale
create_tensor: loading tensor blk.33.attn_v.scale
create_tensor: loading tensor blk.33.attn_output.scale
create_tensor: loading tensor blk.33.ffn_gate.scale
create_tensor: loading tensor blk.33.ffn_down.scale
create_tensor: loading tensor blk.33.ffn_up.scale
create_tensor: loading tensor blk.33.attn_q.input_scale
create_tensor: loading tensor blk.33.attn_k.input_scale
create_tensor: loading tensor blk.33.attn_v.input_scale
create_tensor: loading tensor blk.33.attn_output.input_scale
create_tensor: loading tensor blk.33.ffn_gate.input_scale
create_tensor: loading tensor blk.33.ffn_down.input_scale
create_tensor: loading tensor blk.33.ffn_up.input_scale
create_tensor: loading tensor blk.34.attn_q.scale
create_tensor: loading tensor blk.34.attn_k.scale
create_tensor: loading tensor blk.34.attn_v.scale
create_tensor: loading tensor blk.34.attn_output.scale
create_tensor: loading tensor blk.34.ffn_gate.scale
create_tensor: loading tensor blk.34.ffn_down.scale
create_tensor: loading tensor blk.34.ffn_up.scale
create_tensor: loading tensor blk.34.attn_q.input_scale
create_tensor: loading tensor blk.34.attn_k.input_scale
create_tensor: loading tensor blk.34.attn_v.input_scale
create_tensor: loading tensor blk.34.attn_output.input_scale
create_tensor: loading tensor blk.34.ffn_gate.input_scale
create_tensor: loading tensor blk.34.ffn_down.input_scale
create_tensor: loading tensor blk.34.ffn_up.input_scale
create_tensor: loading tensor blk.35.attn_q.scale
create_tensor: loading tensor blk.35.attn_k.scale
create_tensor: loading tensor blk.35.attn_v.scale
create_tensor: loading tensor blk.35.attn_output.scale
create_tensor: loading tensor blk.35.ffn_gate.scale
create_tensor: loading tensor blk.35.ffn_down.scale
create_tensor: loading tensor blk.35.ffn_up.scale
create_tensor: loading tensor blk.35.attn_q.input_scale
create_tensor: loading tensor blk.35.attn_k.input_scale
create_tensor: loading tensor blk.35.attn_v.input_scale
create_tensor: loading tensor blk.35.attn_output.input_scale
create_tensor: loading tensor blk.35.ffn_gate.input_scale
create_tensor: loading tensor blk.35.ffn_down.input_scale
create_tensor: loading tensor blk.35.ffn_up.input_scale
create_tensor: loading tensor blk.36.attn_q.scale
create_tensor: loading tensor blk.36.attn_k.scale
create_tensor: loading tensor blk.36.attn_v.scale
create_tensor: loading tensor blk.36.attn_output.scale
create_tensor: loading tensor blk.36.ffn_gate.scale
create_tensor: loading tensor blk.36.ffn_down.scale
create_tensor: loading tensor blk.36.ffn_up.scale
create_tensor: loading tensor blk.36.attn_q.input_scale
create_tensor: loading tensor blk.36.attn_k.input_scale
create_tensor: loading tensor blk.36.attn_v.input_scale
create_tensor: loading tensor blk.36.attn_output.input_scale
create_tensor: loading tensor blk.36.ffn_gate.input_scale
create_tensor: loading tensor blk.36.ffn_down.input_scale
create_tensor: loading tensor blk.36.ffn_up.input_scale
create_tensor: loading tensor blk.37.attn_q.scale
create_tensor: loading tensor blk.37.attn_k.scale
create_tensor: loading tensor blk.37.attn_v.scale
create_tensor: loading tensor blk.37.attn_output.scale
create_tensor: loading tensor blk.37.ffn_gate.scale
create_tensor: loading tensor blk.37.ffn_down.scale
create_tensor: loading tensor blk.37.ffn_up.scale
create_tensor: loading tensor blk.37.attn_q.input_scale
create_tensor: loading tensor blk.37.attn_k.input_scale
create_tensor: loading tensor blk.37.attn_v.input_scale
create_tensor: loading tensor blk.37.attn_output.input_scale
create_tensor: loading tensor blk.37.ffn_gate.input_scale
create_tensor: loading tensor blk.37.ffn_down.input_scale
create_tensor: loading tensor blk.37.ffn_up.input_scale
create_tensor: loading tensor blk.38.attn_q.scale
create_tensor: loading tensor blk.38.attn_k.scale
create_tensor: loading tensor blk.38.attn_v.scale
create_tensor: loading tensor blk.38.attn_output.scale
create_tensor: loading tensor blk.38.ffn_gate.scale
create_tensor: loading tensor blk.38.ffn_down.scale
create_tensor: loading tensor blk.38.ffn_up.scale
create_tensor: loading tensor blk.38.attn_q.input_scale
create_tensor: loading tensor blk.38.attn_k.input_scale
create_tensor: loading tensor blk.38.attn_v.input_scale
create_tensor: loading tensor blk.38.attn_output.input_scale
create_tensor: loading tensor blk.38.ffn_gate.input_scale
create_tensor: loading tensor blk.38.ffn_down.input_scale
create_tensor: loading tensor blk.38.ffn_up.input_scale
create_tensor: loading tensor blk.39.attn_q.scale
create_tensor: loading tensor blk.39.attn_k.scale
create_tensor: loading tensor blk.39.attn_v.scale
create_tensor: loading tensor blk.39.attn_output.scale
create_tensor: loading tensor blk.39.ffn_gate.scale
create_tensor: loading tensor blk.39.ffn_down.scale
create_tensor: loading tensor blk.39.ffn_up.scale
create_tensor: loading tensor blk.39.attn_q.input_scale
create_tensor: loading tensor blk.39.attn_k.input_scale
create_tensor: loading tensor blk.39.attn_v.input_scale
create_tensor: loading tensor blk.39.attn_output.input_scale
create_tensor: loading tensor blk.39.ffn_gate.input_scale
create_tensor: loading tensor blk.39.ffn_down.input_scale
create_tensor: loading tensor blk.39.ffn_up.input_scale
create_tensor: loading tensor blk.40.attn_q.scale
create_tensor: loading tensor blk.40.attn_k.scale
create_tensor: loading tensor blk.40.attn_v.scale
create_tensor: loading tensor blk.40.attn_output.scale
create_tensor: loading tensor blk.40.ffn_gate.scale
create_tensor: loading tensor blk.40.ffn_down.scale
create_tensor: loading tensor blk.40.ffn_up.scale
create_tensor: loading tensor blk.40.attn_q.input_scale
create_tensor: loading tensor blk.40.attn_k.input_scale
create_tensor: loading tensor blk.40.attn_v.input_scale
create_tensor: loading tensor blk.40.attn_output.input_scale
create_tensor: loading tensor blk.40.ffn_gate.input_scale
create_tensor: loading tensor blk.40.ffn_down.input_scale
create_tensor: loading tensor blk.40.ffn_up.input_scale
create_tensor: loading tensor blk.41.attn_q.scale
create_tensor: loading tensor blk.41.attn_k.scale
create_tensor: loading tensor blk.41.attn_v.scale
create_tensor: loading tensor blk.41.attn_output.scale
create_tensor: loading tensor blk.41.ffn_gate.scale
create_tensor: loading tensor blk.41.ffn_down.scale
create_tensor: loading tensor blk.41.ffn_up.scale
create_tensor: loading tensor blk.41.attn_q.input_scale
create_tensor: loading tensor blk.41.attn_k.input_scale
create_tensor: loading tensor blk.41.attn_v.input_scale
create_tensor: loading tensor blk.41.attn_output.input_scale
create_tensor: loading tensor blk.41.ffn_gate.input_scale
create_tensor: loading tensor blk.41.ffn_down.input_scale
create_tensor: loading tensor blk.41.ffn_up.input_scale
done_getting_tensors: tensor 'token_embd.weight' (q4_K) (and 1 others) cannot be used with preferred buffer type CUDA_Host, using CUDA0 instead
load_tensors: offloading output layer to GPU
load_tensors: offloading 41 repeating layers to GPU
load_tensors: offloaded 43/43 layers to GPU
load_tensors:        CUDA0 model buffer size =  5091.51 MiB
.....................................................
llama_context: constructing llama_context
llama_context: n_seq_max             = 1
llama_context: n_ctx                 = 512
llama_context: n_ctx_seq             = 512
llama_context: n_batch               = 452
llama_context: n_ubatch              = 452
llama_context: causal_attn           = 1
llama_context: flash_attn            = disabled
llama_context: kv_unified            = false
llama_context: freq_base             = 1000000.0
llama_context: freq_scale            = 1
llama_context: n_rs_seq              = 0
llama_context: n_outputs_max         = 452
llama_context: n_outputs_max_per_seq = 1
llama_context: n_ctx_seq (512) < n_ctx_train (131072) -- the full capacity of the model will not be utilized
set_abort_callback: call
llama_context:  CUDA_Host  output buffer size =     1.00 MiB
llama_kv_cache_iswa: using full-size SWA cache (ref: https://github.com/ggml-org/llama.cpp/pull/13194#issuecomment-2868343055)
llama_kv_cache_iswa: creating non-SWA KV cache, size = 512 cells
llama_kv_cache: the V embeddings have different sizes across layers and FA is not enabled - padding V cache to 1024
llama_kv_cache: layer   0: filtered
llama_kv_cache: layer   1: filtered
llama_kv_cache: layer   2: filtered
llama_kv_cache: layer   3: filtered
llama_kv_cache: layer   4: filtered
llama_kv_cache: layer   5: dev = CUDA0
llama_kv_cache: layer   6: filtered
llama_kv_cache: layer   7: filtered
llama_kv_cache: layer   8: filtered
llama_kv_cache: layer   9: filtered
llama_kv_cache: layer  10: filtered
llama_kv_cache: layer  11: dev = CUDA0
llama_kv_cache: layer  12: filtered
llama_kv_cache: layer  13: filtered
llama_kv_cache: layer  14: filtered
llama_kv_cache: layer  15: filtered
llama_kv_cache: layer  16: filtered
llama_kv_cache: layer  17: dev = CUDA0
llama_kv_cache: layer  18: filtered
llama_kv_cache: layer  19: filtered
llama_kv_cache: layer  20: filtered
llama_kv_cache: layer  21: filtered
llama_kv_cache: layer  22: filtered
llama_kv_cache: layer  23: dev = CUDA0
llama_kv_cache: layer  24: does not have KV cache
llama_kv_cache: layer  25: does not have KV cache
llama_kv_cache: layer  26: does not have KV cache
llama_kv_cache: layer  27: does not have KV cache
llama_kv_cache: layer  28: does not have KV cache
llama_kv_cache: layer  29: does not have KV cache
llama_kv_cache: layer  30: does not have KV cache
llama_kv_cache: layer  31: does not have KV cache
llama_kv_cache: layer  32: does not have KV cache
llama_kv_cache: layer  33: does not have KV cache
llama_kv_cache: layer  34: does not have KV cache
llama_kv_cache: layer  35: does not have KV cache
llama_kv_cache: layer  36: does not have KV cache
llama_kv_cache: layer  37: does not have KV cache
llama_kv_cache: layer  38: does not have KV cache
llama_kv_cache: layer  39: does not have KV cache
llama_kv_cache: layer  40: does not have KV cache
llama_kv_cache: layer  41: does not have KV cache
llama_kv_cache: reusing layers:
llama_kv_cache: - layer   0: no reuse
llama_kv_cache: - layer   1: no reuse
llama_kv_cache: - layer   2: no reuse
llama_kv_cache: - layer   3: no reuse
llama_kv_cache: - layer   4: no reuse
llama_kv_cache: - layer   5: no reuse
llama_kv_cache: - layer   6: no reuse
llama_kv_cache: - layer   7: no reuse
llama_kv_cache: - layer   8: no reuse
llama_kv_cache: - layer   9: no reuse
llama_kv_cache: - layer  10: no reuse
llama_kv_cache: - layer  11: no reuse
llama_kv_cache: - layer  12: no reuse
llama_kv_cache: - layer  13: no reuse
llama_kv_cache: - layer  14: no reuse
llama_kv_cache: - layer  15: no reuse
llama_kv_cache: - layer  16: no reuse
llama_kv_cache: - layer  17: no reuse
llama_kv_cache: - layer  18: no reuse
llama_kv_cache: - layer  19: no reuse
llama_kv_cache: - layer  20: no reuse
llama_kv_cache: - layer  21: no reuse
llama_kv_cache: - layer  22: no reuse
llama_kv_cache: - layer  23: no reuse
llama_kv_cache: - layer  24: filtered
llama_kv_cache: - layer  25: filtered
llama_kv_cache: - layer  26: filtered
llama_kv_cache: - layer  27: filtered
llama_kv_cache: - layer  28: filtered
llama_kv_cache: - layer  29: reuse layer 23, is_swa = 0
llama_kv_cache: - layer  30: filtered
llama_kv_cache: - layer  31: filtered
llama_kv_cache: - layer  32: filtered
llama_kv_cache: - layer  33: filtered
llama_kv_cache: - layer  34: filtered
llama_kv_cache: - layer  35: reuse layer 23, is_swa = 0
llama_kv_cache: - layer  36: filtered
llama_kv_cache: - layer  37: filtered
llama_kv_cache: - layer  38: filtered
llama_kv_cache: - layer  39: filtered
llama_kv_cache: - layer  40: filtered
llama_kv_cache: - layer  41: reuse layer 23, is_swa = 0
llama_kv_cache:      CUDA0 KV buffer size =    16.00 MiB
llama_kv_cache: size =   16.00 MiB (   512 cells,   4 layers,  1/1 seqs), K (f32):    8.00 MiB, V (f32):    8.00 MiB
llama_kv_cache: attn_rot_k = 0, n_embd_head_k_all = 512
llama_kv_cache: attn_rot_v = 0, n_embd_head_k_all = 512
llama_kv_cache_iswa: creating     SWA KV cache, size = 512 cells
llama_kv_cache: the V embeddings have different sizes across layers and FA is not enabled - padding V cache to 1024
llama_kv_cache: layer   0: dev = CUDA0
llama_kv_cache: layer   1: dev = CUDA0
llama_kv_cache: layer   2: dev = CUDA0
llama_kv_cache: layer   3: dev = CUDA0
llama_kv_cache: layer   4: dev = CUDA0
llama_kv_cache: layer   5: filtered
llama_kv_cache: layer   6: dev = CUDA0
llama_kv_cache: layer   7: dev = CUDA0
llama_kv_cache: layer   8: dev = CUDA0
llama_kv_cache: layer   9: dev = CUDA0
llama_kv_cache: layer  10: dev = CUDA0
llama_kv_cache: layer  11: filtered
llama_kv_cache: layer  12: dev = CUDA0
llama_kv_cache: layer  13: dev = CUDA0
llama_kv_cache: layer  14: dev = CUDA0
llama_kv_cache: layer  15: dev = CUDA0
llama_kv_cache: layer  16: dev = CUDA0
llama_kv_cache: layer  17: filtered
llama_kv_cache: layer  18: dev = CUDA0
llama_kv_cache: layer  19: dev = CUDA0
llama_kv_cache: layer  20: dev = CUDA0
llama_kv_cache: layer  21: dev = CUDA0
llama_kv_cache: layer  22: dev = CUDA0
llama_kv_cache: layer  23: filtered
llama_kv_cache: layer  24: does not have KV cache
llama_kv_cache: layer  25: does not have KV cache
llama_kv_cache: layer  26: does not have KV cache
llama_kv_cache: layer  27: does not have KV cache
llama_kv_cache: layer  28: does not have KV cache
llama_kv_cache: layer  29: does not have KV cache
llama_kv_cache: layer  30: does not have KV cache
llama_kv_cache: layer  31: does not have KV cache
llama_kv_cache: layer  32: does not have KV cache
llama_kv_cache: layer  33: does not have KV cache
llama_kv_cache: layer  34: does not have KV cache
llama_kv_cache: layer  35: does not have KV cache
llama_kv_cache: layer  36: does not have KV cache
llama_kv_cache: layer  37: does not have KV cache
llama_kv_cache: layer  38: does not have KV cache
llama_kv_cache: layer  39: does not have KV cache
llama_kv_cache: layer  40: does not have KV cache
llama_kv_cache: layer  41: does not have KV cache
llama_kv_cache: reusing layers:
llama_kv_cache: - layer   0: no reuse
llama_kv_cache: - layer   1: no reuse
llama_kv_cache: - layer   2: no reuse
llama_kv_cache: - layer   3: no reuse
llama_kv_cache: - layer   4: no reuse
llama_kv_cache: - layer   5: no reuse
llama_kv_cache: - layer   6: no reuse
llama_kv_cache: - layer   7: no reuse
llama_kv_cache: - layer   8: no reuse
llama_kv_cache: - layer   9: no reuse
llama_kv_cache: - layer  10: no reuse
llama_kv_cache: - layer  11: no reuse
llama_kv_cache: - layer  12: no reuse
llama_kv_cache: - layer  13: no reuse
llama_kv_cache: - layer  14: no reuse
llama_kv_cache: - layer  15: no reuse
llama_kv_cache: - layer  16: no reuse
llama_kv_cache: - layer  17: no reuse
llama_kv_cache: - layer  18: no reuse
llama_kv_cache: - layer  19: no reuse
llama_kv_cache: - layer  20: no reuse
llama_kv_cache: - layer  21: no reuse
llama_kv_cache: - layer  22: no reuse
llama_kv_cache: - layer  23: no reuse
llama_kv_cache: - layer  24: reuse layer 22, is_swa = 1
llama_kv_cache: - layer  25: reuse layer 22, is_swa = 1
llama_kv_cache: - layer  26: reuse layer 22, is_swa = 1
llama_kv_cache: - layer  27: reuse layer 22, is_swa = 1
llama_kv_cache: - layer  28: reuse layer 22, is_swa = 1
llama_kv_cache: - layer  29: filtered
llama_kv_cache: - layer  30: reuse layer 22, is_swa = 1
llama_kv_cache: - layer  31: reuse layer 22, is_swa = 1
llama_kv_cache: - layer  32: reuse layer 22, is_swa = 1
llama_kv_cache: - layer  33: reuse layer 22, is_swa = 1
llama_kv_cache: - layer  34: reuse layer 22, is_swa = 1
llama_kv_cache: - layer  35: filtered
llama_kv_cache: - layer  36: reuse layer 22, is_swa = 1
llama_kv_cache: - layer  37: reuse layer 22, is_swa = 1
llama_kv_cache: - layer  38: reuse layer 22, is_swa = 1
llama_kv_cache: - layer  39: reuse layer 22, is_swa = 1
llama_kv_cache: - layer  40: reuse layer 22, is_swa = 1
llama_kv_cache: - layer  41: filtered
llama_kv_cache:      CUDA0 KV buffer size =    60.00 MiB
llama_kv_cache: size =   60.00 MiB (   512 cells,  20 layers,  1/1 seqs), K (f32):   20.00 MiB, V (f32):   40.00 MiB
llama_kv_cache: attn_rot_k = 0, n_embd_head_k_all = 256
llama_kv_cache: attn_rot_v = 0, n_embd_head_k_all = 256
llama_context: enumerating backends
llama_context: backend_ptrs.size() = 2
sched_reserve: reserving ...
sched_reserve: max_nodes = 5768
sched_reserve: reserving full memory module
sched_reserve: worst-case: n_tokens = 452, n_seqs = 1, n_outputs = 1
resolve_fused_ops: resolving fused DeepSeek V4 HC support:
graph_reserve: reserving a graph for ubatch with n_tokens =    1, n_seqs =  1, n_outputs =    1
llama_graph_n_input_tensors: input tensor '                         out_ids' [i32, ne = {     1,     1,     1,     1 }] is used by node 'result_norm' (GET_ROWS)
llama_graph_n_input_tensors: input tensor '                attn_inp_kq_mask' [f32, ne = {   512,     1,     1,     1 }] is used by node 'kq_soft_max-5' (SOFT_MAX)
llama_graph_n_input_tensors: input tensor '                attn_inp_kq_mask' [f32, ne = {   512,     1,     1,     1 }] is used by node 'kq_soft_max-11' (SOFT_MAX)
llama_graph_n_input_tensors: input tensor '                attn_inp_kq_mask' [f32, ne = {   512,     1,     1,     1 }] is used by node 'kq_soft_max-17' (SOFT_MAX)
llama_graph_n_input_tensors: input tensor '                attn_inp_kq_mask' [f32, ne = {   512,     1,     1,     1 }] is used by node 'kq_soft_max-23' (SOFT_MAX)
llama_graph_n_input_tensors: input tensor '                attn_inp_kq_mask' [f32, ne = {   512,     1,     1,     1 }] is used by node 'kq_soft_max-29' (SOFT_MAX)
llama_graph_n_input_tensors: input tensor '                attn_inp_kq_mask' [f32, ne = {   512,     1,     1,     1 }] is used by node 'kq_soft_max-35' (SOFT_MAX)
llama_graph_n_input_tensors: input tensor '                attn_inp_kq_mask' [f32, ne = {   512,     1,     1,     1 }] is used by node 'kq_soft_max-41' (SOFT_MAX)
llama_graph_n_input_tensors: input tensor '                 attn_inp_v_idxs' [i64, ne = {  1024,     1,     1,     1 }] is used by node 'cache_v_l5 (reshaped) (view)' (SET_ROWS)
llama_graph_n_input_tensors: input tensor '                 attn_inp_v_idxs' [i64, ne = {  1024,     1,     1,     1 }] is used by node 'cache_v_l11 (reshaped) (view)' (SET_ROWS)
llama_graph_n_input_tensors: input tensor '                 attn_inp_v_idxs' [i64, ne = {  1024,     1,     1,     1 }] is used by node 'cache_v_l17 (reshaped) (view)' (SET_ROWS)
llama_graph_n_input_tensors: input tensor '                 attn_inp_v_idxs' [i64, ne = {  1024,     1,     1,     1 }] is used by node 'cache_v_l23 (reshaped) (view)' (SET_ROWS)
llama_graph_n_input_tensors: input tensor '                 attn_inp_k_idxs' [i64, ne = {     1,     1,     1,     1 }] is used by node 'cache_k_l5 (view)' (SET_ROWS)
llama_graph_n_input_tensors: input tensor '                 attn_inp_k_idxs' [i64, ne = {     1,     1,     1,     1 }] is used by node 'cache_k_l11 (view)' (SET_ROWS)
llama_graph_n_input_tensors: input tensor '                 attn_inp_k_idxs' [i64, ne = {     1,     1,     1,     1 }] is used by node 'cache_k_l17 (view)' (SET_ROWS)
llama_graph_n_input_tensors: input tensor '                 attn_inp_k_idxs' [i64, ne = {     1,     1,     1,     1 }] is used by node 'cache_k_l23 (view)' (SET_ROWS)
llama_graph_n_input_tensors: input tensor '                attn_inp_kq_mask' [f32, ne = {   512,     1,     1,     1 }] is used by node 'kq_soft_max-0' (SOFT_MAX)
llama_graph_n_input_tensors: input tensor '                attn_inp_kq_mask' [f32, ne = {   512,     1,     1,     1 }] is used by node 'kq_soft_max-1' (SOFT_MAX)
llama_graph_n_input_tensors: input tensor '                attn_inp_kq_mask' [f32, ne = {   512,     1,     1,     1 }] is used by node 'kq_soft_max-2' (SOFT_MAX)
llama_graph_n_input_tensors: input tensor '                attn_inp_kq_mask' [f32, ne = {   512,     1,     1,     1 }] is used by node 'kq_soft_max-3' (SOFT_MAX)
llama_graph_n_input_tensors: input tensor '                attn_inp_kq_mask' [f32, ne = {   512,     1,     1,     1 }] is used by node 'kq_soft_max-4' (SOFT_MAX)
llama_graph_n_input_tensors: input tensor '                attn_inp_kq_mask' [f32, ne = {   512,     1,     1,     1 }] is used by node 'kq_soft_max-6' (SOFT_MAX)
llama_graph_n_input_tensors: input tensor '                attn_inp_kq_mask' [f32, ne = {   512,     1,     1,     1 }] is used by node 'kq_soft_max-7' (SOFT_MAX)
llama_graph_n_input_tensors: input tensor '                attn_inp_kq_mask' [f32, ne = {   512,     1,     1,     1 }] is used by node 'kq_soft_max-8' (SOFT_MAX)
llama_graph_n_input_tensors: input tensor '                attn_inp_kq_mask' [f32, ne = {   512,     1,     1,     1 }] is used by node 'kq_soft_max-9' (SOFT_MAX)
llama_graph_n_input_tensors: input tensor '                attn_inp_kq_mask' [f32, ne = {   512,     1,     1,     1 }] is used by node 'kq_soft_max-10' (SOFT_MAX)
llama_graph_n_input_tensors: input tensor '                attn_inp_kq_mask' [f32, ne = {   512,     1,     1,     1 }] is used by node 'kq_soft_max-12' (SOFT_MAX)
llama_graph_n_input_tensors: input tensor '                attn_inp_kq_mask' [f32, ne = {   512,     1,     1,     1 }] is used by node 'kq_soft_max-13' (SOFT_MAX)
llama_graph_n_input_tensors: input tensor '                attn_inp_kq_mask' [f32, ne = {   512,     1,     1,     1 }] is used by node 'kq_soft_max-14' (SOFT_MAX)
llama_graph_n_input_tensors: input tensor '                attn_inp_kq_mask' [f32, ne = {   512,     1,     1,     1 }] is used by node 'kq_soft_max-15' (SOFT_MAX)
llama_graph_n_input_tensors: input tensor '                attn_inp_kq_mask' [f32, ne = {   512,     1,     1,     1 }] is used by node 'kq_soft_max-16' (SOFT_MAX)
llama_graph_n_input_tensors: input tensor '                attn_inp_kq_mask' [f32, ne = {   512,     1,     1,     1 }] is used by node 'kq_soft_max-18' (SOFT_MAX)
llama_graph_n_input_tensors: input tensor '                attn_inp_kq_mask' [f32, ne = {   512,     1,     1,     1 }] is used by node 'kq_soft_max-19' (SOFT_MAX)
llama_graph_n_input_tensors: input tensor '                attn_inp_kq_mask' [f32, ne = {   512,     1,     1,     1 }] is used by node 'kq_soft_max-20' (SOFT_MAX)
llama_graph_n_input_tensors: input tensor '                attn_inp_kq_mask' [f32, ne = {   512,     1,     1,     1 }] is used by node 'kq_soft_max-21' (SOFT_MAX)
llama_graph_n_input_tensors: input tensor '                attn_inp_kq_mask' [f32, ne = {   512,     1,     1,     1 }] is used by node 'kq_soft_max-22' (SOFT_MAX)
llama_graph_n_input_tensors: input tensor '                attn_inp_kq_mask' [f32, ne = {   512,     1,     1,     1 }] is used by node 'kq_soft_max-24' (SOFT_MAX)
llama_graph_n_input_tensors: input tensor '                attn_inp_kq_mask' [f32, ne = {   512,     1,     1,     1 }] is used by node 'kq_soft_max-25' (SOFT_MAX)
llama_graph_n_input_tensors: input tensor '                attn_inp_kq_mask' [f32, ne = {   512,     1,     1,     1 }] is used by node 'kq_soft_max-26' (SOFT_MAX)
llama_graph_n_input_tensors: input tensor '                attn_inp_kq_mask' [f32, ne = {   512,     1,     1,     1 }] is used by node 'kq_soft_max-27' (SOFT_MAX)
llama_graph_n_input_tensors: input tensor '                attn_inp_kq_mask' [f32, ne = {   512,     1,     1,     1 }] is used by node 'kq_soft_max-28' (SOFT_MAX)
llama_graph_n_input_tensors: input tensor '                attn_inp_kq_mask' [f32, ne = {   512,     1,     1,     1 }] is used by node 'kq_soft_max-30' (SOFT_MAX)
llama_graph_n_input_tensors: input tensor '                attn_inp_kq_mask' [f32, ne = {   512,     1,     1,     1 }] is used by node 'kq_soft_max-31' (SOFT_MAX)
llama_graph_n_input_tensors: input tensor '                attn_inp_kq_mask' [f32, ne = {   512,     1,     1,     1 }] is used by node 'kq_soft_max-32' (SOFT_MAX)
llama_graph_n_input_tensors: input tensor '                attn_inp_kq_mask' [f32, ne = {   512,     1,     1,     1 }] is used by node 'kq_soft_max-33' (SOFT_MAX)
llama_graph_n_input_tensors: input tensor '                attn_inp_kq_mask' [f32, ne = {   512,     1,     1,     1 }] is used by node 'kq_soft_max-34' (SOFT_MAX)
llama_graph_n_input_tensors: input tensor '                attn_inp_kq_mask' [f32, ne = {   512,     1,     1,     1 }] is used by node 'kq_soft_max-36' (SOFT_MAX)
llama_graph_n_input_tensors: input tensor '                attn_inp_kq_mask' [f32, ne = {   512,     1,     1,     1 }] is used by node 'kq_soft_max-37' (SOFT_MAX)
llama_graph_n_input_tensors: input tensor '                attn_inp_kq_mask' [f32, ne = {   512,     1,     1,     1 }] is used by node 'kq_soft_max-38' (SOFT_MAX)
llama_graph_n_input_tensors: input tensor '                attn_inp_kq_mask' [f32, ne = {   512,     1,     1,     1 }] is used by node 'kq_soft_max-39' (SOFT_MAX)
llama_graph_n_input_tensors: input tensor '                attn_inp_kq_mask' [f32, ne = {   512,     1,     1,     1 }] is used by node 'kq_soft_max-40' (SOFT_MAX)
llama_graph_n_input_tensors: input tensor '                 attn_inp_v_idxs' [i64, ne = {  1024,     1,     1,     1 }] is used by node 'cache_v_l0 (reshaped) (view)' (SET_ROWS)
llama_graph_n_input_tensors: input tensor '                 attn_inp_v_idxs' [i64, ne = {  1024,     1,     1,     1 }] is used by node 'cache_v_l1 (reshaped) (view)' (SET_ROWS)
llama_graph_n_input_tensors: input tensor '                 attn_inp_v_idxs' [i64, ne = {  1024,     1,     1,     1 }] is used by node 'cache_v_l2 (reshaped) (view)' (SET_ROWS)
llama_graph_n_input_tensors: input tensor '                 attn_inp_v_idxs' [i64, ne = {  1024,     1,     1,     1 }] is used by node 'cache_v_l3 (reshaped) (view)' (SET_ROWS)
llama_graph_n_input_tensors: input tensor '                 attn_inp_v_idxs' [i64, ne = {  1024,     1,     1,     1 }] is used by node 'cache_v_l4 (reshaped) (view)' (SET_ROWS)
llama_graph_n_input_tensors: input tensor '                 attn_inp_v_idxs' [i64, ne = {  1024,     1,     1,     1 }] is used by node 'cache_v_l6 (reshaped) (view)' (SET_ROWS)
llama_graph_n_input_tensors: input tensor '                 attn_inp_v_idxs' [i64, ne = {  1024,     1,     1,     1 }] is used by node 'cache_v_l7 (reshaped) (view)' (SET_ROWS)
llama_graph_n_input_tensors: input tensor '                 attn_inp_v_idxs' [i64, ne = {  1024,     1,     1,     1 }] is used by node 'cache_v_l8 (reshaped) (view)' (SET_ROWS)
llama_graph_n_input_tensors: input tensor '                 attn_inp_v_idxs' [i64, ne = {  1024,     1,     1,     1 }] is used by node 'cache_v_l9 (reshaped) (view)' (SET_ROWS)
llama_graph_n_input_tensors: input tensor '                 attn_inp_v_idxs' [i64, ne = {  1024,     1,     1,     1 }] is used by node 'cache_v_l10 (reshaped) (view)' (SET_ROWS)
llama_graph_n_input_tensors: input tensor '                 attn_inp_v_idxs' [i64, ne = {  1024,     1,     1,     1 }] is used by node 'cache_v_l12 (reshaped) (view)' (SET_ROWS)
llama_graph_n_input_tensors: input tensor '                 attn_inp_v_idxs' [i64, ne = {  1024,     1,     1,     1 }] is used by node 'cache_v_l13 (reshaped) (view)' (SET_ROWS)
llama_graph_n_input_tensors: input tensor '                 attn_inp_v_idxs' [i64, ne = {  1024,     1,     1,     1 }] is used by node 'cache_v_l14 (reshaped) (view)' (SET_ROWS)
llama_graph_n_input_tensors: input tensor '                 attn_inp_v_idxs' [i64, ne = {  1024,     1,     1,     1 }] is used by node 'cache_v_l15 (reshaped) (view)' (SET_ROWS)
llama_graph_n_input_tensors: input tensor '                 attn_inp_v_idxs' [i64, ne = {  1024,     1,     1,     1 }] is used by node 'cache_v_l16 (reshaped) (view)' (SET_ROWS)
llama_graph_n_input_tensors: input tensor '                 attn_inp_v_idxs' [i64, ne = {  1024,     1,     1,     1 }] is used by node 'cache_v_l18 (reshaped) (view)' (SET_ROWS)
llama_graph_n_input_tensors: input tensor '                 attn_inp_v_idxs' [i64, ne = {  1024,     1,     1,     1 }] is used by node 'cache_v_l19 (reshaped) (view)' (SET_ROWS)
llama_graph_n_input_tensors: input tensor '                 attn_inp_v_idxs' [i64, ne = {  1024,     1,     1,     1 }] is used by node 'cache_v_l20 (reshaped) (view)' (SET_ROWS)
llama_graph_n_input_tensors: input tensor '                 attn_inp_v_idxs' [i64, ne = {  1024,     1,     1,     1 }] is used by node 'cache_v_l21 (reshaped) (view)' (SET_ROWS)
llama_graph_n_input_tensors: input tensor '                 attn_inp_v_idxs' [i64, ne = {  1024,     1,     1,     1 }] is used by node 'cache_v_l22 (reshaped) (view)' (SET_ROWS)
llama_graph_n_input_tensors: input tensor '                 attn_inp_k_idxs' [i64, ne = {     1,     1,     1,     1 }] is used by node 'cache_k_l0 (view)' (SET_ROWS)
llama_graph_n_input_tensors: input tensor '                 attn_inp_k_idxs' [i64, ne = {     1,     1,     1,     1 }] is used by node 'cache_k_l1 (view)' (SET_ROWS)
llama_graph_n_input_tensors: input tensor '                 attn_inp_k_idxs' [i64, ne = {     1,     1,     1,     1 }] is used by node 'cache_k_l2 (view)' (SET_ROWS)
llama_graph_n_input_tensors: input tensor '                 attn_inp_k_idxs' [i64, ne = {     1,     1,     1,     1 }] is used by node 'cache_k_l3 (view)' (SET_ROWS)
llama_graph_n_input_tensors: input tensor '                 attn_inp_k_idxs' [i64, ne = {     1,     1,     1,     1 }] is used by node 'cache_k_l4 (view)' (SET_ROWS)
llama_graph_n_input_tensors: input tensor '                 attn_inp_k_idxs' [i64, ne = {     1,     1,     1,     1 }] is used by node 'cache_k_l6 (view)' (SET_ROWS)
llama_graph_n_input_tensors: input tensor '                 attn_inp_k_idxs' [i64, ne = {     1,     1,     1,     1 }] is used by node 'cache_k_l7 (view)' (SET_ROWS)
llama_graph_n_input_tensors: input tensor '                 attn_inp_k_idxs' [i64, ne = {     1,     1,     1,     1 }] is used by node 'cache_k_l8 (view)' (SET_ROWS)
llama_graph_n_input_tensors: input tensor '                 attn_inp_k_idxs' [i64, ne = {     1,     1,     1,     1 }] is used by node 'cache_k_l9 (view)' (SET_ROWS)
llama_graph_n_input_tensors: input tensor '                 attn_inp_k_idxs' [i64, ne = {     1,     1,     1,     1 }] is used by node 'cache_k_l10 (view)' (SET_ROWS)
llama_graph_n_input_tensors: input tensor '                 attn_inp_k_idxs' [i64, ne = {     1,     1,     1,     1 }] is used by node 'cache_k_l12 (view)' (SET_ROWS)
llama_graph_n_input_tensors: input tensor '                 attn_inp_k_idxs' [i64, ne = {     1,     1,     1,     1 }] is used by node 'cache_k_l13 (view)' (SET_ROWS)
llama_graph_n_input_tensors: input tensor '                 attn_inp_k_idxs' [i64, ne = {     1,     1,     1,     1 }] is used by node 'cache_k_l14 (view)' (SET_ROWS)
llama_graph_n_input_tensors: input tensor '                 attn_inp_k_idxs' [i64, ne = {     1,     1,     1,     1 }] is used by node 'cache_k_l15 (view)' (SET_ROWS)
llama_graph_n_input_tensors: input tensor '                 attn_inp_k_idxs' [i64, ne = {     1,     1,     1,     1 }] is used by node 'cache_k_l16 (view)' (SET_ROWS)
llama_graph_n_input_tensors: input tensor '                 attn_inp_k_idxs' [i64, ne = {     1,     1,     1,     1 }] is used by node 'cache_k_l18 (view)' (SET_ROWS)
llama_graph_n_input_tensors: input tensor '                 attn_inp_k_idxs' [i64, ne = {     1,     1,     1,     1 }] is used by node 'cache_k_l19 (view)' (SET_ROWS)
llama_graph_n_input_tensors: input tensor '                 attn_inp_k_idxs' [i64, ne = {     1,     1,     1,     1 }] is used by node 'cache_k_l20 (view)' (SET_ROWS)
llama_graph_n_input_tensors: input tensor '                 attn_inp_k_idxs' [i64, ne = {     1,     1,     1,     1 }] is used by node 'cache_k_l21 (view)' (SET_ROWS)
llama_graph_n_input_tensors: input tensor '                 attn_inp_k_idxs' [i64, ne = {     1,     1,     1,     1 }] is used by node 'cache_k_l22 (view)' (SET_ROWS)
llama_graph_n_input_tensors: input tensor '                         inp_pos' [i32, ne = {     1,     1,     1,     1 }] is used by node 'Qcur_pos-0' (ROPE)
llama_graph_n_input_tensors: input tensor '                         inp_pos' [i32, ne = {     1,     1,     1,     1 }] is used by node 'Kcur_pos-0' (ROPE)
llama_graph_n_input_tensors: input tensor '                         inp_pos' [i32, ne = {     1,     1,     1,     1 }] is used by node 'Qcur_pos-1' (ROPE)
llama_graph_n_input_tensors: input tensor '                         inp_pos' [i32, ne = {     1,     1,     1,     1 }] is used by node 'Kcur_pos-1' (ROPE)
llama_graph_n_input_tensors: input tensor '                         inp_pos' [i32, ne = {     1,     1,     1,     1 }] is used by node 'Qcur_pos-2' (ROPE)
llama_graph_n_input_tensors: input tensor '                         inp_pos' [i32, ne = {     1,     1,     1,     1 }] is used by node 'Kcur_pos-2' (ROPE)
llama_graph_n_input_tensors: input tensor '                         inp_pos' [i32, ne = {     1,     1,     1,     1 }] is used by node 'Qcur_pos-3' (ROPE)
llama_graph_n_input_tensors: input tensor '                         inp_pos' [i32, ne = {     1,     1,     1,     1 }] is used by node 'Kcur_pos-3' (ROPE)
llama_graph_n_input_tensors: input tensor '                         inp_pos' [i32, ne = {     1,     1,     1,     1 }] is used by node 'Qcur_pos-4' (ROPE)
llama_graph_n_input_tensors: input tensor '                         inp_pos' [i32, ne = {     1,     1,     1,     1 }] is used by node 'Kcur_pos-4' (ROPE)
llama_graph_n_input_tensors: input tensor '                         inp_pos' [i32, ne = {     1,     1,     1,     1 }] is used by node 'Qcur_pos-5' (ROPE)
llama_graph_n_input_tensors: input tensor '                         inp_pos' [i32, ne = {     1,     1,     1,     1 }] is used by node 'Kcur_pos-5' (ROPE)
llama_graph_n_input_tensors: input tensor '                         inp_pos' [i32, ne = {     1,     1,     1,     1 }] is used by node 'Qcur_pos-6' (ROPE)
llama_graph_n_input_tensors: input tensor '                         inp_pos' [i32, ne = {     1,     1,     1,     1 }] is used by node 'Kcur_pos-6' (ROPE)
llama_graph_n_input_tensors: input tensor '                         inp_pos' [i32, ne = {     1,     1,     1,     1 }] is used by node 'Qcur_pos-7' (ROPE)
llama_graph_n_input_tensors: input tensor '                         inp_pos' [i32, ne = {     1,     1,     1,     1 }] is used by node 'Kcur_pos-7' (ROPE)
llama_graph_n_input_tensors: input tensor '                         inp_pos' [i32, ne = {     1,     1,     1,     1 }] is used by node 'Qcur_pos-8' (ROPE)
llama_graph_n_input_tensors: input tensor '                         inp_pos' [i32, ne = {     1,     1,     1,     1 }] is used by node 'Kcur_pos-8' (ROPE)
llama_graph_n_input_tensors: input tensor '                         inp_pos' [i32, ne = {     1,     1,     1,     1 }] is used by node 'Qcur_pos-9' (ROPE)
llama_graph_n_input_tensors: input tensor '                         inp_pos' [i32, ne = {     1,     1,     1,     1 }] is used by node 'Kcur_pos-9' (ROPE)
llama_graph_n_input_tensors: input tensor '                         inp_pos' [i32, ne = {     1,     1,     1,     1 }] is used by node 'Qcur_pos-10' (ROPE)
llama_graph_n_input_tensors: input tensor '                         inp_pos' [i32, ne = {     1,     1,     1,     1 }] is used by node 'Kcur_pos-10' (ROPE)
llama_graph_n_input_tensors: input tensor '                         inp_pos' [i32, ne = {     1,     1,     1,     1 }] is used by node 'Qcur_pos-11' (ROPE)
llama_graph_n_input_tensors: input tensor '                         inp_pos' [i32, ne = {     1,     1,     1,     1 }] is used by node 'Kcur_pos-11' (ROPE)
llama_graph_n_input_tensors: input tensor '                         inp_pos' [i32, ne = {     1,     1,     1,     1 }] is used by node 'Qcur_pos-12' (ROPE)
llama_graph_n_input_tensors: input tensor '                         inp_pos' [i32, ne = {     1,     1,     1,     1 }] is used by node 'Kcur_pos-12' (ROPE)
llama_graph_n_input_tensors: input tensor '                         inp_pos' [i32, ne = {     1,     1,     1,     1 }] is used by node 'Qcur_pos-13' (ROPE)
llama_graph_n_input_tensors: input tensor '                         inp_pos' [i32, ne = {     1,     1,     1,     1 }] is used by node 'Kcur_pos-13' (ROPE)
llama_graph_n_input_tensors: input tensor '                         inp_pos' [i32, ne = {     1,     1,     1,     1 }] is used by node 'Qcur_pos-14' (ROPE)
llama_graph_n_input_tensors: input tensor '                         inp_pos' [i32, ne = {     1,     1,     1,     1 }] is used by node 'Kcur_pos-14' (ROPE)
llama_graph_n_input_tensors: input tensor '                         inp_pos' [i32, ne = {     1,     1,     1,     1 }] is used by node 'Qcur_pos-15' (ROPE)
llama_graph_n_input_tensors: input tensor '                         inp_pos' [i32, ne = {     1,     1,     1,     1 }] is used by node 'Kcur_pos-15' (ROPE)
llama_graph_n_input_tensors: input tensor '                         inp_pos' [i32, ne = {     1,     1,     1,     1 }] is used by node 'Qcur_pos-16' (ROPE)
llama_graph_n_input_tensors: input tensor '                         inp_pos' [i32, ne = {     1,     1,     1,     1 }] is used by node 'Kcur_pos-16' (ROPE)
llama_graph_n_input_tensors: input tensor '                         inp_pos' [i32, ne = {     1,     1,     1,     1 }] is used by node 'Qcur_pos-17' (ROPE)
llama_graph_n_input_tensors: input tensor '                         inp_pos' [i32, ne = {     1,     1,     1,     1 }] is used by node 'Kcur_pos-17' (ROPE)
llama_graph_n_input_tensors: input tensor '                         inp_pos' [i32, ne = {     1,     1,     1,     1 }] is used by node 'Qcur_pos-18' (ROPE)
llama_graph_n_input_tensors: input tensor '                         inp_pos' [i32, ne = {     1,     1,     1,     1 }] is used by node 'Kcur_pos-18' (ROPE)
llama_graph_n_input_tensors: input tensor '                         inp_pos' [i32, ne = {     1,     1,     1,     1 }] is used by node 'Qcur_pos-19' (ROPE)
llama_graph_n_input_tensors: input tensor '                         inp_pos' [i32, ne = {     1,     1,     1,     1 }] is used by node 'Kcur_pos-19' (ROPE)
llama_graph_n_input_tensors: input tensor '                         inp_pos' [i32, ne = {     1,     1,     1,     1 }] is used by node 'Qcur_pos-20' (ROPE)
llama_graph_n_input_tensors: input tensor '                         inp_pos' [i32, ne = {     1,     1,     1,     1 }] is used by node 'Kcur_pos-20' (ROPE)
llama_graph_n_input_tensors: input tensor '                         inp_pos' [i32, ne = {     1,     1,     1,     1 }] is used by node 'Qcur_pos-21' (ROPE)
llama_graph_n_input_tensors: input tensor '                         inp_pos' [i32, ne = {     1,     1,     1,     1 }] is used by node 'Kcur_pos-21' (ROPE)
llama_graph_n_input_tensors: input tensor '                         inp_pos' [i32, ne = {     1,     1,     1,     1 }] is used by node 'Qcur_pos-22' (ROPE)
llama_graph_n_input_tensors: input tensor '                         inp_pos' [i32, ne = {     1,     1,     1,     1 }] is used by node 'Kcur_pos-22' (ROPE)
llama_graph_n_input_tensors: input tensor '                         inp_pos' [i32, ne = {     1,     1,     1,     1 }] is used by node 'Qcur_pos-23' (ROPE)
llama_graph_n_input_tensors: input tensor '                         inp_pos' [i32, ne = {     1,     1,     1,     1 }] is used by node 'Kcur_pos-23' (ROPE)
llama_graph_n_input_tensors: input tensor '                         inp_pos' [i32, ne = {     1,     1,     1,     1 }] is used by node 'Qcur_pos-24' (ROPE)
llama_graph_n_input_tensors: input tensor '                         inp_pos' [i32, ne = {     1,     1,     1,     1 }] is used by node 'Qcur_pos-25' (ROPE)
llama_graph_n_input_tensors: input tensor '                         inp_pos' [i32, ne = {     1,     1,     1,     1 }] is used by node 'Qcur_pos-26' (ROPE)
llama_graph_n_input_tensors: input tensor '                         inp_pos' [i32, ne = {     1,     1,     1,     1 }] is used by node 'Qcur_pos-27' (ROPE)
llama_graph_n_input_tensors: input tensor '                         inp_pos' [i32, ne = {     1,     1,     1,     1 }] is used by node 'Qcur_pos-28' (ROPE)
llama_graph_n_input_tensors: input tensor '                         inp_pos' [i32, ne = {     1,     1,     1,     1 }] is used by node 'Qcur_pos-29' (ROPE)
llama_graph_n_input_tensors: input tensor '                         inp_pos' [i32, ne = {     1,     1,     1,     1 }] is used by node 'Qcur_pos-30' (ROPE)
llama_graph_n_input_tensors: input tensor '                         inp_pos' [i32, ne = {     1,     1,     1,     1 }] is used by node 'Qcur_pos-31' (ROPE)
llama_graph_n_input_tensors: input tensor '                         inp_pos' [i32, ne = {     1,     1,     1,     1 }] is used by node 'Qcur_pos-32' (ROPE)
llama_graph_n_input_tensors: input tensor '                         inp_pos' [i32, ne = {     1,     1,     1,     1 }] is used by node 'Qcur_pos-33' (ROPE)
llama_graph_n_input_tensors: input tensor '                         inp_pos' [i32, ne = {     1,     1,     1,     1 }] is used by node 'Qcur_pos-34' (ROPE)
llama_graph_n_input_tensors: input tensor '                         inp_pos' [i32, ne = {     1,     1,     1,     1 }] is used by node 'Qcur_pos-35' (ROPE)
llama_graph_n_input_tensors: input tensor '                         inp_pos' [i32, ne = {     1,     1,     1,     1 }] is used by node 'Qcur_pos-36' (ROPE)
llama_graph_n_input_tensors: input tensor '                         inp_pos' [i32, ne = {     1,     1,     1,     1 }] is used by node 'Qcur_pos-37' (ROPE)
llama_graph_n_input_tensors: input tensor '                         inp_pos' [i32, ne = {     1,     1,     1,     1 }] is used by node 'Qcur_pos-38' (ROPE)
llama_graph_n_input_tensors: input tensor '                         inp_pos' [i32, ne = {     1,     1,     1,     1 }] is used by node 'Qcur_pos-39' (ROPE)
llama_graph_n_input_tensors: input tensor '                         inp_pos' [i32, ne = {     1,     1,     1,     1 }] is used by node 'Qcur_pos-40' (ROPE)
llama_graph_n_input_tensors: input tensor '                         inp_pos' [i32, ne = {     1,     1,     1,     1 }] is used by node 'Qcur_pos-41' (ROPE)
llama_graph_n_input_tensors: input tensor '                          leaf_4' [i32, ne = {     1,     1,     1,     1 }] is used by node 'node_1' (GET_ROWS)
llama_graph_n_input_tensors: input tensor '                      inp_tokens' [i32, ne = {     1,     1,     1,     1 }] is used by node 'embd' (GET_ROWS)
resolve_fused_ops: fused DeepSeek V4 HC pre enabled
graph_reserve: reserving a graph for ubatch with n_tokens =    1, n_seqs =  1, n_outputs =    1
llama_graph_n_input_tensors: input tensor '                         out_ids' [i32, ne = {     1,     1,     1,     1 }] is used by node 'result_norm' (GET_ROWS)
llama_graph_n_input_tensors: input tensor '                attn_inp_kq_mask' [f32, ne = {   512,     1,     1,     1 }] is used by node 'kq_soft_max-5' (SOFT_MAX)
llama_graph_n_input_tensors: input tensor '                attn_inp_kq_mask' [f32, ne = {   512,     1,     1,     1 }] is used by node 'kq_soft_max-11' (SOFT_MAX)
llama_graph_n_input_tensors: input tensor '                attn_inp_kq_mask' [f32, ne = {   512,     1,     1,     1 }] is used by node 'kq_soft_max-17' (SOFT_MAX)
llama_graph_n_input_tensors: input tensor '                attn_inp_kq_mask' [f32, ne = {   512,     1,     1,     1 }] is used by node 'kq_soft_max-23' (SOFT_MAX)
llama_graph_n_input_tensors: input tensor '                attn_inp_kq_mask' [f32, ne = {   512,     1,     1,     1 }] is used by node 'kq_soft_max-29' (SOFT_MAX)
llama_graph_n_input_tensors: input tensor '                attn_inp_kq_mask' [f32, ne = {   512,     1,     1,     1 }] is used by node 'kq_soft_max-35' (SOFT_MAX)
llama_graph_n_input_tensors: input tensor '                attn_inp_kq_mask' [f32, ne = {   512,     1,     1,     1 }] is used by node 'kq_soft_max-41' (SOFT_MAX)
llama_graph_n_input_tensors: input tensor '                 attn_inp_v_idxs' [i64, ne = {  1024,     1,     1,     1 }] is used by node 'cache_v_l5 (reshaped) (view)' (SET_ROWS)
llama_graph_n_input_tensors: input tensor '                 attn_inp_v_idxs' [i64, ne = {  1024,     1,     1,     1 }] is used by node 'cache_v_l11 (reshaped) (view)' (SET_ROWS)
llama_graph_n_input_tensors: input tensor '                 attn_inp_v_idxs' [i64, ne = {  1024,     1,     1,     1 }] is used by node 'cache_v_l17 (reshaped) (view)' (SET_ROWS)
llama_graph_n_input_tensors: input tensor '                 attn_inp_v_idxs' [i64, ne = {  1024,     1,     1,     1 }] is used by node 'cache_v_l23 (reshaped) (view)' (SET_ROWS)
llama_graph_n_input_tensors: input tensor '                 attn_inp_k_idxs' [i64, ne = {     1,     1,     1,     1 }] is used by node 'cache_k_l5 (view)' (SET_ROWS)
llama_graph_n_input_tensors: input tensor '                 attn_inp_k_idxs' [i64, ne = {     1,     1,     1,     1 }] is used by node 'cache_k_l11 (view)' (SET_ROWS)
llama_graph_n_input_tensors: input tensor '                 attn_inp_k_idxs' [i64, ne = {     1,     1,     1,     1 }] is used by node 'cache_k_l17 (view)' (SET_ROWS)
llama_graph_n_input_tensors: input tensor '                 attn_inp_k_idxs' [i64, ne = {     1,     1,     1,     1 }] is used by node 'cache_k_l23 (view)' (SET_ROWS)
llama_graph_n_input_tensors: input tensor '                attn_inp_kq_mask' [f32, ne = {   512,     1,     1,     1 }] is used by node 'kq_soft_max-0' (SOFT_MAX)
llama_graph_n_input_tensors: input tensor '                attn_inp_kq_mask' [f32, ne = {   512,     1,     1,     1 }] is used by node 'kq_soft_max-1' (SOFT_MAX)
llama_graph_n_input_tensors: input tensor '                attn_inp_kq_mask' [f32, ne = {   512,     1,     1,     1 }] is used by node 'kq_soft_max-2' (SOFT_MAX)
llama_graph_n_input_tensors: input tensor '                attn_inp_kq_mask' [f32, ne = {   512,     1,     1,     1 }] is used by node 'kq_soft_max-3' (SOFT_MAX)
llama_graph_n_input_tensors: input tensor '                attn_inp_kq_mask' [f32, ne = {   512,     1,     1,     1 }] is used by node 'kq_soft_max-4' (SOFT_MAX)
llama_graph_n_input_tensors: input tensor '                attn_inp_kq_mask' [f32, ne = {   512,     1,     1,     1 }] is used by node 'kq_soft_max-6' (SOFT_MAX)
llama_graph_n_input_tensors: input tensor '                attn_inp_kq_mask' [f32, ne = {   512,     1,     1,     1 }] is used by node 'kq_soft_max-7' (SOFT_MAX)
llama_graph_n_input_tensors: input tensor '                attn_inp_kq_mask' [f32, ne = {   512,     1,     1,     1 }] is used by node 'kq_soft_max-8' (SOFT_MAX)
llama_graph_n_input_tensors: input tensor '                attn_inp_kq_mask' [f32, ne = {   512,     1,     1,     1 }] is used by node 'kq_soft_max-9' (SOFT_MAX)
llama_graph_n_input_tensors: input tensor '                attn_inp_kq_mask' [f32, ne = {   512,     1,     1,     1 }] is used by node 'kq_soft_max-10' (SOFT_MAX)
llama_graph_n_input_tensors: input tensor '                attn_inp_kq_mask' [f32, ne = {   512,     1,     1,     1 }] is used by node 'kq_soft_max-12' (SOFT_MAX)
llama_graph_n_input_tensors: input tensor '                attn_inp_kq_mask' [f32, ne = {   512,     1,     1,     1 }] is used by node 'kq_soft_max-13' (SOFT_MAX)
llama_graph_n_input_tensors: input tensor '                attn_inp_kq_mask' [f32, ne = {   512,     1,     1,     1 }] is used by node 'kq_soft_max-14' (SOFT_MAX)
llama_graph_n_input_tensors: input tensor '                attn_inp_kq_mask' [f32, ne = {   512,     1,     1,     1 }] is used by node 'kq_soft_max-15' (SOFT_MAX)
llama_graph_n_input_tensors: input tensor '                attn_inp_kq_mask' [f32, ne = {   512,     1,     1,     1 }] is used by node 'kq_soft_max-16' (SOFT_MAX)
llama_graph_n_input_tensors: input tensor '                attn_inp_kq_mask' [f32, ne = {   512,     1,     1,     1 }] is used by node 'kq_soft_max-18' (SOFT_MAX)
llama_graph_n_input_tensors: input tensor '                attn_inp_kq_mask' [f32, ne = {   512,     1,     1,     1 }] is used by node 'kq_soft_max-19' (SOFT_MAX)
llama_graph_n_input_tensors: input tensor '                attn_inp_kq_mask' [f32, ne = {   512,     1,     1,     1 }] is used by node 'kq_soft_max-20' (SOFT_MAX)
llama_graph_n_input_tensors: input tensor '                attn_inp_kq_mask' [f32, ne = {   512,     1,     1,     1 }] is used by node 'kq_soft_max-21' (SOFT_MAX)
llama_graph_n_input_tensors: input tensor '                attn_inp_kq_mask' [f32, ne = {   512,     1,     1,     1 }] is used by node 'kq_soft_max-22' (SOFT_MAX)
llama_graph_n_input_tensors: input tensor '                attn_inp_kq_mask' [f32, ne = {   512,     1,     1,     1 }] is used by node 'kq_soft_max-24' (SOFT_MAX)
llama_graph_n_input_tensors: input tensor '                attn_inp_kq_mask' [f32, ne = {   512,     1,     1,     1 }] is used by node 'kq_soft_max-25' (SOFT_MAX)
llama_graph_n_input_tensors: input tensor '                attn_inp_kq_mask' [f32, ne = {   512,     1,     1,     1 }] is used by node 'kq_soft_max-26' (SOFT_MAX)
llama_graph_n_input_tensors: input tensor '                attn_inp_kq_mask' [f32, ne = {   512,     1,     1,     1 }] is used by node 'kq_soft_max-27' (SOFT_MAX)
llama_graph_n_input_tensors: input tensor '                attn_inp_kq_mask' [f32, ne = {   512,     1,     1,     1 }] is used by node 'kq_soft_max-28' (SOFT_MAX)
llama_graph_n_input_tensors: input tensor '                attn_inp_kq_mask' [f32, ne = {   512,     1,     1,     1 }] is used by node 'kq_soft_max-30' (SOFT_MAX)
llama_graph_n_input_tensors: input tensor '                attn_inp_kq_mask' [f32, ne = {   512,     1,     1,     1 }] is used by node 'kq_soft_max-31' (SOFT_MAX)
llama_graph_n_input_tensors: input tensor '                attn_inp_kq_mask' [f32, ne = {   512,     1,     1,     1 }] is used by node 'kq_soft_max-32' (SOFT_MAX)
llama_graph_n_input_tensors: input tensor '                attn_inp_kq_mask' [f32, ne = {   512,     1,     1,     1 }] is used by node 'kq_soft_max-33' (SOFT_MAX)
llama_graph_n_input_tensors: input tensor '                attn_inp_kq_mask' [f32, ne = {   512,     1,     1,     1 }] is used by node 'kq_soft_max-34' (SOFT_MAX)
llama_graph_n_input_tensors: input tensor '                attn_inp_kq_mask' [f32, ne = {   512,     1,     1,     1 }] is used by node 'kq_soft_max-36' (SOFT_MAX)
llama_graph_n_input_tensors: input tensor '                attn_inp_kq_mask' [f32, ne = {   512,     1,     1,     1 }] is used by node 'kq_soft_max-37' (SOFT_MAX)
llama_graph_n_input_tensors: input tensor '                attn_inp_kq_mask' [f32, ne = {   512,     1,     1,     1 }] is used by node 'kq_soft_max-38' (SOFT_MAX)
llama_graph_n_input_tensors: input tensor '                attn_inp_kq_mask' [f32, ne = {   512,     1,     1,     1 }] is used by node 'kq_soft_max-39' (SOFT_MAX)
llama_graph_n_input_tensors: input tensor '                attn_inp_kq_mask' [f32, ne = {   512,     1,     1,     1 }] is used by node 'kq_soft_max-40' (SOFT_MAX)
llama_graph_n_input_tensors: input tensor '                 attn_inp_v_idxs' [i64, ne = {  1024,     1,     1,     1 }] is used by node 'cache_v_l0 (reshaped) (view)' (SET_ROWS)
llama_graph_n_input_tensors: input tensor '                 attn_inp_v_idxs' [i64, ne = {  1024,     1,     1,     1 }] is used by node 'cache_v_l1 (reshaped) (view)' (SET_ROWS)
llama_graph_n_input_tensors: input tensor '                 attn_inp_v_idxs' [i64, ne = {  1024,     1,     1,     1 }] is used by node 'cache_v_l2 (reshaped) (view)' (SET_ROWS)
llama_graph_n_input_tensors: input tensor '                 attn_inp_v_idxs' [i64, ne = {  1024,     1,     1,     1 }] is used by node 'cache_v_l3 (reshaped) (view)' (SET_ROWS)
llama_graph_n_input_tensors: input tensor '                 attn_inp_v_idxs' [i64, ne = {  1024,     1,     1,     1 }] is used by node 'cache_v_l4 (reshaped) (view)' (SET_ROWS)
llama_graph_n_input_tensors: input tensor '                 attn_inp_v_idxs' [i64, ne = {  1024,     1,     1,     1 }] is used by node 'cache_v_l6 (reshaped) (view)' (SET_ROWS)
llama_graph_n_input_tensors: input tensor '                 attn_inp_v_idxs' [i64, ne = {  1024,     1,     1,     1 }] is used by node 'cache_v_l7 (reshaped) (view)' (SET_ROWS)
llama_graph_n_input_tensors: input tensor '                 attn_inp_v_idxs' [i64, ne = {  1024,     1,     1,     1 }] is used by node 'cache_v_l8 (reshaped) (view)' (SET_ROWS)
llama_graph_n_input_tensors: input tensor '                 attn_inp_v_idxs' [i64, ne = {  1024,     1,     1,     1 }] is used by node 'cache_v_l9 (reshaped) (view)' (SET_ROWS)
llama_graph_n_input_tensors: input tensor '                 attn_inp_v_idxs' [i64, ne = {  1024,     1,     1,     1 }] is used by node 'cache_v_l10 (reshaped) (view)' (SET_ROWS)
llama_graph_n_input_tensors: input tensor '                 attn_inp_v_idxs' [i64, ne = {  1024,     1,     1,     1 }] is used by node 'cache_v_l12 (reshaped) (view)' (SET_ROWS)
llama_graph_n_input_tensors: input tensor '                 attn_inp_v_idxs' [i64, ne = {  1024,     1,     1,     1 }] is used by node 'cache_v_l13 (reshaped) (view)' (SET_ROWS)
llama_graph_n_input_tensors: input tensor '                 attn_inp_v_idxs' [i64, ne = {  1024,     1,     1,     1 }] is used by node 'cache_v_l14 (reshaped) (view)' (SET_ROWS)
llama_graph_n_input_tensors: input tensor '                 attn_inp_v_idxs' [i64, ne = {  1024,     1,     1,     1 }] is used by node 'cache_v_l15 (reshaped) (view)' (SET_ROWS)
llama_graph_n_input_tensors: input tensor '                 attn_inp_v_idxs' [i64, ne = {  1024,     1,     1,     1 }] is used by node 'cache_v_l16 (reshaped) (view)' (SET_ROWS)
llama_graph_n_input_tensors: input tensor '                 attn_inp_v_idxs' [i64, ne = {  1024,     1,     1,     1 }] is used by node 'cache_v_l18 (reshaped) (view)' (SET_ROWS)
llama_graph_n_input_tensors: input tensor '                 attn_inp_v_idxs' [i64, ne = {  1024,     1,     1,     1 }] is used by node 'cache_v_l19 (reshaped) (view)' (SET_ROWS)
llama_graph_n_input_tensors: input tensor '                 attn_inp_v_idxs' [i64, ne = {  1024,     1,     1,     1 }] is used by node 'cache_v_l20 (reshaped) (view)' (SET_ROWS)
llama_graph_n_input_tensors: input tensor '                 attn_inp_v_idxs' [i64, ne = {  1024,     1,     1,     1 }] is used by node 'cache_v_l21 (reshaped) (view)' (SET_ROWS)
llama_graph_n_input_tensors: input tensor '                 attn_inp_v_idxs' [i64, ne = {  1024,     1,     1,     1 }] is used by node 'cache_v_l22 (reshaped) (view)' (SET_ROWS)
llama_graph_n_input_tensors: input tensor '                 attn_inp_k_idxs' [i64, ne = {     1,     1,     1,     1 }] is used by node 'cache_k_l0 (view)' (SET_ROWS)
llama_graph_n_input_tensors: input tensor '                 attn_inp_k_idxs' [i64, ne = {     1,     1,     1,     1 }] is used by node 'cache_k_l1 (view)' (SET_ROWS)
llama_graph_n_input_tensors: input tensor '                 attn_inp_k_idxs' [i64, ne = {     1,     1,     1,     1 }] is used by node 'cache_k_l2 (view)' (SET_ROWS)
llama_graph_n_input_tensors: input tensor '                 attn_inp_k_idxs' [i64, ne = {     1,     1,     1,     1 }] is used by node 'cache_k_l3 (view)' (SET_ROWS)
llama_graph_n_input_tensors: input tensor '                 attn_inp_k_idxs' [i64, ne = {     1,     1,     1,     1 }] is used by node 'cache_k_l4 (view)' (SET_ROWS)
llama_graph_n_input_tensors: input tensor '                 attn_inp_k_idxs' [i64, ne = {     1,     1,     1,     1 }] is used by node 'cache_k_l6 (view)' (SET_ROWS)
llama_graph_n_input_tensors: input tensor '                 attn_inp_k_idxs' [i64, ne = {     1,     1,     1,     1 }] is used by node 'cache_k_l7 (view)' (SET_ROWS)
llama_graph_n_input_tensors: input tensor '                 attn_inp_k_idxs' [i64, ne = {     1,     1,     1,     1 }] is used by node 'cache_k_l8 (view)' (SET_ROWS)
llama_graph_n_input_tensors: input tensor '                 attn_inp_k_idxs' [i64, ne = {     1,     1,     1,     1 }] is used by node 'cache_k_l9 (view)' (SET_ROWS)
llama_graph_n_input_tensors: input tensor '                 attn_inp_k_idxs' [i64, ne = {     1,     1,     1,     1 }] is used by node 'cache_k_l10 (view)' (SET_ROWS)
llama_graph_n_input_tensors: input tensor '                 attn_inp_k_idxs' [i64, ne = {     1,     1,     1,     1 }] is used by node 'cache_k_l12 (view)' (SET_ROWS)
llama_graph_n_input_tensors: input tensor '                 attn_inp_k_idxs' [i64, ne = {     1,     1,     1,     1 }] is used by node 'cache_k_l13 (view)' (SET_ROWS)
llama_graph_n_input_tensors: input tensor '                 attn_inp_k_idxs' [i64, ne = {     1,     1,     1,     1 }] is used by node 'cache_k_l14 (view)' (SET_ROWS)
llama_graph_n_input_tensors: input tensor '                 attn_inp_k_idxs' [i64, ne = {     1,     1,     1,     1 }] is used by node 'cache_k_l15 (view)' (SET_ROWS)
llama_graph_n_input_tensors: input tensor '                 attn_inp_k_idxs' [i64, ne = {     1,     1,     1,     1 }] is used by node 'cache_k_l16 (view)' (SET_ROWS)
llama_graph_n_input_tensors: input tensor '                 attn_inp_k_idxs' [i64, ne = {     1,     1,     1,     1 }] is used by node 'cache_k_l18 (view)' (SET_ROWS)
llama_graph_n_input_tensors: input tensor '                 attn_inp_k_idxs' [i64, ne = {     1,     1,     1,     1 }] is used by node 'cache_k_l19 (view)' (SET_ROWS)
llama_graph_n_input_tensors: input tensor '                 attn_inp_k_idxs' [i64, ne = {     1,     1,     1,     1 }] is used by node 'cache_k_l20 (view)' (SET_ROWS)
llama_graph_n_input_tensors: input tensor '                 attn_inp_k_idxs' [i64, ne = {     1,     1,     1,     1 }] is used by node 'cache_k_l21 (view)' (SET_ROWS)
llama_graph_n_input_tensors: input tensor '                 attn_inp_k_idxs' [i64, ne = {     1,     1,     1,     1 }] is used by node 'cache_k_l22 (view)' (SET_ROWS)
llama_graph_n_input_tensors: input tensor '                         inp_pos' [i32, ne = {     1,     1,     1,     1 }] is used by node 'Qcur_pos-0' (ROPE)
llama_graph_n_input_tensors: input tensor '                         inp_pos' [i32, ne = {     1,     1,     1,     1 }] is used by node 'Kcur_pos-0' (ROPE)
llama_graph_n_input_tensors: input tensor '                         inp_pos' [i32, ne = {     1,     1,     1,     1 }] is used by node 'Qcur_pos-1' (ROPE)
llama_graph_n_input_tensors: input tensor '                         inp_pos' [i32, ne = {     1,     1,     1,     1 }] is used by node 'Kcur_pos-1' (ROPE)
llama_graph_n_input_tensors: input tensor '                         inp_pos' [i32, ne = {     1,     1,     1,     1 }] is used by node 'Qcur_pos-2' (ROPE)
llama_graph_n_input_tensors: input tensor '                         inp_pos' [i32, ne = {     1,     1,     1,     1 }] is used by node 'Kcur_pos-2' (ROPE)
llama_graph_n_input_tensors: input tensor '                         inp_pos' [i32, ne = {     1,     1,     1,     1 }] is used by node 'Qcur_pos-3' (ROPE)
llama_graph_n_input_tensors: input tensor '                         inp_pos' [i32, ne = {     1,     1,     1,     1 }] is used by node 'Kcur_pos-3' (ROPE)
llama_graph_n_input_tensors: input tensor '                         inp_pos' [i32, ne = {     1,     1,     1,     1 }] is used by node 'Qcur_pos-4' (ROPE)
llama_graph_n_input_tensors: input tensor '                         inp_pos' [i32, ne = {     1,     1,     1,     1 }] is used by node 'Kcur_pos-4' (ROPE)
llama_graph_n_input_tensors: input tensor '                         inp_pos' [i32, ne = {     1,     1,     1,     1 }] is used by node 'Qcur_pos-5' (ROPE)
llama_graph_n_input_tensors: input tensor '                         inp_pos' [i32, ne = {     1,     1,     1,     1 }] is used by node 'Kcur_pos-5' (ROPE)
llama_graph_n_input_tensors: input tensor '                         inp_pos' [i32, ne = {     1,     1,     1,     1 }] is used by node 'Qcur_pos-6' (ROPE)
llama_graph_n_input_tensors: input tensor '                         inp_pos' [i32, ne = {     1,     1,     1,     1 }] is used by node 'Kcur_pos-6' (ROPE)
llama_graph_n_input_tensors: input tensor '                         inp_pos' [i32, ne = {     1,     1,     1,     1 }] is used by node 'Qcur_pos-7' (ROPE)
llama_graph_n_input_tensors: input tensor '                         inp_pos' [i32, ne = {     1,     1,     1,     1 }] is used by node 'Kcur_pos-7' (ROPE)
llama_graph_n_input_tensors: input tensor '                         inp_pos' [i32, ne = {     1,     1,     1,     1 }] is used by node 'Qcur_pos-8' (ROPE)
llama_graph_n_input_tensors: input tensor '                         inp_pos' [i32, ne = {     1,     1,     1,     1 }] is used by node 'Kcur_pos-8' (ROPE)
llama_graph_n_input_tensors: input tensor '                         inp_pos' [i32, ne = {     1,     1,     1,     1 }] is used by node 'Qcur_pos-9' (ROPE)
llama_graph_n_input_tensors: input tensor '                         inp_pos' [i32, ne = {     1,     1,     1,     1 }] is used by node 'Kcur_pos-9' (ROPE)
llama_graph_n_input_tensors: input tensor '                         inp_pos' [i32, ne = {     1,     1,     1,     1 }] is used by node 'Qcur_pos-10' (ROPE)
llama_graph_n_input_tensors: input tensor '                         inp_pos' [i32, ne = {     1,     1,     1,     1 }] is used by node 'Kcur_pos-10' (ROPE)
llama_graph_n_input_tensors: input tensor '                         inp_pos' [i32, ne = {     1,     1,     1,     1 }] is used by node 'Qcur_pos-11' (ROPE)
llama_graph_n_input_tensors: input tensor '                         inp_pos' [i32, ne = {     1,     1,     1,     1 }] is used by node 'Kcur_pos-11' (ROPE)
llama_graph_n_input_tensors: input tensor '                         inp_pos' [i32, ne = {     1,     1,     1,     1 }] is used by node 'Qcur_pos-12' (ROPE)
llama_graph_n_input_tensors: input tensor '                         inp_pos' [i32, ne = {     1,     1,     1,     1 }] is used by node 'Kcur_pos-12' (ROPE)
llama_graph_n_input_tensors: input tensor '                         inp_pos' [i32, ne = {     1,     1,     1,     1 }] is used by node 'Qcur_pos-13' (ROPE)
llama_graph_n_input_tensors: input tensor '                         inp_pos' [i32, ne = {     1,     1,     1,     1 }] is used by node 'Kcur_pos-13' (ROPE)
llama_graph_n_input_tensors: input tensor '                         inp_pos' [i32, ne = {     1,     1,     1,     1 }] is used by node 'Qcur_pos-14' (ROPE)
llama_graph_n_input_tensors: input tensor '                         inp_pos' [i32, ne = {     1,     1,     1,     1 }] is used by node 'Kcur_pos-14' (ROPE)
llama_graph_n_input_tensors: input tensor '                         inp_pos' [i32, ne = {     1,     1,     1,     1 }] is used by node 'Qcur_pos-15' (ROPE)
llama_graph_n_input_tensors: input tensor '                         inp_pos' [i32, ne = {     1,     1,     1,     1 }] is used by node 'Kcur_pos-15' (ROPE)
llama_graph_n_input_tensors: input tensor '                         inp_pos' [i32, ne = {     1,     1,     1,     1 }] is used by node 'Qcur_pos-16' (ROPE)
llama_graph_n_input_tensors: input tensor '                         inp_pos' [i32, ne = {     1,     1,     1,     1 }] is used by node 'Kcur_pos-16' (ROPE)
llama_graph_n_input_tensors: input tensor '                         inp_pos' [i32, ne = {     1,     1,     1,     1 }] is used by node 'Qcur_pos-17' (ROPE)
llama_graph_n_input_tensors: input tensor '                         inp_pos' [i32, ne = {     1,     1,     1,     1 }] is used by node 'Kcur_pos-17' (ROPE)
llama_graph_n_input_tensors: input tensor '                         inp_pos' [i32, ne = {     1,     1,     1,     1 }] is used by node 'Qcur_pos-18' (ROPE)
llama_graph_n_input_tensors: input tensor '                         inp_pos' [i32, ne = {     1,     1,     1,     1 }] is used by node 'Kcur_pos-18' (ROPE)
llama_graph_n_input_tensors: input tensor '                         inp_pos' [i32, ne = {     1,     1,     1,     1 }] is used by node 'Qcur_pos-19' (ROPE)
llama_graph_n_input_tensors: input tensor '                         inp_pos' [i32, ne = {     1,     1,     1,     1 }] is used by node 'Kcur_pos-19' (ROPE)
llama_graph_n_input_tensors: input tensor '                         inp_pos' [i32, ne = {     1,     1,     1,     1 }] is used by node 'Qcur_pos-20' (ROPE)
llama_graph_n_input_tensors: input tensor '                         inp_pos' [i32, ne = {     1,     1,     1,     1 }] is used by node 'Kcur_pos-20' (ROPE)
llama_graph_n_input_tensors: input tensor '                         inp_pos' [i32, ne = {     1,     1,     1,     1 }] is used by node 'Qcur_pos-21' (ROPE)
llama_graph_n_input_tensors: input tensor '                         inp_pos' [i32, ne = {     1,     1,     1,     1 }] is used by node 'Kcur_pos-21' (ROPE)
llama_graph_n_input_tensors: input tensor '                         inp_pos' [i32, ne = {     1,     1,     1,     1 }] is used by node 'Qcur_pos-22' (ROPE)
llama_graph_n_input_tensors: input tensor '                         inp_pos' [i32, ne = {     1,     1,     1,     1 }] is used by node 'Kcur_pos-22' (ROPE)
llama_graph_n_input_tensors: input tensor '                         inp_pos' [i32, ne = {     1,     1,     1,     1 }] is used by node 'Qcur_pos-23' (ROPE)
llama_graph_n_input_tensors: input tensor '                         inp_pos' [i32, ne = {     1,     1,     1,     1 }] is used by node 'Kcur_pos-23' (ROPE)
llama_graph_n_input_tensors: input tensor '                         inp_pos' [i32, ne = {     1,     1,     1,     1 }] is used by node 'Qcur_pos-24' (ROPE)
llama_graph_n_input_tensors: input tensor '                         inp_pos' [i32, ne = {     1,     1,     1,     1 }] is used by node 'Qcur_pos-25' (ROPE)
llama_graph_n_input_tensors: input tensor '                         inp_pos' [i32, ne = {     1,     1,     1,     1 }] is used by node 'Qcur_pos-26' (ROPE)
llama_graph_n_input_tensors: input tensor '                         inp_pos' [i32, ne = {     1,     1,     1,     1 }] is used by node 'Qcur_pos-27' (ROPE)
llama_graph_n_input_tensors: input tensor '                         inp_pos' [i32, ne = {     1,     1,     1,     1 }] is used by node 'Qcur_pos-28' (ROPE)
llama_graph_n_input_tensors: input tensor '                         inp_pos' [i32, ne = {     1,     1,     1,     1 }] is used by node 'Qcur_pos-29' (ROPE)
llama_graph_n_input_tensors: input tensor '                         inp_pos' [i32, ne = {     1,     1,     1,     1 }] is used by node 'Qcur_pos-30' (ROPE)
llama_graph_n_input_tensors: input tensor '                         inp_pos' [i32, ne = {     1,     1,     1,     1 }] is used by node 'Qcur_pos-31' (ROPE)
llama_graph_n_input_tensors: input tensor '                         inp_pos' [i32, ne = {     1,     1,     1,     1 }] is used by node 'Qcur_pos-32' (ROPE)
llama_graph_n_input_tensors: input tensor '                         inp_pos' [i32, ne = {     1,     1,     1,     1 }] is used by node 'Qcur_pos-33' (ROPE)
llama_graph_n_input_tensors: input tensor '                         inp_pos' [i32, ne = {     1,     1,     1,     1 }] is used by node 'Qcur_pos-34' (ROPE)
llama_graph_n_input_tensors: input tensor '                         inp_pos' [i32, ne = {     1,     1,     1,     1 }] is used by node 'Qcur_pos-35' (ROPE)
llama_graph_n_input_tensors: input tensor '                         inp_pos' [i32, ne = {     1,     1,     1,     1 }] is used by node 'Qcur_pos-36' (ROPE)
llama_graph_n_input_tensors: input tensor '                         inp_pos' [i32, ne = {     1,     1,     1,     1 }] is used by node 'Qcur_pos-37' (ROPE)
llama_graph_n_input_tensors: input tensor '                         inp_pos' [i32, ne = {     1,     1,     1,     1 }] is used by node 'Qcur_pos-38' (ROPE)
llama_graph_n_input_tensors: input tensor '                         inp_pos' [i32, ne = {     1,     1,     1,     1 }] is used by node 'Qcur_pos-39' (ROPE)
llama_graph_n_input_tensors: input tensor '                         inp_pos' [i32, ne = {     1,     1,     1,     1 }] is used by node 'Qcur_pos-40' (ROPE)
llama_graph_n_input_tensors: input tensor '                         inp_pos' [i32, ne = {     1,     1,     1,     1 }] is used by node 'Qcur_pos-41' (ROPE)
llama_graph_n_input_tensors: input tensor '                          leaf_4' [i32, ne = {     1,     1,     1,     1 }] is used by node 'node_1' (GET_ROWS)
llama_graph_n_input_tensors: input tensor '                      inp_tokens' [i32, ne = {     1,     1,     1,     1 }] is used by node 'embd' (GET_ROWS)
resolve_fused_ops: fused DeepSeek V4 HC comb enabled
graph_reserve: reserving a graph for ubatch with n_tokens =    1, n_seqs =  1, n_outputs =    1
llama_graph_n_input_tensors: input tensor '                         out_ids' [i32, ne = {     1,     1,     1,     1 }] is used by node 'result_norm' (GET_ROWS)
llama_graph_n_input_tensors: input tensor '                attn_inp_kq_mask' [f32, ne = {   512,     1,     1,     1 }] is used by node 'kq_soft_max-5' (SOFT_MAX)
llama_graph_n_input_tensors: input tensor '                attn_inp_kq_mask' [f32, ne = {   512,     1,     1,     1 }] is used by node 'kq_soft_max-11' (SOFT_MAX)
llama_graph_n_input_tensors: input tensor '                attn_inp_kq_mask' [f32, ne = {   512,     1,     1,     1 }] is used by node 'kq_soft_max-17' (SOFT_MAX)
llama_graph_n_input_tensors: input tensor '                attn_inp_kq_mask' [f32, ne = {   512,     1,     1,     1 }] is used by node 'kq_soft_max-23' (SOFT_MAX)
llama_graph_n_input_tensors: input tensor '                attn_inp_kq_mask' [f32, ne = {   512,     1,     1,     1 }] is used by node 'kq_soft_max-29' (SOFT_MAX)
llama_graph_n_input_tensors: input tensor '                attn_inp_kq_mask' [f32, ne = {   512,     1,     1,     1 }] is used by node 'kq_soft_max-35' (SOFT_MAX)
llama_graph_n_input_tensors: input tensor '                attn_inp_kq_mask' [f32, ne = {   512,     1,     1,     1 }] is used by node 'kq_soft_max-41' (SOFT_MAX)
llama_graph_n_input_tensors: input tensor '                 attn_inp_v_idxs' [i64, ne = {  1024,     1,     1,     1 }] is used by node 'cache_v_l5 (reshaped) (view)' (SET_ROWS)
llama_graph_n_input_tensors: input tensor '                 attn_inp_v_idxs' [i64, ne = {  1024,     1,     1,     1 }] is used by node 'cache_v_l11 (reshaped) (view)' (SET_ROWS)
llama_graph_n_input_tensors: input tensor '                 attn_inp_v_idxs' [i64, ne = {  1024,     1,     1,     1 }] is used by node 'cache_v_l17 (reshaped) (view)' (SET_ROWS)
llama_graph_n_input_tensors: input tensor '                 attn_inp_v_idxs' [i64, ne = {  1024,     1,     1,     1 }] is used by node 'cache_v_l23 (reshaped) (view)' (SET_ROWS)
llama_graph_n_input_tensors: input tensor '                 attn_inp_k_idxs' [i64, ne = {     1,     1,     1,     1 }] is used by node 'cache_k_l5 (view)' (SET_ROWS)
llama_graph_n_input_tensors: input tensor '                 attn_inp_k_idxs' [i64, ne = {     1,     1,     1,     1 }] is used by node 'cache_k_l11 (view)' (SET_ROWS)
llama_graph_n_input_tensors: input tensor '                 attn_inp_k_idxs' [i64, ne = {     1,     1,     1,     1 }] is used by node 'cache_k_l17 (view)' (SET_ROWS)
llama_graph_n_input_tensors: input tensor '                 attn_inp_k_idxs' [i64, ne = {     1,     1,     1,     1 }] is used by node 'cache_k_l23 (view)' (SET_ROWS)
llama_graph_n_input_tensors: input tensor '                attn_inp_kq_mask' [f32, ne = {   512,     1,     1,     1 }] is used by node 'kq_soft_max-0' (SOFT_MAX)
llama_graph_n_input_tensors: input tensor '                attn_inp_kq_mask' [f32, ne = {   512,     1,     1,     1 }] is used by node 'kq_soft_max-1' (SOFT_MAX)
llama_graph_n_input_tensors: input tensor '                attn_inp_kq_mask' [f32, ne = {   512,     1,     1,     1 }] is used by node 'kq_soft_max-2' (SOFT_MAX)
llama_graph_n_input_tensors: input tensor '                attn_inp_kq_mask' [f32, ne = {   512,     1,     1,     1 }] is used by node 'kq_soft_max-3' (SOFT_MAX)
llama_graph_n_input_tensors: input tensor '                attn_inp_kq_mask' [f32, ne = {   512,     1,     1,     1 }] is used by node 'kq_soft_max-4' (SOFT_MAX)
llama_graph_n_input_tensors: input tensor '                attn_inp_kq_mask' [f32, ne = {   512,     1,     1,     1 }] is used by node 'kq_soft_max-6' (SOFT_MAX)
llama_graph_n_input_tensors: input tensor '                attn_inp_kq_mask' [f32, ne = {   512,     1,     1,     1 }] is used by node 'kq_soft_max-7' (SOFT_MAX)
llama_graph_n_input_tensors: input tensor '                attn_inp_kq_mask' [f32, ne = {   512,     1,     1,     1 }] is used by node 'kq_soft_max-8' (SOFT_MAX)
llama_graph_n_input_tensors: input tensor '                attn_inp_kq_mask' [f32, ne = {   512,     1,     1,     1 }] is used by node 'kq_soft_max-9' (SOFT_MAX)
llama_graph_n_input_tensors: input tensor '                attn_inp_kq_mask' [f32, ne = {   512,     1,     1,     1 }] is used by node 'kq_soft_max-10' (SOFT_MAX)
llama_graph_n_input_tensors: input tensor '                attn_inp_kq_mask' [f32, ne = {   512,     1,     1,     1 }] is used by node 'kq_soft_max-12' (SOFT_MAX)
llama_graph_n_input_tensors: input tensor '                attn_inp_kq_mask' [f32, ne = {   512,     1,     1,     1 }] is used by node 'kq_soft_max-13' (SOFT_MAX)
llama_graph_n_input_tensors: input tensor '                attn_inp_kq_mask' [f32, ne = {   512,     1,     1,     1 }] is used by node 'kq_soft_max-14' (SOFT_MAX)
llama_graph_n_input_tensors: input tensor '                attn_inp_kq_mask' [f32, ne = {   512,     1,     1,     1 }] is used by node 'kq_soft_max-15' (SOFT_MAX)
llama_graph_n_input_tensors: input tensor '                attn_inp_kq_mask' [f32, ne = {   512,     1,     1,     1 }] is used by node 'kq_soft_max-16' (SOFT_MAX)
llama_graph_n_input_tensors: input tensor '                attn_inp_kq_mask' [f32, ne = {   512,     1,     1,     1 }] is used by node 'kq_soft_max-18' (SOFT_MAX)
llama_graph_n_input_tensors: input tensor '                attn_inp_kq_mask' [f32, ne = {   512,     1,     1,     1 }] is used by node 'kq_soft_max-19' (SOFT_MAX)
llama_graph_n_input_tensors: input tensor '                attn_inp_kq_mask' [f32, ne = {   512,     1,     1,     1 }] is used by node 'kq_soft_max-20' (SOFT_MAX)
llama_graph_n_input_tensors: input tensor '                attn_inp_kq_mask' [f32, ne = {   512,     1,     1,     1 }] is used by node 'kq_soft_max-21' (SOFT_MAX)
llama_graph_n_input_tensors: input tensor '                attn_inp_kq_mask' [f32, ne = {   512,     1,     1,     1 }] is used by node 'kq_soft_max-22' (SOFT_MAX)
llama_graph_n_input_tensors: input tensor '                attn_inp_kq_mask' [f32, ne = {   512,     1,     1,     1 }] is used by node 'kq_soft_max-24' (SOFT_MAX)
llama_graph_n_input_tensors: input tensor '                attn_inp_kq_mask' [f32, ne = {   512,     1,     1,     1 }] is used by node 'kq_soft_max-25' (SOFT_MAX)
llama_graph_n_input_tensors: input tensor '                attn_inp_kq_mask' [f32, ne = {   512,     1,     1,     1 }] is used by node 'kq_soft_max-26' (SOFT_MAX)
llama_graph_n_input_tensors: input tensor '                attn_inp_kq_mask' [f32, ne = {   512,     1,     1,     1 }] is used by node 'kq_soft_max-27' (SOFT_MAX)
llama_graph_n_input_tensors: input tensor '                attn_inp_kq_mask' [f32, ne = {   512,     1,     1,     1 }] is used by node 'kq_soft_max-28' (SOFT_MAX)
llama_graph_n_input_tensors: input tensor '                attn_inp_kq_mask' [f32, ne = {   512,     1,     1,     1 }] is used by node 'kq_soft_max-30' (SOFT_MAX)
llama_graph_n_input_tensors: input tensor '                attn_inp_kq_mask' [f32, ne = {   512,     1,     1,     1 }] is used by node 'kq_soft_max-31' (SOFT_MAX)
llama_graph_n_input_tensors: input tensor '                attn_inp_kq_mask' [f32, ne = {   512,     1,     1,     1 }] is used by node 'kq_soft_max-32' (SOFT_MAX)
llama_graph_n_input_tensors: input tensor '                attn_inp_kq_mask' [f32, ne = {   512,     1,     1,     1 }] is used by node 'kq_soft_max-33' (SOFT_MAX)
llama_graph_n_input_tensors: input tensor '                attn_inp_kq_mask' [f32, ne = {   512,     1,     1,     1 }] is used by node 'kq_soft_max-34' (SOFT_MAX)
llama_graph_n_input_tensors: input tensor '                attn_inp_kq_mask' [f32, ne = {   512,     1,     1,     1 }] is used by node 'kq_soft_max-36' (SOFT_MAX)
llama_graph_n_input_tensors: input tensor '                attn_inp_kq_mask' [f32, ne = {   512,     1,     1,     1 }] is used by node 'kq_soft_max-37' (SOFT_MAX)
llama_graph_n_input_tensors: input tensor '                attn_inp_kq_mask' [f32, ne = {   512,     1,     1,     1 }] is used by node 'kq_soft_max-38' (SOFT_MAX)
llama_graph_n_input_tensors: input tensor '                attn_inp_kq_mask' [f32, ne = {   512,     1,     1,     1 }] is used by node 'kq_soft_max-39' (SOFT_MAX)
llama_graph_n_input_tensors: input tensor '                attn_inp_kq_mask' [f32, ne = {   512,     1,     1,     1 }] is used by node 'kq_soft_max-40' (SOFT_MAX)
llama_graph_n_input_tensors: input tensor '                 attn_inp_v_idxs' [i64, ne = {  1024,     1,     1,     1 }] is used by node 'cache_v_l0 (reshaped) (view)' (SET_ROWS)
llama_graph_n_input_tensors: input tensor '                 attn_inp_v_idxs' [i64, ne = {  1024,     1,     1,     1 }] is used by node 'cache_v_l1 (reshaped) (view)' (SET_ROWS)
llama_graph_n_input_tensors: input tensor '                 attn_inp_v_idxs' [i64, ne = {  1024,     1,     1,     1 }] is used by node 'cache_v_l2 (reshaped) (view)' (SET_ROWS)
llama_graph_n_input_tensors: input tensor '                 attn_inp_v_idxs' [i64, ne = {  1024,     1,     1,     1 }] is used by node 'cache_v_l3 (reshaped) (view)' (SET_ROWS)
llama_graph_n_input_tensors: input tensor '                 attn_inp_v_idxs' [i64, ne = {  1024,     1,     1,     1 }] is used by node 'cache_v_l4 (reshaped) (view)' (SET_ROWS)
llama_graph_n_input_tensors: input tensor '                 attn_inp_v_idxs' [i64, ne = {  1024,     1,     1,     1 }] is used by node 'cache_v_l6 (reshaped) (view)' (SET_ROWS)
llama_graph_n_input_tensors: input tensor '                 attn_inp_v_idxs' [i64, ne = {  1024,     1,     1,     1 }] is used by node 'cache_v_l7 (reshaped) (view)' (SET_ROWS)
llama_graph_n_input_tensors: input tensor '                 attn_inp_v_idxs' [i64, ne = {  1024,     1,     1,     1 }] is used by node 'cache_v_l8 (reshaped) (view)' (SET_ROWS)
llama_graph_n_input_tensors: input tensor '                 attn_inp_v_idxs' [i64, ne = {  1024,     1,     1,     1 }] is used by node 'cache_v_l9 (reshaped) (view)' (SET_ROWS)
llama_graph_n_input_tensors: input tensor '                 attn_inp_v_idxs' [i64, ne = {  1024,     1,     1,     1 }] is used by node 'cache_v_l10 (reshaped) (view)' (SET_ROWS)
llama_graph_n_input_tensors: input tensor '                 attn_inp_v_idxs' [i64, ne = {  1024,     1,     1,     1 }] is used by node 'cache_v_l12 (reshaped) (view)' (SET_ROWS)
llama_graph_n_input_tensors: input tensor '                 attn_inp_v_idxs' [i64, ne = {  1024,     1,     1,     1 }] is used by node 'cache_v_l13 (reshaped) (view)' (SET_ROWS)
llama_graph_n_input_tensors: input tensor '                 attn_inp_v_idxs' [i64, ne = {  1024,     1,     1,     1 }] is used by node 'cache_v_l14 (reshaped) (view)' (SET_ROWS)
llama_graph_n_input_tensors: input tensor '                 attn_inp_v_idxs' [i64, ne = {  1024,     1,     1,     1 }] is used by node 'cache_v_l15 (reshaped) (view)' (SET_ROWS)
llama_graph_n_input_tensors: input tensor '                 attn_inp_v_idxs' [i64, ne = {  1024,     1,     1,     1 }] is used by node 'cache_v_l16 (reshaped) (view)' (SET_ROWS)
llama_graph_n_input_tensors: input tensor '                 attn_inp_v_idxs' [i64, ne = {  1024,     1,     1,     1 }] is used by node 'cache_v_l18 (reshaped) (view)' (SET_ROWS)
llama_graph_n_input_tensors: input tensor '                 attn_inp_v_idxs' [i64, ne = {  1024,     1,     1,     1 }] is used by node 'cache_v_l19 (reshaped) (view)' (SET_ROWS)
llama_graph_n_input_tensors: input tensor '                 attn_inp_v_idxs' [i64, ne = {  1024,     1,     1,     1 }] is used by node 'cache_v_l20 (reshaped) (view)' (SET_ROWS)
llama_graph_n_input_tensors: input tensor '                 attn_inp_v_idxs' [i64, ne = {  1024,     1,     1,     1 }] is used by node 'cache_v_l21 (reshaped) (view)' (SET_ROWS)
llama_graph_n_input_tensors: input tensor '                 attn_inp_v_idxs' [i64, ne = {  1024,     1,     1,     1 }] is used by node 'cache_v_l22 (reshaped) (view)' (SET_ROWS)
llama_graph_n_input_tensors: input tensor '                 attn_inp_k_idxs' [i64, ne = {     1,     1,     1,     1 }] is used by node 'cache_k_l0 (view)' (SET_ROWS)
llama_graph_n_input_tensors: input tensor '                 attn_inp_k_idxs' [i64, ne = {     1,     1,     1,     1 }] is used by node 'cache_k_l1 (view)' (SET_ROWS)
llama_graph_n_input_tensors: input tensor '                 attn_inp_k_idxs' [i64, ne = {     1,     1,     1,     1 }] is used by node 'cache_k_l2 (view)' (SET_ROWS)
llama_graph_n_input_tensors: input tensor '                 attn_inp_k_idxs' [i64, ne = {     1,     1,     1,     1 }] is used by node 'cache_k_l3 (view)' (SET_ROWS)
llama_graph_n_input_tensors: input tensor '                 attn_inp_k_idxs' [i64, ne = {     1,     1,     1,     1 }] is used by node 'cache_k_l4 (view)' (SET_ROWS)
llama_graph_n_input_tensors: input tensor '                 attn_inp_k_idxs' [i64, ne = {     1,     1,     1,     1 }] is used by node 'cache_k_l6 (view)' (SET_ROWS)
llama_graph_n_input_tensors: input tensor '                 attn_inp_k_idxs' [i64, ne = {     1,     1,     1,     1 }] is used by node 'cache_k_l7 (view)' (SET_ROWS)
llama_graph_n_input_tensors: input tensor '                 attn_inp_k_idxs' [i64, ne = {     1,     1,     1,     1 }] is used by node 'cache_k_l8 (view)' (SET_ROWS)
llama_graph_n_input_tensors: input tensor '                 attn_inp_k_idxs' [i64, ne = {     1,     1,     1,     1 }] is used by node 'cache_k_l9 (view)' (SET_ROWS)
llama_graph_n_input_tensors: input tensor '                 attn_inp_k_idxs' [i64, ne = {     1,     1,     1,     1 }] is used by node 'cache_k_l10 (view)' (SET_ROWS)
llama_graph_n_input_tensors: input tensor '                 attn_inp_k_idxs' [i64, ne = {     1,     1,     1,     1 }] is used by node 'cache_k_l12 (view)' (SET_ROWS)
llama_graph_n_input_tensors: input tensor '                 attn_inp_k_idxs' [i64, ne = {     1,     1,     1,     1 }] is used by node 'cache_k_l13 (view)' (SET_ROWS)
llama_graph_n_input_tensors: input tensor '                 attn_inp_k_idxs' [i64, ne = {     1,     1,     1,     1 }] is used by node 'cache_k_l14 (view)' (SET_ROWS)
llama_graph_n_input_tensors: input tensor '                 attn_inp_k_idxs' [i64, ne = {     1,     1,     1,     1 }] is used by node 'cache_k_l15 (view)' (SET_ROWS)
llama_graph_n_input_tensors: input tensor '                 attn_inp_k_idxs' [i64, ne = {     1,     1,     1,     1 }] is used by node 'cache_k_l16 (view)' (SET_ROWS)
llama_graph_n_input_tensors: input tensor '                 attn_inp_k_idxs' [i64, ne = {     1,     1,     1,     1 }] is used by node 'cache_k_l18 (view)' (SET_ROWS)
llama_graph_n_input_tensors: input tensor '                 attn_inp_k_idxs' [i64, ne = {     1,     1,     1,     1 }] is used by node 'cache_k_l19 (view)' (SET_ROWS)
llama_graph_n_input_tensors: input tensor '                 attn_inp_k_idxs' [i64, ne = {     1,     1,     1,     1 }] is used by node 'cache_k_l20 (view)' (SET_ROWS)
llama_graph_n_input_tensors: input tensor '                 attn_inp_k_idxs' [i64, ne = {     1,     1,     1,     1 }] is used by node 'cache_k_l21 (view)' (SET_ROWS)
llama_graph_n_input_tensors: input tensor '                 attn_inp_k_idxs' [i64, ne = {     1,     1,     1,     1 }] is used by node 'cache_k_l22 (view)' (SET_ROWS)
llama_graph_n_input_tensors: input tensor '                         inp_pos' [i32, ne = {     1,     1,     1,     1 }] is used by node 'Qcur_pos-0' (ROPE)
llama_graph_n_input_tensors: input tensor '                         inp_pos' [i32, ne = {     1,     1,     1,     1 }] is used by node 'Kcur_pos-0' (ROPE)
llama_graph_n_input_tensors: input tensor '                         inp_pos' [i32, ne = {     1,     1,     1,     1 }] is used by node 'Qcur_pos-1' (ROPE)
llama_graph_n_input_tensors: input tensor '                         inp_pos' [i32, ne = {     1,     1,     1,     1 }] is used by node 'Kcur_pos-1' (ROPE)
llama_graph_n_input_tensors: input tensor '                         inp_pos' [i32, ne = {     1,     1,     1,     1 }] is used by node 'Qcur_pos-2' (ROPE)
llama_graph_n_input_tensors: input tensor '                         inp_pos' [i32, ne = {     1,     1,     1,     1 }] is used by node 'Kcur_pos-2' (ROPE)
llama_graph_n_input_tensors: input tensor '                         inp_pos' [i32, ne = {     1,     1,     1,     1 }] is used by node 'Qcur_pos-3' (ROPE)
llama_graph_n_input_tensors: input tensor '                         inp_pos' [i32, ne = {     1,     1,     1,     1 }] is used by node 'Kcur_pos-3' (ROPE)
llama_graph_n_input_tensors: input tensor '                         inp_pos' [i32, ne = {     1,     1,     1,     1 }] is used by node 'Qcur_pos-4' (ROPE)
llama_graph_n_input_tensors: input tensor '                         inp_pos' [i32, ne = {     1,     1,     1,     1 }] is used by node 'Kcur_pos-4' (ROPE)
llama_graph_n_input_tensors: input tensor '                         inp_pos' [i32, ne = {     1,     1,     1,     1 }] is used by node 'Qcur_pos-5' (ROPE)
llama_graph_n_input_tensors: input tensor '                         inp_pos' [i32, ne = {     1,     1,     1,     1 }] is used by node 'Kcur_pos-5' (ROPE)
llama_graph_n_input_tensors: input tensor '                         inp_pos' [i32, ne = {     1,     1,     1,     1 }] is used by node 'Qcur_pos-6' (ROPE)
llama_graph_n_input_tensors: input tensor '                         inp_pos' [i32, ne = {     1,     1,     1,     1 }] is used by node 'Kcur_pos-6' (ROPE)
llama_graph_n_input_tensors: input tensor '                         inp_pos' [i32, ne = {     1,     1,     1,     1 }] is used by node 'Qcur_pos-7' (ROPE)
llama_graph_n_input_tensors: input tensor '                         inp_pos' [i32, ne = {     1,     1,     1,     1 }] is used by node 'Kcur_pos-7' (ROPE)
llama_graph_n_input_tensors: input tensor '                         inp_pos' [i32, ne = {     1,     1,     1,     1 }] is used by node 'Qcur_pos-8' (ROPE)
llama_graph_n_input_tensors: input tensor '                         inp_pos' [i32, ne = {     1,     1,     1,     1 }] is used by node 'Kcur_pos-8' (ROPE)
llama_graph_n_input_tensors: input tensor '                         inp_pos' [i32, ne = {     1,     1,     1,     1 }] is used by node 'Qcur_pos-9' (ROPE)
llama_graph_n_input_tensors: input tensor '                         inp_pos' [i32, ne = {     1,     1,     1,     1 }] is used by node 'Kcur_pos-9' (ROPE)
llama_graph_n_input_tensors: input tensor '                         inp_pos' [i32, ne = {     1,     1,     1,     1 }] is used by node 'Qcur_pos-10' (ROPE)
llama_graph_n_input_tensors: input tensor '                         inp_pos' [i32, ne = {     1,     1,     1,     1 }] is used by node 'Kcur_pos-10' (ROPE)
llama_graph_n_input_tensors: input tensor '                         inp_pos' [i32, ne = {     1,     1,     1,     1 }] is used by node 'Qcur_pos-11' (ROPE)
llama_graph_n_input_tensors: input tensor '                         inp_pos' [i32, ne = {     1,     1,     1,     1 }] is used by node 'Kcur_pos-11' (ROPE)
llama_graph_n_input_tensors: input tensor '                         inp_pos' [i32, ne = {     1,     1,     1,     1 }] is used by node 'Qcur_pos-12' (ROPE)
llama_graph_n_input_tensors: input tensor '                         inp_pos' [i32, ne = {     1,     1,     1,     1 }] is used by node 'Kcur_pos-12' (ROPE)
llama_graph_n_input_tensors: input tensor '                         inp_pos' [i32, ne = {     1,     1,     1,     1 }] is used by node 'Qcur_pos-13' (ROPE)
llama_graph_n_input_tensors: input tensor '                         inp_pos' [i32, ne = {     1,     1,     1,     1 }] is used by node 'Kcur_pos-13' (ROPE)
llama_graph_n_input_tensors: input tensor '                         inp_pos' [i32, ne = {     1,     1,     1,     1 }] is used by node 'Qcur_pos-14' (ROPE)
llama_graph_n_input_tensors: input tensor '                         inp_pos' [i32, ne = {     1,     1,     1,     1 }] is used by node 'Kcur_pos-14' (ROPE)
llama_graph_n_input_tensors: input tensor '                         inp_pos' [i32, ne = {     1,     1,     1,     1 }] is used by node 'Qcur_pos-15' (ROPE)
llama_graph_n_input_tensors: input tensor '                         inp_pos' [i32, ne = {     1,     1,     1,     1 }] is used by node 'Kcur_pos-15' (ROPE)
llama_graph_n_input_tensors: input tensor '                         inp_pos' [i32, ne = {     1,     1,     1,     1 }] is used by node 'Qcur_pos-16' (ROPE)
llama_graph_n_input_tensors: input tensor '                         inp_pos' [i32, ne = {     1,     1,     1,     1 }] is used by node 'Kcur_pos-16' (ROPE)
llama_graph_n_input_tensors: input tensor '                         inp_pos' [i32, ne = {     1,     1,     1,     1 }] is used by node 'Qcur_pos-17' (ROPE)
llama_graph_n_input_tensors: input tensor '                         inp_pos' [i32, ne = {     1,     1,     1,     1 }] is used by node 'Kcur_pos-17' (ROPE)
llama_graph_n_input_tensors: input tensor '                         inp_pos' [i32, ne = {     1,     1,     1,     1 }] is used by node 'Qcur_pos-18' (ROPE)
llama_graph_n_input_tensors: input tensor '                         inp_pos' [i32, ne = {     1,     1,     1,     1 }] is used by node 'Kcur_pos-18' (ROPE)
llama_graph_n_input_tensors: input tensor '                         inp_pos' [i32, ne = {     1,     1,     1,     1 }] is used by node 'Qcur_pos-19' (ROPE)
llama_graph_n_input_tensors: input tensor '                         inp_pos' [i32, ne = {     1,     1,     1,     1 }] is used by node 'Kcur_pos-19' (ROPE)
llama_graph_n_input_tensors: input tensor '                         inp_pos' [i32, ne = {     1,     1,     1,     1 }] is used by node 'Qcur_pos-20' (ROPE)
llama_graph_n_input_tensors: input tensor '                         inp_pos' [i32, ne = {     1,     1,     1,     1 }] is used by node 'Kcur_pos-20' (ROPE)
llama_graph_n_input_tensors: input tensor '                         inp_pos' [i32, ne = {     1,     1,     1,     1 }] is used by node 'Qcur_pos-21' (ROPE)
llama_graph_n_input_tensors: input tensor '                         inp_pos' [i32, ne = {     1,     1,     1,     1 }] is used by node 'Kcur_pos-21' (ROPE)
llama_graph_n_input_tensors: input tensor '                         inp_pos' [i32, ne = {     1,     1,     1,     1 }] is used by node 'Qcur_pos-22' (ROPE)
llama_graph_n_input_tensors: input tensor '                         inp_pos' [i32, ne = {     1,     1,     1,     1 }] is used by node 'Kcur_pos-22' (ROPE)
llama_graph_n_input_tensors: input tensor '                         inp_pos' [i32, ne = {     1,     1,     1,     1 }] is used by node 'Qcur_pos-23' (ROPE)
llama_graph_n_input_tensors: input tensor '                         inp_pos' [i32, ne = {     1,     1,     1,     1 }] is used by node 'Kcur_pos-23' (ROPE)
llama_graph_n_input_tensors: input tensor '                         inp_pos' [i32, ne = {     1,     1,     1,     1 }] is used by node 'Qcur_pos-24' (ROPE)
llama_graph_n_input_tensors: input tensor '                         inp_pos' [i32, ne = {     1,     1,     1,     1 }] is used by node 'Qcur_pos-25' (ROPE)
llama_graph_n_input_tensors: input tensor '                         inp_pos' [i32, ne = {     1,     1,     1,     1 }] is used by node 'Qcur_pos-26' (ROPE)
llama_graph_n_input_tensors: input tensor '                         inp_pos' [i32, ne = {     1,     1,     1,     1 }] is used by node 'Qcur_pos-27' (ROPE)
llama_graph_n_input_tensors: input tensor '                         inp_pos' [i32, ne = {     1,     1,     1,     1 }] is used by node 'Qcur_pos-28' (ROPE)
llama_graph_n_input_tensors: input tensor '                         inp_pos' [i32, ne = {     1,     1,     1,     1 }] is used by node 'Qcur_pos-29' (ROPE)
llama_graph_n_input_tensors: input tensor '                         inp_pos' [i32, ne = {     1,     1,     1,     1 }] is used by node 'Qcur_pos-30' (ROPE)
llama_graph_n_input_tensors: input tensor '                         inp_pos' [i32, ne = {     1,     1,     1,     1 }] is used by node 'Qcur_pos-31' (ROPE)
llama_graph_n_input_tensors: input tensor '                         inp_pos' [i32, ne = {     1,     1,     1,     1 }] is used by node 'Qcur_pos-32' (ROPE)
llama_graph_n_input_tensors: input tensor '                         inp_pos' [i32, ne = {     1,     1,     1,     1 }] is used by node 'Qcur_pos-33' (ROPE)
llama_graph_n_input_tensors: input tensor '                         inp_pos' [i32, ne = {     1,     1,     1,     1 }] is used by node 'Qcur_pos-34' (ROPE)
llama_graph_n_input_tensors: input tensor '                         inp_pos' [i32, ne = {     1,     1,     1,     1 }] is used by node 'Qcur_pos-35' (ROPE)
llama_graph_n_input_tensors: input tensor '                         inp_pos' [i32, ne = {     1,     1,     1,     1 }] is used by node 'Qcur_pos-36' (ROPE)
llama_graph_n_input_tensors: input tensor '                         inp_pos' [i32, ne = {     1,     1,     1,     1 }] is used by node 'Qcur_pos-37' (ROPE)
llama_graph_n_input_tensors: input tensor '                         inp_pos' [i32, ne = {     1,     1,     1,     1 }] is used by node 'Qcur_pos-38' (ROPE)
llama_graph_n_input_tensors: input tensor '                         inp_pos' [i32, ne = {     1,     1,     1,     1 }] is used by node 'Qcur_pos-39' (ROPE)
llama_graph_n_input_tensors: input tensor '                         inp_pos' [i32, ne = {     1,     1,     1,     1 }] is used by node 'Qcur_pos-40' (ROPE)
llama_graph_n_input_tensors: input tensor '                         inp_pos' [i32, ne = {     1,     1,     1,     1 }] is used by node 'Qcur_pos-41' (ROPE)
llama_graph_n_input_tensors: input tensor '                          leaf_4' [i32, ne = {     1,     1,     1,     1 }] is used by node 'node_1' (GET_ROWS)
llama_graph_n_input_tensors: input tensor '                      inp_tokens' [i32, ne = {     1,     1,     1,     1 }] is used by node 'embd' (GET_ROWS)
resolve_fused_ops: fused DeepSeek V4 HC post enabled
graph_reserve: reserving a graph for ubatch with n_tokens =  452, n_seqs =  1, n_outputs =  452
llama_graph_n_input_tensors: input tensor '                         out_ids' [i32, ne = {   452,     1,     1,     1 }] is used by node 'result_norm' (GET_ROWS)
llama_graph_n_input_tensors: input tensor '                attn_inp_kq_mask' [f32, ne = {   512,   452,     1,     1 }] is used by node 'kq_soft_max-5' (SOFT_MAX)
llama_graph_n_input_tensors: input tensor '                attn_inp_kq_mask' [f32, ne = {   512,   452,     1,     1 }] is used by node 'kq_soft_max-11' (SOFT_MAX)
llama_graph_n_input_tensors: input tensor '                attn_inp_kq_mask' [f32, ne = {   512,   452,     1,     1 }] is used by node 'kq_soft_max-17' (SOFT_MAX)
llama_graph_n_input_tensors: input tensor '                attn_inp_kq_mask' [f32, ne = {   512,   452,     1,     1 }] is used by node 'kq_soft_max-23' (SOFT_MAX)
llama_graph_n_input_tensors: input tensor '                attn_inp_kq_mask' [f32, ne = {   512,   452,     1,     1 }] is used by node 'kq_soft_max-29' (SOFT_MAX)
llama_graph_n_input_tensors: input tensor '                attn_inp_kq_mask' [f32, ne = {   512,   452,     1,     1 }] is used by node 'kq_soft_max-35' (SOFT_MAX)
llama_graph_n_input_tensors: input tensor '                attn_inp_kq_mask' [f32, ne = {   512,   452,     1,     1 }] is used by node 'kq_soft_max-41' (SOFT_MAX)
llama_graph_n_input_tensors: input tensor '                 attn_inp_v_idxs' [i64, ne = { 462848,     1,     1,     1 }] is used by node 'cache_v_l5 (reshaped) (view)' (SET_ROWS)
llama_graph_n_input_tensors: input tensor '                 attn_inp_v_idxs' [i64, ne = { 462848,     1,     1,     1 }] is used by node 'cache_v_l11 (reshaped) (view)' (SET_ROWS)
llama_graph_n_input_tensors: input tensor '                 attn_inp_v_idxs' [i64, ne = { 462848,     1,     1,     1 }] is used by node 'cache_v_l17 (reshaped) (view)' (SET_ROWS)
llama_graph_n_input_tensors: input tensor '                 attn_inp_v_idxs' [i64, ne = { 462848,     1,     1,     1 }] is used by node 'cache_v_l23 (reshaped) (view)' (SET_ROWS)
llama_graph_n_input_tensors: input tensor '                 attn_inp_k_idxs' [i64, ne = {   452,     1,     1,     1 }] is used by node 'cache_k_l5 (view)' (SET_ROWS)
llama_graph_n_input_tensors: input tensor '                 attn_inp_k_idxs' [i64, ne = {   452,     1,     1,     1 }] is used by node 'cache_k_l11 (view)' (SET_ROWS)
llama_graph_n_input_tensors: input tensor '                 attn_inp_k_idxs' [i64, ne = {   452,     1,     1,     1 }] is used by node 'cache_k_l17 (view)' (SET_ROWS)
llama_graph_n_input_tensors: input tensor '                 attn_inp_k_idxs' [i64, ne = {   452,     1,     1,     1 }] is used by node 'cache_k_l23 (view)' (SET_ROWS)
llama_graph_n_input_tensors: input tensor '                attn_inp_kq_mask' [f32, ne = {   512,   452,     1,     1 }] is used by node 'kq_soft_max-0' (SOFT_MAX)
llama_graph_n_input_tensors: input tensor '                attn_inp_kq_mask' [f32, ne = {   512,   452,     1,     1 }] is used by node 'kq_soft_max-1' (SOFT_MAX)
llama_graph_n_input_tensors: input tensor '                attn_inp_kq_mask' [f32, ne = {   512,   452,     1,     1 }] is used by node 'kq_soft_max-2' (SOFT_MAX)
llama_graph_n_input_tensors: input tensor '                attn_inp_kq_mask' [f32, ne = {   512,   452,     1,     1 }] is used by node 'kq_soft_max-3' (SOFT_MAX)
llama_graph_n_input_tensors: input tensor '                attn_inp_kq_mask' [f32, ne = {   512,   452,     1,     1 }] is used by node 'kq_soft_max-4' (SOFT_MAX)
llama_graph_n_input_tensors: input tensor '                attn_inp_kq_mask' [f32, ne = {   512,   452,     1,     1 }] is used by node 'kq_soft_max-6' (SOFT_MAX)
llama_graph_n_input_tensors: input tensor '                attn_inp_kq_mask' [f32, ne = {   512,   452,     1,     1 }] is used by node 'kq_soft_max-7' (SOFT_MAX)
llama_graph_n_input_tensors: input tensor '                attn_inp_kq_mask' [f32, ne = {   512,   452,     1,     1 }] is used by node 'kq_soft_max-8' (SOFT_MAX)
llama_graph_n_input_tensors: input tensor '                attn_inp_kq_mask' [f32, ne = {   512,   452,     1,     1 }] is used by node 'kq_soft_max-9' (SOFT_MAX)
llama_graph_n_input_tensors: input tensor '                attn_inp_kq_mask' [f32, ne = {   512,   452,     1,     1 }] is used by node 'kq_soft_max-10' (SOFT_MAX)
llama_graph_n_input_tensors: input tensor '                attn_inp_kq_mask' [f32, ne = {   512,   452,     1,     1 }] is used by node 'kq_soft_max-12' (SOFT_MAX)
llama_graph_n_input_tensors: input tensor '                attn_inp_kq_mask' [f32, ne = {   512,   452,     1,     1 }] is used by node 'kq_soft_max-13' (SOFT_MAX)
llama_graph_n_input_tensors: input tensor '                attn_inp_kq_mask' [f32, ne = {   512,   452,     1,     1 }] is used by node 'kq_soft_max-14' (SOFT_MAX)
llama_graph_n_input_tensors: input tensor '                attn_inp_kq_mask' [f32, ne = {   512,   452,     1,     1 }] is used by node 'kq_soft_max-15' (SOFT_MAX)
llama_graph_n_input_tensors: input tensor '                attn_inp_kq_mask' [f32, ne = {   512,   452,     1,     1 }] is used by node 'kq_soft_max-16' (SOFT_MAX)
llama_graph_n_input_tensors: input tensor '                attn_inp_kq_mask' [f32, ne = {   512,   452,     1,     1 }] is used by node 'kq_soft_max-18' (SOFT_MAX)
llama_graph_n_input_tensors: input tensor '                attn_inp_kq_mask' [f32, ne = {   512,   452,     1,     1 }] is used by node 'kq_soft_max-19' (SOFT_MAX)
llama_graph_n_input_tensors: input tensor '                attn_inp_kq_mask' [f32, ne = {   512,   452,     1,     1 }] is used by node 'kq_soft_max-20' (SOFT_MAX)
llama_graph_n_input_tensors: input tensor '                attn_inp_kq_mask' [f32, ne = {   512,   452,     1,     1 }] is used by node 'kq_soft_max-21' (SOFT_MAX)
llama_graph_n_input_tensors: input tensor '                attn_inp_kq_mask' [f32, ne = {   512,   452,     1,     1 }] is used by node 'kq_soft_max-22' (SOFT_MAX)
llama_graph_n_input_tensors: input tensor '                attn_inp_kq_mask' [f32, ne = {   512,   452,     1,     1 }] is used by node 'kq_soft_max-24' (SOFT_MAX)
llama_graph_n_input_tensors: input tensor '                attn_inp_kq_mask' [f32, ne = {   512,   452,     1,     1 }] is used by node 'kq_soft_max-25' (SOFT_MAX)
llama_graph_n_input_tensors: input tensor '                attn_inp_kq_mask' [f32, ne = {   512,   452,     1,     1 }] is used by node 'kq_soft_max-26' (SOFT_MAX)
llama_graph_n_input_tensors: input tensor '                attn_inp_kq_mask' [f32, ne = {   512,   452,     1,     1 }] is used by node 'kq_soft_max-27' (SOFT_MAX)
llama_graph_n_input_tensors: input tensor '                attn_inp_kq_mask' [f32, ne = {   512,   452,     1,     1 }] is used by node 'kq_soft_max-28' (SOFT_MAX)
llama_graph_n_input_tensors: input tensor '                attn_inp_kq_mask' [f32, ne = {   512,   452,     1,     1 }] is used by node 'kq_soft_max-30' (SOFT_MAX)
llama_graph_n_input_tensors: input tensor '                attn_inp_kq_mask' [f32, ne = {   512,   452,     1,     1 }] is used by node 'kq_soft_max-31' (SOFT_MAX)
llama_graph_n_input_tensors: input tensor '                attn_inp_kq_mask' [f32, ne = {   512,   452,     1,     1 }] is used by node 'kq_soft_max-32' (SOFT_MAX)
llama_graph_n_input_tensors: input tensor '                attn_inp_kq_mask' [f32, ne = {   512,   452,     1,     1 }] is used by node 'kq_soft_max-33' (SOFT_MAX)
llama_graph_n_input_tensors: input tensor '                attn_inp_kq_mask' [f32, ne = {   512,   452,     1,     1 }] is used by node 'kq_soft_max-34' (SOFT_MAX)
llama_graph_n_input_tensors: input tensor '                attn_inp_kq_mask' [f32, ne = {   512,   452,     1,     1 }] is used by node 'kq_soft_max-36' (SOFT_MAX)
llama_graph_n_input_tensors: input tensor '                attn_inp_kq_mask' [f32, ne = {   512,   452,     1,     1 }] is used by node 'kq_soft_max-37' (SOFT_MAX)
llama_graph_n_input_tensors: input tensor '                attn_inp_kq_mask' [f32, ne = {   512,   452,     1,     1 }] is used by node 'kq_soft_max-38' (SOFT_MAX)
llama_graph_n_input_tensors: input tensor '                attn_inp_kq_mask' [f32, ne = {   512,   452,     1,     1 }] is used by node 'kq_soft_max-39' (SOFT_MAX)
llama_graph_n_input_tensors: input tensor '                attn_inp_kq_mask' [f32, ne = {   512,   452,     1,     1 }] is used by node 'kq_soft_max-40' (SOFT_MAX)
llama_graph_n_input_tensors: input tensor '                 attn_inp_v_idxs' [i64, ne = { 462848,     1,     1,     1 }] is used by node 'cache_v_l0 (reshaped) (view)' (SET_ROWS)
llama_graph_n_input_tensors: input tensor '                 attn_inp_v_idxs' [i64, ne = { 462848,     1,     1,     1 }] is used by node 'cache_v_l1 (reshaped) (view)' (SET_ROWS)
llama_graph_n_input_tensors: input tensor '                 attn_inp_v_idxs' [i64, ne = { 462848,     1,     1,     1 }] is used by node 'cache_v_l2 (reshaped) (view)' (SET_ROWS)
llama_graph_n_input_tensors: input tensor '                 attn_inp_v_idxs' [i64, ne = { 462848,     1,     1,     1 }] is used by node 'cache_v_l3 (reshaped) (view)' (SET_ROWS)
llama_graph_n_input_tensors: input tensor '                 attn_inp_v_idxs' [i64, ne = { 462848,     1,     1,     1 }] is used by node 'cache_v_l4 (reshaped) (view)' (SET_ROWS)
llama_graph_n_input_tensors: input tensor '                 attn_inp_v_idxs' [i64, ne = { 462848,     1,     1,     1 }] is used by node 'cache_v_l6 (reshaped) (view)' (SET_ROWS)
llama_graph_n_input_tensors: input tensor '                 attn_inp_v_idxs' [i64, ne = { 462848,     1,     1,     1 }] is used by node 'cache_v_l7 (reshaped) (view)' (SET_ROWS)
llama_graph_n_input_tensors: input tensor '                 attn_inp_v_idxs' [i64, ne = { 462848,     1,     1,     1 }] is used by node 'cache_v_l8 (reshaped) (view)' (SET_ROWS)
llama_graph_n_input_tensors: input tensor '                 attn_inp_v_idxs' [i64, ne = { 462848,     1,     1,     1 }] is used by node 'cache_v_l9 (reshaped) (view)' (SET_ROWS)
llama_graph_n_input_tensors: input tensor '                 attn_inp_v_idxs' [i64, ne = { 462848,     1,     1,     1 }] is used by node 'cache_v_l10 (reshaped) (view)' (SET_ROWS)
llama_graph_n_input_tensors: input tensor '                 attn_inp_v_idxs' [i64, ne = { 462848,     1,     1,     1 }] is used by node 'cache_v_l12 (reshaped) (view)' (SET_ROWS)
llama_graph_n_input_tensors: input tensor '                 attn_inp_v_idxs' [i64, ne = { 462848,     1,     1,     1 }] is used by node 'cache_v_l13 (reshaped) (view)' (SET_ROWS)
llama_graph_n_input_tensors: input tensor '                 attn_inp_v_idxs' [i64, ne = { 462848,     1,     1,     1 }] is used by node 'cache_v_l14 (reshaped) (view)' (SET_ROWS)
llama_graph_n_input_tensors: input tensor '                 attn_inp_v_idxs' [i64, ne = { 462848,     1,     1,     1 }] is used by node 'cache_v_l15 (reshaped) (view)' (SET_ROWS)
llama_graph_n_input_tensors: input tensor '                 attn_inp_v_idxs' [i64, ne = { 462848,     1,     1,     1 }] is used by node 'cache_v_l16 (reshaped) (view)' (SET_ROWS)
llama_graph_n_input_tensors: input tensor '                 attn_inp_v_idxs' [i64, ne = { 462848,     1,     1,     1 }] is used by node 'cache_v_l18 (reshaped) (view)' (SET_ROWS)
llama_graph_n_input_tensors: input tensor '                 attn_inp_v_idxs' [i64, ne = { 462848,     1,     1,     1 }] is used by node 'cache_v_l19 (reshaped) (view)' (SET_ROWS)
llama_graph_n_input_tensors: input tensor '                 attn_inp_v_idxs' [i64, ne = { 462848,     1,     1,     1 }] is used by node 'cache_v_l20 (reshaped) (view)' (SET_ROWS)
llama_graph_n_input_tensors: input tensor '                 attn_inp_v_idxs' [i64, ne = { 462848,     1,     1,     1 }] is used by node 'cache_v_l21 (reshaped) (view)' (SET_ROWS)
llama_graph_n_input_tensors: input tensor '                 attn_inp_v_idxs' [i64, ne = { 462848,     1,     1,     1 }] is used by node 'cache_v_l22 (reshaped) (view)' (SET_ROWS)
llama_graph_n_input_tensors: input tensor '                 attn_inp_k_idxs' [i64, ne = {   452,     1,     1,     1 }] is used by node 'cache_k_l0 (view)' (SET_ROWS)
llama_graph_n_input_tensors: input tensor '                 attn_inp_k_idxs' [i64, ne = {   452,     1,     1,     1 }] is used by node 'cache_k_l1 (view)' (SET_ROWS)
llama_graph_n_input_tensors: input tensor '                 attn_inp_k_idxs' [i64, ne = {   452,     1,     1,     1 }] is used by node 'cache_k_l2 (view)' (SET_ROWS)
llama_graph_n_input_tensors: input tensor '                 attn_inp_k_idxs' [i64, ne = {   452,     1,     1,     1 }] is used by node 'cache_k_l3 (view)' (SET_ROWS)
llama_graph_n_input_tensors: input tensor '                 attn_inp_k_idxs' [i64, ne = {   452,     1,     1,     1 }] is used by node 'cache_k_l4 (view)' (SET_ROWS)
llama_graph_n_input_tensors: input tensor '                 attn_inp_k_idxs' [i64, ne = {   452,     1,     1,     1 }] is used by node 'cache_k_l6 (view)' (SET_ROWS)
llama_graph_n_input_tensors: input tensor '                 attn_inp_k_idxs' [i64, ne = {   452,     1,     1,     1 }] is used by node 'cache_k_l7 (view)' (SET_ROWS)
llama_graph_n_input_tensors: input tensor '                 attn_inp_k_idxs' [i64, ne = {   452,     1,     1,     1 }] is used by node 'cache_k_l8 (view)' (SET_ROWS)
llama_graph_n_input_tensors: input tensor '                 attn_inp_k_idxs' [i64, ne = {   452,     1,     1,     1 }] is used by node 'cache_k_l9 (view)' (SET_ROWS)
llama_graph_n_input_tensors: input tensor '                 attn_inp_k_idxs' [i64, ne = {   452,     1,     1,     1 }] is used by node 'cache_k_l10 (view)' (SET_ROWS)
llama_graph_n_input_tensors: input tensor '                 attn_inp_k_idxs' [i64, ne = {   452,     1,     1,     1 }] is used by node 'cache_k_l12 (view)' (SET_ROWS)
llama_graph_n_input_tensors: input tensor '                 attn_inp_k_idxs' [i64, ne = {   452,     1,     1,     1 }] is used by node 'cache_k_l13 (view)' (SET_ROWS)
llama_graph_n_input_tensors: input tensor '                 attn_inp_k_idxs' [i64, ne = {   452,     1,     1,     1 }] is used by node 'cache_k_l14 (view)' (SET_ROWS)
llama_graph_n_input_tensors: input tensor '                 attn_inp_k_idxs' [i64, ne = {   452,     1,     1,     1 }] is used by node 'cache_k_l15 (view)' (SET_ROWS)
llama_graph_n_input_tensors: input tensor '                 attn_inp_k_idxs' [i64, ne = {   452,     1,     1,     1 }] is used by node 'cache_k_l16 (view)' (SET_ROWS)
llama_graph_n_input_tensors: input tensor '                 attn_inp_k_idxs' [i64, ne = {   452,     1,     1,     1 }] is used by node 'cache_k_l18 (view)' (SET_ROWS)
llama_graph_n_input_tensors: input tensor '                 attn_inp_k_idxs' [i64, ne = {   452,     1,     1,     1 }] is used by node 'cache_k_l19 (view)' (SET_ROWS)
llama_graph_n_input_tensors: input tensor '                 attn_inp_k_idxs' [i64, ne = {   452,     1,     1,     1 }] is used by node 'cache_k_l20 (view)' (SET_ROWS)
llama_graph_n_input_tensors: input tensor '                 attn_inp_k_idxs' [i64, ne = {   452,     1,     1,     1 }] is used by node 'cache_k_l21 (view)' (SET_ROWS)
llama_graph_n_input_tensors: input tensor '                 attn_inp_k_idxs' [i64, ne = {   452,     1,     1,     1 }] is used by node 'cache_k_l22 (view)' (SET_ROWS)
llama_graph_n_input_tensors: input tensor '                         inp_pos' [i32, ne = {   452,     1,     1,     1 }] is used by node 'Qcur_pos-0' (ROPE)
llama_graph_n_input_tensors: input tensor '                         inp_pos' [i32, ne = {   452,     1,     1,     1 }] is used by node 'Kcur_pos-0' (ROPE)
llama_graph_n_input_tensors: input tensor '                         inp_pos' [i32, ne = {   452,     1,     1,     1 }] is used by node 'Qcur_pos-1' (ROPE)
llama_graph_n_input_tensors: input tensor '                         inp_pos' [i32, ne = {   452,     1,     1,     1 }] is used by node 'Kcur_pos-1' (ROPE)
llama_graph_n_input_tensors: input tensor '                         inp_pos' [i32, ne = {   452,     1,     1,     1 }] is used by node 'Qcur_pos-2' (ROPE)
llama_graph_n_input_tensors: input tensor '                         inp_pos' [i32, ne = {   452,     1,     1,     1 }] is used by node 'Kcur_pos-2' (ROPE)
llama_graph_n_input_tensors: input tensor '                         inp_pos' [i32, ne = {   452,     1,     1,     1 }] is used by node 'Qcur_pos-3' (ROPE)
llama_graph_n_input_tensors: input tensor '                         inp_pos' [i32, ne = {   452,     1,     1,     1 }] is used by node 'Kcur_pos-3' (ROPE)
llama_graph_n_input_tensors: input tensor '                         inp_pos' [i32, ne = {   452,     1,     1,     1 }] is used by node 'Qcur_pos-4' (ROPE)
llama_graph_n_input_tensors: input tensor '                         inp_pos' [i32, ne = {   452,     1,     1,     1 }] is used by node 'Kcur_pos-4' (ROPE)
llama_graph_n_input_tensors: input tensor '                         inp_pos' [i32, ne = {   452,     1,     1,     1 }] is used by node 'Qcur_pos-5' (ROPE)
llama_graph_n_input_tensors: input tensor '                         inp_pos' [i32, ne = {   452,     1,     1,     1 }] is used by node 'Kcur_pos-5' (ROPE)
llama_graph_n_input_tensors: input tensor '                         inp_pos' [i32, ne = {   452,     1,     1,     1 }] is used by node 'Qcur_pos-6' (ROPE)
llama_graph_n_input_tensors: input tensor '                         inp_pos' [i32, ne = {   452,     1,     1,     1 }] is used by node 'Kcur_pos-6' (ROPE)
llama_graph_n_input_tensors: input tensor '                         inp_pos' [i32, ne = {   452,     1,     1,     1 }] is used by node 'Qcur_pos-7' (ROPE)
llama_graph_n_input_tensors: input tensor '                         inp_pos' [i32, ne = {   452,     1,     1,     1 }] is used by node 'Kcur_pos-7' (ROPE)
llama_graph_n_input_tensors: input tensor '                         inp_pos' [i32, ne = {   452,     1,     1,     1 }] is used by node 'Qcur_pos-8' (ROPE)
llama_graph_n_input_tensors: input tensor '                         inp_pos' [i32, ne = {   452,     1,     1,     1 }] is used by node 'Kcur_pos-8' (ROPE)
llama_graph_n_input_tensors: input tensor '                         inp_pos' [i32, ne = {   452,     1,     1,     1 }] is used by node 'Qcur_pos-9' (ROPE)
llama_graph_n_input_tensors: input tensor '                         inp_pos' [i32, ne = {   452,     1,     1,     1 }] is used by node 'Kcur_pos-9' (ROPE)
llama_graph_n_input_tensors: input tensor '                         inp_pos' [i32, ne = {   452,     1,     1,     1 }] is used by node 'Qcur_pos-10' (ROPE)
llama_graph_n_input_tensors: input tensor '                         inp_pos' [i32, ne = {   452,     1,     1,     1 }] is used by node 'Kcur_pos-10' (ROPE)
llama_graph_n_input_tensors: input tensor '                         inp_pos' [i32, ne = {   452,     1,     1,     1 }] is used by node 'Qcur_pos-11' (ROPE)
llama_graph_n_input_tensors: input tensor '                         inp_pos' [i32, ne = {   452,     1,     1,     1 }] is used by node 'Kcur_pos-11' (ROPE)
llama_graph_n_input_tensors: input tensor '                         inp_pos' [i32, ne = {   452,     1,     1,     1 }] is used by node 'Qcur_pos-12' (ROPE)
llama_graph_n_input_tensors: input tensor '                         inp_pos' [i32, ne = {   452,     1,     1,     1 }] is used by node 'Kcur_pos-12' (ROPE)
llama_graph_n_input_tensors: input tensor '                         inp_pos' [i32, ne = {   452,     1,     1,     1 }] is used by node 'Qcur_pos-13' (ROPE)
llama_graph_n_input_tensors: input tensor '                         inp_pos' [i32, ne = {   452,     1,     1,     1 }] is used by node 'Kcur_pos-13' (ROPE)
llama_graph_n_input_tensors: input tensor '                         inp_pos' [i32, ne = {   452,     1,     1,     1 }] is used by node 'Qcur_pos-14' (ROPE)
llama_graph_n_input_tensors: input tensor '                         inp_pos' [i32, ne = {   452,     1,     1,     1 }] is used by node 'Kcur_pos-14' (ROPE)
llama_graph_n_input_tensors: input tensor '                         inp_pos' [i32, ne = {   452,     1,     1,     1 }] is used by node 'Qcur_pos-15' (ROPE)
llama_graph_n_input_tensors: input tensor '                         inp_pos' [i32, ne = {   452,     1,     1,     1 }] is used by node 'Kcur_pos-15' (ROPE)
llama_graph_n_input_tensors: input tensor '                         inp_pos' [i32, ne = {   452,     1,     1,     1 }] is used by node 'Qcur_pos-16' (ROPE)
llama_graph_n_input_tensors: input tensor '                         inp_pos' [i32, ne = {   452,     1,     1,     1 }] is used by node 'Kcur_pos-16' (ROPE)
llama_graph_n_input_tensors: input tensor '                         inp_pos' [i32, ne = {   452,     1,     1,     1 }] is used by node 'Qcur_pos-17' (ROPE)
llama_graph_n_input_tensors: input tensor '                         inp_pos' [i32, ne = {   452,     1,     1,     1 }] is used by node 'Kcur_pos-17' (ROPE)
llama_graph_n_input_tensors: input tensor '                         inp_pos' [i32, ne = {   452,     1,     1,     1 }] is used by node 'Qcur_pos-18' (ROPE)
llama_graph_n_input_tensors: input tensor '                         inp_pos' [i32, ne = {   452,     1,     1,     1 }] is used by node 'Kcur_pos-18' (ROPE)
llama_graph_n_input_tensors: input tensor '                         inp_pos' [i32, ne = {   452,     1,     1,     1 }] is used by node 'Qcur_pos-19' (ROPE)
llama_graph_n_input_tensors: input tensor '                         inp_pos' [i32, ne = {   452,     1,     1,     1 }] is used by node 'Kcur_pos-19' (ROPE)
llama_graph_n_input_tensors: input tensor '                         inp_pos' [i32, ne = {   452,     1,     1,     1 }] is used by node 'Qcur_pos-20' (ROPE)
llama_graph_n_input_tensors: input tensor '                         inp_pos' [i32, ne = {   452,     1,     1,     1 }] is used by node 'Kcur_pos-20' (ROPE)
llama_graph_n_input_tensors: input tensor '                         inp_pos' [i32, ne = {   452,     1,     1,     1 }] is used by node 'Qcur_pos-21' (ROPE)
llama_graph_n_input_tensors: input tensor '                         inp_pos' [i32, ne = {   452,     1,     1,     1 }] is used by node 'Kcur_pos-21' (ROPE)
llama_graph_n_input_tensors: input tensor '                         inp_pos' [i32, ne = {   452,     1,     1,     1 }] is used by node 'Qcur_pos-22' (ROPE)
llama_graph_n_input_tensors: input tensor '                         inp_pos' [i32, ne = {   452,     1,     1,     1 }] is used by node 'Kcur_pos-22' (ROPE)
llama_graph_n_input_tensors: input tensor '                         inp_pos' [i32, ne = {   452,     1,     1,     1 }] is used by node 'Qcur_pos-23' (ROPE)
llama_graph_n_input_tensors: input tensor '                         inp_pos' [i32, ne = {   452,     1,     1,     1 }] is used by node 'Kcur_pos-23' (ROPE)
llama_graph_n_input_tensors: input tensor '                         inp_pos' [i32, ne = {   452,     1,     1,     1 }] is used by node 'Qcur_pos-24' (ROPE)
llama_graph_n_input_tensors: input tensor '                         inp_pos' [i32, ne = {   452,     1,     1,     1 }] is used by node 'Qcur_pos-25' (ROPE)
llama_graph_n_input_tensors: input tensor '                         inp_pos' [i32, ne = {   452,     1,     1,     1 }] is used by node 'Qcur_pos-26' (ROPE)
llama_graph_n_input_tensors: input tensor '                         inp_pos' [i32, ne = {   452,     1,     1,     1 }] is used by node 'Qcur_pos-27' (ROPE)
llama_graph_n_input_tensors: input tensor '                         inp_pos' [i32, ne = {   452,     1,     1,     1 }] is used by node 'Qcur_pos-28' (ROPE)
llama_graph_n_input_tensors: input tensor '                         inp_pos' [i32, ne = {   452,     1,     1,     1 }] is used by node 'Qcur_pos-29' (ROPE)
llama_graph_n_input_tensors: input tensor '                         inp_pos' [i32, ne = {   452,     1,     1,     1 }] is used by node 'Qcur_pos-30' (ROPE)
llama_graph_n_input_tensors: input tensor '                         inp_pos' [i32, ne = {   452,     1,     1,     1 }] is used by node 'Qcur_pos-31' (ROPE)
llama_graph_n_input_tensors: input tensor '                         inp_pos' [i32, ne = {   452,     1,     1,     1 }] is used by node 'Qcur_pos-32' (ROPE)
llama_graph_n_input_tensors: input tensor '                         inp_pos' [i32, ne = {   452,     1,     1,     1 }] is used by node 'Qcur_pos-33' (ROPE)
llama_graph_n_input_tensors: input tensor '                         inp_pos' [i32, ne = {   452,     1,     1,     1 }] is used by node 'Qcur_pos-34' (ROPE)
llama_graph_n_input_tensors: input tensor '                         inp_pos' [i32, ne = {   452,     1,     1,     1 }] is used by node 'Qcur_pos-35' (ROPE)
llama_graph_n_input_tensors: input tensor '                         inp_pos' [i32, ne = {   452,     1,     1,     1 }] is used by node 'Qcur_pos-36' (ROPE)
llama_graph_n_input_tensors: input tensor '                         inp_pos' [i32, ne = {   452,     1,     1,     1 }] is used by node 'Qcur_pos-37' (ROPE)
llama_graph_n_input_tensors: input tensor '                         inp_pos' [i32, ne = {   452,     1,     1,     1 }] is used by node 'Qcur_pos-38' (ROPE)
llama_graph_n_input_tensors: input tensor '                         inp_pos' [i32, ne = {   452,     1,     1,     1 }] is used by node 'Qcur_pos-39' (ROPE)
llama_graph_n_input_tensors: input tensor '                         inp_pos' [i32, ne = {   452,     1,     1,     1 }] is used by node 'Qcur_pos-40' (ROPE)
llama_graph_n_input_tensors: input tensor '                         inp_pos' [i32, ne = {   452,     1,     1,     1 }] is used by node 'Qcur_pos-41' (ROPE)
llama_graph_n_input_tensors: input tensor '                          leaf_4' [i32, ne = {   452,     1,     1,     1 }] is used by node 'node_1' (GET_ROWS)
llama_graph_n_input_tensors: input tensor '                      inp_tokens' [i32, ne = {   452,     1,     1,     1 }] is used by node 'embd' (GET_ROWS)
graph_reserve: reserving a graph for ubatch with n_tokens =    1, n_seqs =  1, n_outputs =    1
llama_graph_n_input_tensors: input tensor '                         out_ids' [i32, ne = {     1,     1,     1,     1 }] is used by node 'result_norm' (GET_ROWS)
llama_graph_n_input_tensors: input tensor '                attn_inp_kq_mask' [f32, ne = {   512,     1,     1,     1 }] is used by node 'kq_soft_max-5' (SOFT_MAX)
llama_graph_n_input_tensors: input tensor '                attn_inp_kq_mask' [f32, ne = {   512,     1,     1,     1 }] is used by node 'kq_soft_max-11' (SOFT_MAX)
llama_graph_n_input_tensors: input tensor '                attn_inp_kq_mask' [f32, ne = {   512,     1,     1,     1 }] is used by node 'kq_soft_max-17' (SOFT_MAX)
llama_graph_n_input_tensors: input tensor '                attn_inp_kq_mask' [f32, ne = {   512,     1,     1,     1 }] is used by node 'kq_soft_max-23' (SOFT_MAX)
llama_graph_n_input_tensors: input tensor '                attn_inp_kq_mask' [f32, ne = {   512,     1,     1,     1 }] is used by node 'kq_soft_max-29' (SOFT_MAX)
llama_graph_n_input_tensors: input tensor '                attn_inp_kq_mask' [f32, ne = {   512,     1,     1,     1 }] is used by node 'kq_soft_max-35' (SOFT_MAX)
llama_graph_n_input_tensors: input tensor '                attn_inp_kq_mask' [f32, ne = {   512,     1,     1,     1 }] is used by node 'kq_soft_max-41' (SOFT_MAX)
llama_graph_n_input_tensors: input tensor '                 attn_inp_v_idxs' [i64, ne = {  1024,     1,     1,     1 }] is used by node 'cache_v_l5 (reshaped) (view)' (SET_ROWS)
llama_graph_n_input_tensors: input tensor '                 attn_inp_v_idxs' [i64, ne = {  1024,     1,     1,     1 }] is used by node 'cache_v_l11 (reshaped) (view)' (SET_ROWS)
llama_graph_n_input_tensors: input tensor '                 attn_inp_v_idxs' [i64, ne = {  1024,     1,     1,     1 }] is used by node 'cache_v_l17 (reshaped) (view)' (SET_ROWS)
llama_graph_n_input_tensors: input tensor '                 attn_inp_v_idxs' [i64, ne = {  1024,     1,     1,     1 }] is used by node 'cache_v_l23 (reshaped) (view)' (SET_ROWS)
llama_graph_n_input_tensors: input tensor '                 attn_inp_k_idxs' [i64, ne = {     1,     1,     1,     1 }] is used by node 'cache_k_l5 (view)' (SET_ROWS)
llama_graph_n_input_tensors: input tensor '                 attn_inp_k_idxs' [i64, ne = {     1,     1,     1,     1 }] is used by node 'cache_k_l11 (view)' (SET_ROWS)
llama_graph_n_input_tensors: input tensor '                 attn_inp_k_idxs' [i64, ne = {     1,     1,     1,     1 }] is used by node 'cache_k_l17 (view)' (SET_ROWS)
llama_graph_n_input_tensors: input tensor '                 attn_inp_k_idxs' [i64, ne = {     1,     1,     1,     1 }] is used by node 'cache_k_l23 (view)' (SET_ROWS)
llama_graph_n_input_tensors: input tensor '                attn_inp_kq_mask' [f32, ne = {   512,     1,     1,     1 }] is used by node 'kq_soft_max-0' (SOFT_MAX)
llama_graph_n_input_tensors: input tensor '                attn_inp_kq_mask' [f32, ne = {   512,     1,     1,     1 }] is used by node 'kq_soft_max-1' (SOFT_MAX)
llama_graph_n_input_tensors: input tensor '                attn_inp_kq_mask' [f32, ne = {   512,     1,     1,     1 }] is used by node 'kq_soft_max-2' (SOFT_MAX)
llama_graph_n_input_tensors: input tensor '                attn_inp_kq_mask' [f32, ne = {   512,     1,     1,     1 }] is used by node 'kq_soft_max-3' (SOFT_MAX)
llama_graph_n_input_tensors: input tensor '                attn_inp_kq_mask' [f32, ne = {   512,     1,     1,     1 }] is used by node 'kq_soft_max-4' (SOFT_MAX)
llama_graph_n_input_tensors: input tensor '                attn_inp_kq_mask' [f32, ne = {   512,     1,     1,     1 }] is used by node 'kq_soft_max-6' (SOFT_MAX)
llama_graph_n_input_tensors: input tensor '                attn_inp_kq_mask' [f32, ne = {   512,     1,     1,     1 }] is used by node 'kq_soft_max-7' (SOFT_MAX)
llama_graph_n_input_tensors: input tensor '                attn_inp_kq_mask' [f32, ne = {   512,     1,     1,     1 }] is used by node 'kq_soft_max-8' (SOFT_MAX)
llama_graph_n_input_tensors: input tensor '                attn_inp_kq_mask' [f32, ne = {   512,     1,     1,     1 }] is used by node 'kq_soft_max-9' (SOFT_MAX)
llama_graph_n_input_tensors: input tensor '                attn_inp_kq_mask' [f32, ne = {   512,     1,     1,     1 }] is used by node 'kq_soft_max-10' (SOFT_MAX)
llama_graph_n_input_tensors: input tensor '                attn_inp_kq_mask' [f32, ne = {   512,     1,     1,     1 }] is used by node 'kq_soft_max-12' (SOFT_MAX)
llama_graph_n_input_tensors: input tensor '                attn_inp_kq_mask' [f32, ne = {   512,     1,     1,     1 }] is used by node 'kq_soft_max-13' (SOFT_MAX)
llama_graph_n_input_tensors: input tensor '                attn_inp_kq_mask' [f32, ne = {   512,     1,     1,     1 }] is used by node 'kq_soft_max-14' (SOFT_MAX)
llama_graph_n_input_tensors: input tensor '                attn_inp_kq_mask' [f32, ne = {   512,     1,     1,     1 }] is used by node 'kq_soft_max-15' (SOFT_MAX)
llama_graph_n_input_tensors: input tensor '                attn_inp_kq_mask' [f32, ne = {   512,     1,     1,     1 }] is used by node 'kq_soft_max-16' (SOFT_MAX)
llama_graph_n_input_tensors: input tensor '                attn_inp_kq_mask' [f32, ne = {   512,     1,     1,     1 }] is used by node 'kq_soft_max-18' (SOFT_MAX)
llama_graph_n_input_tensors: input tensor '                attn_inp_kq_mask' [f32, ne = {   512,     1,     1,     1 }] is used by node 'kq_soft_max-19' (SOFT_MAX)
llama_graph_n_input_tensors: input tensor '                attn_inp_kq_mask' [f32, ne = {   512,     1,     1,     1 }] is used by node 'kq_soft_max-20' (SOFT_MAX)
llama_graph_n_input_tensors: input tensor '                attn_inp_kq_mask' [f32, ne = {   512,     1,     1,     1 }] is used by node 'kq_soft_max-21' (SOFT_MAX)
llama_graph_n_input_tensors: input tensor '                attn_inp_kq_mask' [f32, ne = {   512,     1,     1,     1 }] is used by node 'kq_soft_max-22' (SOFT_MAX)
llama_graph_n_input_tensors: input tensor '                attn_inp_kq_mask' [f32, ne = {   512,     1,     1,     1 }] is used by node 'kq_soft_max-24' (SOFT_MAX)
llama_graph_n_input_tensors: input tensor '                attn_inp_kq_mask' [f32, ne = {   512,     1,     1,     1 }] is used by node 'kq_soft_max-25' (SOFT_MAX)
llama_graph_n_input_tensors: input tensor '                attn_inp_kq_mask' [f32, ne = {   512,     1,     1,     1 }] is used by node 'kq_soft_max-26' (SOFT_MAX)
llama_graph_n_input_tensors: input tensor '                attn_inp_kq_mask' [f32, ne = {   512,     1,     1,     1 }] is used by node 'kq_soft_max-27' (SOFT_MAX)
llama_graph_n_input_tensors: input tensor '                attn_inp_kq_mask' [f32, ne = {   512,     1,     1,     1 }] is used by node 'kq_soft_max-28' (SOFT_MAX)
llama_graph_n_input_tensors: input tensor '                attn_inp_kq_mask' [f32, ne = {   512,     1,     1,     1 }] is used by node 'kq_soft_max-30' (SOFT_MAX)
llama_graph_n_input_tensors: input tensor '                attn_inp_kq_mask' [f32, ne = {   512,     1,     1,     1 }] is used by node 'kq_soft_max-31' (SOFT_MAX)
llama_graph_n_input_tensors: input tensor '                attn_inp_kq_mask' [f32, ne = {   512,     1,     1,     1 }] is used by node 'kq_soft_max-32' (SOFT_MAX)
llama_graph_n_input_tensors: input tensor '                attn_inp_kq_mask' [f32, ne = {   512,     1,     1,     1 }] is used by node 'kq_soft_max-33' (SOFT_MAX)
llama_graph_n_input_tensors: input tensor '                attn_inp_kq_mask' [f32, ne = {   512,     1,     1,     1 }] is used by node 'kq_soft_max-34' (SOFT_MAX)
llama_graph_n_input_tensors: input tensor '                attn_inp_kq_mask' [f32, ne = {   512,     1,     1,     1 }] is used by node 'kq_soft_max-36' (SOFT_MAX)
llama_graph_n_input_tensors: input tensor '                attn_inp_kq_mask' [f32, ne = {   512,     1,     1,     1 }] is used by node 'kq_soft_max-37' (SOFT_MAX)
llama_graph_n_input_tensors: input tensor '                attn_inp_kq_mask' [f32, ne = {   512,     1,     1,     1 }] is used by node 'kq_soft_max-38' (SOFT_MAX)
llama_graph_n_input_tensors: input tensor '                attn_inp_kq_mask' [f32, ne = {   512,     1,     1,     1 }] is used by node 'kq_soft_max-39' (SOFT_MAX)
llama_graph_n_input_tensors: input tensor '                attn_inp_kq_mask' [f32, ne = {   512,     1,     1,     1 }] is used by node 'kq_soft_max-40' (SOFT_MAX)
llama_graph_n_input_tensors: input tensor '                 attn_inp_v_idxs' [i64, ne = {  1024,     1,     1,     1 }] is used by node 'cache_v_l0 (reshaped) (view)' (SET_ROWS)
llama_graph_n_input_tensors: input tensor '                 attn_inp_v_idxs' [i64, ne = {  1024,     1,     1,     1 }] is used by node 'cache_v_l1 (reshaped) (view)' (SET_ROWS)
llama_graph_n_input_tensors: input tensor '                 attn_inp_v_idxs' [i64, ne = {  1024,     1,     1,     1 }] is used by node 'cache_v_l2 (reshaped) (view)' (SET_ROWS)
llama_graph_n_input_tensors: input tensor '                 attn_inp_v_idxs' [i64, ne = {  1024,     1,     1,     1 }] is used by node 'cache_v_l3 (reshaped) (view)' (SET_ROWS)
llama_graph_n_input_tensors: input tensor '                 attn_inp_v_idxs' [i64, ne = {  1024,     1,     1,     1 }] is used by node 'cache_v_l4 (reshaped) (view)' (SET_ROWS)
llama_graph_n_input_tensors: input tensor '                 attn_inp_v_idxs' [i64, ne = {  1024,     1,     1,     1 }] is used by node 'cache_v_l6 (reshaped) (view)' (SET_ROWS)
llama_graph_n_input_tensors: input tensor '                 attn_inp_v_idxs' [i64, ne = {  1024,     1,     1,     1 }] is used by node 'cache_v_l7 (reshaped) (view)' (SET_ROWS)
llama_graph_n_input_tensors: input tensor '                 attn_inp_v_idxs' [i64, ne = {  1024,     1,     1,     1 }] is used by node 'cache_v_l8 (reshaped) (view)' (SET_ROWS)
llama_graph_n_input_tensors: input tensor '                 attn_inp_v_idxs' [i64, ne = {  1024,     1,     1,     1 }] is used by node 'cache_v_l9 (reshaped) (view)' (SET_ROWS)
llama_graph_n_input_tensors: input tensor '                 attn_inp_v_idxs' [i64, ne = {  1024,     1,     1,     1 }] is used by node 'cache_v_l10 (reshaped) (view)' (SET_ROWS)
llama_graph_n_input_tensors: input tensor '                 attn_inp_v_idxs' [i64, ne = {  1024,     1,     1,     1 }] is used by node 'cache_v_l12 (reshaped) (view)' (SET_ROWS)
llama_graph_n_input_tensors: input tensor '                 attn_inp_v_idxs' [i64, ne = {  1024,     1,     1,     1 }] is used by node 'cache_v_l13 (reshaped) (view)' (SET_ROWS)
llama_graph_n_input_tensors: input tensor '                 attn_inp_v_idxs' [i64, ne = {  1024,     1,     1,     1 }] is used by node 'cache_v_l14 (reshaped) (view)' (SET_ROWS)
llama_graph_n_input_tensors: input tensor '                 attn_inp_v_idxs' [i64, ne = {  1024,     1,     1,     1 }] is used by node 'cache_v_l15 (reshaped) (view)' (SET_ROWS)
llama_graph_n_input_tensors: input tensor '                 attn_inp_v_idxs' [i64, ne = {  1024,     1,     1,     1 }] is used by node 'cache_v_l16 (reshaped) (view)' (SET_ROWS)
llama_graph_n_input_tensors: input tensor '                 attn_inp_v_idxs' [i64, ne = {  1024,     1,     1,     1 }] is used by node 'cache_v_l18 (reshaped) (view)' (SET_ROWS)
llama_graph_n_input_tensors: input tensor '                 attn_inp_v_idxs' [i64, ne = {  1024,     1,     1,     1 }] is used by node 'cache_v_l19 (reshaped) (view)' (SET_ROWS)
llama_graph_n_input_tensors: input tensor '                 attn_inp_v_idxs' [i64, ne = {  1024,     1,     1,     1 }] is used by node 'cache_v_l20 (reshaped) (view)' (SET_ROWS)
llama_graph_n_input_tensors: input tensor '                 attn_inp_v_idxs' [i64, ne = {  1024,     1,     1,     1 }] is used by node 'cache_v_l21 (reshaped) (view)' (SET_ROWS)
llama_graph_n_input_tensors: input tensor '                 attn_inp_v_idxs' [i64, ne = {  1024,     1,     1,     1 }] is used by node 'cache_v_l22 (reshaped) (view)' (SET_ROWS)
llama_graph_n_input_tensors: input tensor '                 attn_inp_k_idxs' [i64, ne = {     1,     1,     1,     1 }] is used by node 'cache_k_l0 (view)' (SET_ROWS)
llama_graph_n_input_tensors: input tensor '                 attn_inp_k_idxs' [i64, ne = {     1,     1,     1,     1 }] is used by node 'cache_k_l1 (view)' (SET_ROWS)
llama_graph_n_input_tensors: input tensor '                 attn_inp_k_idxs' [i64, ne = {     1,     1,     1,     1 }] is used by node 'cache_k_l2 (view)' (SET_ROWS)
llama_graph_n_input_tensors: input tensor '                 attn_inp_k_idxs' [i64, ne = {     1,     1,     1,     1 }] is used by node 'cache_k_l3 (view)' (SET_ROWS)
llama_graph_n_input_tensors: input tensor '                 attn_inp_k_idxs' [i64, ne = {     1,     1,     1,     1 }] is used by node 'cache_k_l4 (view)' (SET_ROWS)
llama_graph_n_input_tensors: input tensor '                 attn_inp_k_idxs' [i64, ne = {     1,     1,     1,     1 }] is used by node 'cache_k_l6 (view)' (SET_ROWS)
llama_graph_n_input_tensors: input tensor '                 attn_inp_k_idxs' [i64, ne = {     1,     1,     1,     1 }] is used by node 'cache_k_l7 (view)' (SET_ROWS)
llama_graph_n_input_tensors: input tensor '                 attn_inp_k_idxs' [i64, ne = {     1,     1,     1,     1 }] is used by node 'cache_k_l8 (view)' (SET_ROWS)
llama_graph_n_input_tensors: input tensor '                 attn_inp_k_idxs' [i64, ne = {     1,     1,     1,     1 }] is used by node 'cache_k_l9 (view)' (SET_ROWS)
llama_graph_n_input_tensors: input tensor '                 attn_inp_k_idxs' [i64, ne = {     1,     1,     1,     1 }] is used by node 'cache_k_l10 (view)' (SET_ROWS)
llama_graph_n_input_tensors: input tensor '                 attn_inp_k_idxs' [i64, ne = {     1,     1,     1,     1 }] is used by node 'cache_k_l12 (view)' (SET_ROWS)
llama_graph_n_input_tensors: input tensor '                 attn_inp_k_idxs' [i64, ne = {     1,     1,     1,     1 }] is used by node 'cache_k_l13 (view)' (SET_ROWS)
llama_graph_n_input_tensors: input tensor '                 attn_inp_k_idxs' [i64, ne = {     1,     1,     1,     1 }] is used by node 'cache_k_l14 (view)' (SET_ROWS)
llama_graph_n_input_tensors: input tensor '                 attn_inp_k_idxs' [i64, ne = {     1,     1,     1,     1 }] is used by node 'cache_k_l15 (view)' (SET_ROWS)
llama_graph_n_input_tensors: input tensor '                 attn_inp_k_idxs' [i64, ne = {     1,     1,     1,     1 }] is used by node 'cache_k_l16 (view)' (SET_ROWS)
llama_graph_n_input_tensors: input tensor '                 attn_inp_k_idxs' [i64, ne = {     1,     1,     1,     1 }] is used by node 'cache_k_l18 (view)' (SET_ROWS)
llama_graph_n_input_tensors: input tensor '                 attn_inp_k_idxs' [i64, ne = {     1,     1,     1,     1 }] is used by node 'cache_k_l19 (view)' (SET_ROWS)
llama_graph_n_input_tensors: input tensor '                 attn_inp_k_idxs' [i64, ne = {     1,     1,     1,     1 }] is used by node 'cache_k_l20 (view)' (SET_ROWS)
llama_graph_n_input_tensors: input tensor '                 attn_inp_k_idxs' [i64, ne = {     1,     1,     1,     1 }] is used by node 'cache_k_l21 (view)' (SET_ROWS)
llama_graph_n_input_tensors: input tensor '                 attn_inp_k_idxs' [i64, ne = {     1,     1,     1,     1 }] is used by node 'cache_k_l22 (view)' (SET_ROWS)
llama_graph_n_input_tensors: input tensor '                         inp_pos' [i32, ne = {     1,     1,     1,     1 }] is used by node 'Qcur_pos-0' (ROPE)
llama_graph_n_input_tensors: input tensor '                         inp_pos' [i32, ne = {     1,     1,     1,     1 }] is used by node 'Kcur_pos-0' (ROPE)
llama_graph_n_input_tensors: input tensor '                         inp_pos' [i32, ne = {     1,     1,     1,     1 }] is used by node 'Qcur_pos-1' (ROPE)
llama_graph_n_input_tensors: input tensor '                         inp_pos' [i32, ne = {     1,     1,     1,     1 }] is used by node 'Kcur_pos-1' (ROPE)
llama_graph_n_input_tensors: input tensor '                         inp_pos' [i32, ne = {     1,     1,     1,     1 }] is used by node 'Qcur_pos-2' (ROPE)
llama_graph_n_input_tensors: input tensor '                         inp_pos' [i32, ne = {     1,     1,     1,     1 }] is used by node 'Kcur_pos-2' (ROPE)
llama_graph_n_input_tensors: input tensor '                         inp_pos' [i32, ne = {     1,     1,     1,     1 }] is used by node 'Qcur_pos-3' (ROPE)
llama_graph_n_input_tensors: input tensor '                         inp_pos' [i32, ne = {     1,     1,     1,     1 }] is used by node 'Kcur_pos-3' (ROPE)
llama_graph_n_input_tensors: input tensor '                         inp_pos' [i32, ne = {     1,     1,     1,     1 }] is used by node 'Qcur_pos-4' (ROPE)
llama_graph_n_input_tensors: input tensor '                         inp_pos' [i32, ne = {     1,     1,     1,     1 }] is used by node 'Kcur_pos-4' (ROPE)
llama_graph_n_input_tensors: input tensor '                         inp_pos' [i32, ne = {     1,     1,     1,     1 }] is used by node 'Qcur_pos-5' (ROPE)
llama_graph_n_input_tensors: input tensor '                         inp_pos' [i32, ne = {     1,     1,     1,     1 }] is used by node 'Kcur_pos-5' (ROPE)
llama_graph_n_input_tensors: input tensor '                         inp_pos' [i32, ne = {     1,     1,     1,     1 }] is used by node 'Qcur_pos-6' (ROPE)
llama_graph_n_input_tensors: input tensor '                         inp_pos' [i32, ne = {     1,     1,     1,     1 }] is used by node 'Kcur_pos-6' (ROPE)
llama_graph_n_input_tensors: input tensor '                         inp_pos' [i32, ne = {     1,     1,     1,     1 }] is used by node 'Qcur_pos-7' (ROPE)
llama_graph_n_input_tensors: input tensor '                         inp_pos' [i32, ne = {     1,     1,     1,     1 }] is used by node 'Kcur_pos-7' (ROPE)
llama_graph_n_input_tensors: input tensor '                         inp_pos' [i32, ne = {     1,     1,     1,     1 }] is used by node 'Qcur_pos-8' (ROPE)
llama_graph_n_input_tensors: input tensor '                         inp_pos' [i32, ne = {     1,     1,     1,     1 }] is used by node 'Kcur_pos-8' (ROPE)
llama_graph_n_input_tensors: input tensor '                         inp_pos' [i32, ne = {     1,     1,     1,     1 }] is used by node 'Qcur_pos-9' (ROPE)
llama_graph_n_input_tensors: input tensor '                         inp_pos' [i32, ne = {     1,     1,     1,     1 }] is used by node 'Kcur_pos-9' (ROPE)
llama_graph_n_input_tensors: input tensor '                         inp_pos' [i32, ne = {     1,     1,     1,     1 }] is used by node 'Qcur_pos-10' (ROPE)
llama_graph_n_input_tensors: input tensor '                         inp_pos' [i32, ne = {     1,     1,     1,     1 }] is used by node 'Kcur_pos-10' (ROPE)
llama_graph_n_input_tensors: input tensor '                         inp_pos' [i32, ne = {     1,     1,     1,     1 }] is used by node 'Qcur_pos-11' (ROPE)
llama_graph_n_input_tensors: input tensor '                         inp_pos' [i32, ne = {     1,     1,     1,     1 }] is used by node 'Kcur_pos-11' (ROPE)
llama_graph_n_input_tensors: input tensor '                         inp_pos' [i32, ne = {     1,     1,     1,     1 }] is used by node 'Qcur_pos-12' (ROPE)
llama_graph_n_input_tensors: input tensor '                         inp_pos' [i32, ne = {     1,     1,     1,     1 }] is used by node 'Kcur_pos-12' (ROPE)
llama_graph_n_input_tensors: input tensor '                         inp_pos' [i32, ne = {     1,     1,     1,     1 }] is used by node 'Qcur_pos-13' (ROPE)
llama_graph_n_input_tensors: input tensor '                         inp_pos' [i32, ne = {     1,     1,     1,     1 }] is used by node 'Kcur_pos-13' (ROPE)
llama_graph_n_input_tensors: input tensor '                         inp_pos' [i32, ne = {     1,     1,     1,     1 }] is used by node 'Qcur_pos-14' (ROPE)
llama_graph_n_input_tensors: input tensor '                         inp_pos' [i32, ne = {     1,     1,     1,     1 }] is used by node 'Kcur_pos-14' (ROPE)
llama_graph_n_input_tensors: input tensor '                         inp_pos' [i32, ne = {     1,     1,     1,     1 }] is used by node 'Qcur_pos-15' (ROPE)
llama_graph_n_input_tensors: input tensor '                         inp_pos' [i32, ne = {     1,     1,     1,     1 }] is used by node 'Kcur_pos-15' (ROPE)
llama_graph_n_input_tensors: input tensor '                         inp_pos' [i32, ne = {     1,     1,     1,     1 }] is used by node 'Qcur_pos-16' (ROPE)
llama_graph_n_input_tensors: input tensor '                         inp_pos' [i32, ne = {     1,     1,     1,     1 }] is used by node 'Kcur_pos-16' (ROPE)
llama_graph_n_input_tensors: input tensor '                         inp_pos' [i32, ne = {     1,     1,     1,     1 }] is used by node 'Qcur_pos-17' (ROPE)
llama_graph_n_input_tensors: input tensor '                         inp_pos' [i32, ne = {     1,     1,     1,     1 }] is used by node 'Kcur_pos-17' (ROPE)
llama_graph_n_input_tensors: input tensor '                         inp_pos' [i32, ne = {     1,     1,     1,     1 }] is used by node 'Qcur_pos-18' (ROPE)
llama_graph_n_input_tensors: input tensor '                         inp_pos' [i32, ne = {     1,     1,     1,     1 }] is used by node 'Kcur_pos-18' (ROPE)
llama_graph_n_input_tensors: input tensor '                         inp_pos' [i32, ne = {     1,     1,     1,     1 }] is used by node 'Qcur_pos-19' (ROPE)
llama_graph_n_input_tensors: input tensor '                         inp_pos' [i32, ne = {     1,     1,     1,     1 }] is used by node 'Kcur_pos-19' (ROPE)
llama_graph_n_input_tensors: input tensor '                         inp_pos' [i32, ne = {     1,     1,     1,     1 }] is used by node 'Qcur_pos-20' (ROPE)
llama_graph_n_input_tensors: input tensor '                         inp_pos' [i32, ne = {     1,     1,     1,     1 }] is used by node 'Kcur_pos-20' (ROPE)
llama_graph_n_input_tensors: input tensor '                         inp_pos' [i32, ne = {     1,     1,     1,     1 }] is used by node 'Qcur_pos-21' (ROPE)
llama_graph_n_input_tensors: input tensor '                         inp_pos' [i32, ne = {     1,     1,     1,     1 }] is used by node 'Kcur_pos-21' (ROPE)
llama_graph_n_input_tensors: input tensor '                         inp_pos' [i32, ne = {     1,     1,     1,     1 }] is used by node 'Qcur_pos-22' (ROPE)
llama_graph_n_input_tensors: input tensor '                         inp_pos' [i32, ne = {     1,     1,     1,     1 }] is used by node 'Kcur_pos-22' (ROPE)
llama_graph_n_input_tensors: input tensor '                         inp_pos' [i32, ne = {     1,     1,     1,     1 }] is used by node 'Qcur_pos-23' (ROPE)
llama_graph_n_input_tensors: input tensor '                         inp_pos' [i32, ne = {     1,     1,     1,     1 }] is used by node 'Kcur_pos-23' (ROPE)
llama_graph_n_input_tensors: input tensor '                         inp_pos' [i32, ne = {     1,     1,     1,     1 }] is used by node 'Qcur_pos-24' (ROPE)
llama_graph_n_input_tensors: input tensor '                         inp_pos' [i32, ne = {     1,     1,     1,     1 }] is used by node 'Qcur_pos-25' (ROPE)
llama_graph_n_input_tensors: input tensor '                         inp_pos' [i32, ne = {     1,     1,     1,     1 }] is used by node 'Qcur_pos-26' (ROPE)
llama_graph_n_input_tensors: input tensor '                         inp_pos' [i32, ne = {     1,     1,     1,     1 }] is used by node 'Qcur_pos-27' (ROPE)
llama_graph_n_input_tensors: input tensor '                         inp_pos' [i32, ne = {     1,     1,     1,     1 }] is used by node 'Qcur_pos-28' (ROPE)
llama_graph_n_input_tensors: input tensor '                         inp_pos' [i32, ne = {     1,     1,     1,     1 }] is used by node 'Qcur_pos-29' (ROPE)
llama_graph_n_input_tensors: input tensor '                         inp_pos' [i32, ne = {     1,     1,     1,     1 }] is used by node 'Qcur_pos-30' (ROPE)
llama_graph_n_input_tensors: input tensor '                         inp_pos' [i32, ne = {     1,     1,     1,     1 }] is used by node 'Qcur_pos-31' (ROPE)
llama_graph_n_input_tensors: input tensor '                         inp_pos' [i32, ne = {     1,     1,     1,     1 }] is used by node 'Qcur_pos-32' (ROPE)
llama_graph_n_input_tensors: input tensor '                         inp_pos' [i32, ne = {     1,     1,     1,     1 }] is used by node 'Qcur_pos-33' (ROPE)
llama_graph_n_input_tensors: input tensor '                         inp_pos' [i32, ne = {     1,     1,     1,     1 }] is used by node 'Qcur_pos-34' (ROPE)
llama_graph_n_input_tensors: input tensor '                         inp_pos' [i32, ne = {     1,     1,     1,     1 }] is used by node 'Qcur_pos-35' (ROPE)
llama_graph_n_input_tensors: input tensor '                         inp_pos' [i32, ne = {     1,     1,     1,     1 }] is used by node 'Qcur_pos-36' (ROPE)
llama_graph_n_input_tensors: input tensor '                         inp_pos' [i32, ne = {     1,     1,     1,     1 }] is used by node 'Qcur_pos-37' (ROPE)
llama_graph_n_input_tensors: input tensor '                         inp_pos' [i32, ne = {     1,     1,     1,     1 }] is used by node 'Qcur_pos-38' (ROPE)
llama_graph_n_input_tensors: input tensor '                         inp_pos' [i32, ne = {     1,     1,     1,     1 }] is used by node 'Qcur_pos-39' (ROPE)
llama_graph_n_input_tensors: input tensor '                         inp_pos' [i32, ne = {     1,     1,     1,     1 }] is used by node 'Qcur_pos-40' (ROPE)
llama_graph_n_input_tensors: input tensor '                         inp_pos' [i32, ne = {     1,     1,     1,     1 }] is used by node 'Qcur_pos-41' (ROPE)
llama_graph_n_input_tensors: input tensor '                          leaf_4' [i32, ne = {     1,     1,     1,     1 }] is used by node 'node_1' (GET_ROWS)
llama_graph_n_input_tensors: input tensor '                      inp_tokens' [i32, ne = {     1,     1,     1,     1 }] is used by node 'embd' (GET_ROWS)
graph_reserve: reserving a graph for ubatch with n_tokens =  452, n_seqs =  1, n_outputs =  452
llama_graph_n_input_tensors: input tensor '                         out_ids' [i32, ne = {   452,     1,     1,     1 }] is used by node 'result_norm' (GET_ROWS)
llama_graph_n_input_tensors: input tensor '                attn_inp_kq_mask' [f32, ne = {   512,   452,     1,     1 }] is used by node 'kq_soft_max-5' (SOFT_MAX)
llama_graph_n_input_tensors: input tensor '                attn_inp_kq_mask' [f32, ne = {   512,   452,     1,     1 }] is used by node 'kq_soft_max-11' (SOFT_MAX)
llama_graph_n_input_tensors: input tensor '                attn_inp_kq_mask' [f32, ne = {   512,   452,     1,     1 }] is used by node 'kq_soft_max-17' (SOFT_MAX)
llama_graph_n_input_tensors: input tensor '                attn_inp_kq_mask' [f32, ne = {   512,   452,     1,     1 }] is used by node 'kq_soft_max-23' (SOFT_MAX)
llama_graph_n_input_tensors: input tensor '                attn_inp_kq_mask' [f32, ne = {   512,   452,     1,     1 }] is used by node 'kq_soft_max-29' (SOFT_MAX)
llama_graph_n_input_tensors: input tensor '                attn_inp_kq_mask' [f32, ne = {   512,   452,     1,     1 }] is used by node 'kq_soft_max-35' (SOFT_MAX)
llama_graph_n_input_tensors: input tensor '                attn_inp_kq_mask' [f32, ne = {   512,   452,     1,     1 }] is used by node 'kq_soft_max-41' (SOFT_MAX)
llama_graph_n_input_tensors: input tensor '                 attn_inp_v_idxs' [i64, ne = { 462848,     1,     1,     1 }] is used by node 'cache_v_l5 (reshaped) (view)' (SET_ROWS)
llama_graph_n_input_tensors: input tensor '                 attn_inp_v_idxs' [i64, ne = { 462848,     1,     1,     1 }] is used by node 'cache_v_l11 (reshaped) (view)' (SET_ROWS)
llama_graph_n_input_tensors: input tensor '                 attn_inp_v_idxs' [i64, ne = { 462848,     1,     1,     1 }] is used by node 'cache_v_l17 (reshaped) (view)' (SET_ROWS)
llama_graph_n_input_tensors: input tensor '                 attn_inp_v_idxs' [i64, ne = { 462848,     1,     1,     1 }] is used by node 'cache_v_l23 (reshaped) (view)' (SET_ROWS)
llama_graph_n_input_tensors: input tensor '                 attn_inp_k_idxs' [i64, ne = {   452,     1,     1,     1 }] is used by node 'cache_k_l5 (view)' (SET_ROWS)
llama_graph_n_input_tensors: input tensor '                 attn_inp_k_idxs' [i64, ne = {   452,     1,     1,     1 }] is used by node 'cache_k_l11 (view)' (SET_ROWS)
llama_graph_n_input_tensors: input tensor '                 attn_inp_k_idxs' [i64, ne = {   452,     1,     1,     1 }] is used by node 'cache_k_l17 (view)' (SET_ROWS)
llama_graph_n_input_tensors: input tensor '                 attn_inp_k_idxs' [i64, ne = {   452,     1,     1,     1 }] is used by node 'cache_k_l23 (view)' (SET_ROWS)
llama_graph_n_input_tensors: input tensor '                attn_inp_kq_mask' [f32, ne = {   512,   452,     1,     1 }] is used by node 'kq_soft_max-0' (SOFT_MAX)
llama_graph_n_input_tensors: input tensor '                attn_inp_kq_mask' [f32, ne = {   512,   452,     1,     1 }] is used by node 'kq_soft_max-1' (SOFT_MAX)
llama_graph_n_input_tensors: input tensor '                attn_inp_kq_mask' [f32, ne = {   512,   452,     1,     1 }] is used by node 'kq_soft_max-2' (SOFT_MAX)
llama_graph_n_input_tensors: input tensor '                attn_inp_kq_mask' [f32, ne = {   512,   452,     1,     1 }] is used by node 'kq_soft_max-3' (SOFT_MAX)
llama_graph_n_input_tensors: input tensor '                attn_inp_kq_mask' [f32, ne = {   512,   452,     1,     1 }] is used by node 'kq_soft_max-4' (SOFT_MAX)
llama_graph_n_input_tensors: input tensor '                attn_inp_kq_mask' [f32, ne = {   512,   452,     1,     1 }] is used by node 'kq_soft_max-6' (SOFT_MAX)
llama_graph_n_input_tensors: input tensor '                attn_inp_kq_mask' [f32, ne = {   512,   452,     1,     1 }] is used by node 'kq_soft_max-7' (SOFT_MAX)
llama_graph_n_input_tensors: input tensor '                attn_inp_kq_mask' [f32, ne = {   512,   452,     1,     1 }] is used by node 'kq_soft_max-8' (SOFT_MAX)
llama_graph_n_input_tensors: input tensor '                attn_inp_kq_mask' [f32, ne = {   512,   452,     1,     1 }] is used by node 'kq_soft_max-9' (SOFT_MAX)
llama_graph_n_input_tensors: input tensor '                attn_inp_kq_mask' [f32, ne = {   512,   452,     1,     1 }] is used by node 'kq_soft_max-10' (SOFT_MAX)
llama_graph_n_input_tensors: input tensor '                attn_inp_kq_mask' [f32, ne = {   512,   452,     1,     1 }] is used by node 'kq_soft_max-12' (SOFT_MAX)
llama_graph_n_input_tensors: input tensor '                attn_inp_kq_mask' [f32, ne = {   512,   452,     1,     1 }] is used by node 'kq_soft_max-13' (SOFT_MAX)
llama_graph_n_input_tensors: input tensor '                attn_inp_kq_mask' [f32, ne = {   512,   452,     1,     1 }] is used by node 'kq_soft_max-14' (SOFT_MAX)
llama_graph_n_input_tensors: input tensor '                attn_inp_kq_mask' [f32, ne = {   512,   452,     1,     1 }] is used by node 'kq_soft_max-15' (SOFT_MAX)
llama_graph_n_input_tensors: input tensor '                attn_inp_kq_mask' [f32, ne = {   512,   452,     1,     1 }] is used by node 'kq_soft_max-16' (SOFT_MAX)
llama_graph_n_input_tensors: input tensor '                attn_inp_kq_mask' [f32, ne = {   512,   452,     1,     1 }] is used by node 'kq_soft_max-18' (SOFT_MAX)
llama_graph_n_input_tensors: input tensor '                attn_inp_kq_mask' [f32, ne = {   512,   452,     1,     1 }] is used by node 'kq_soft_max-19' (SOFT_MAX)
llama_graph_n_input_tensors: input tensor '                attn_inp_kq_mask' [f32, ne = {   512,   452,     1,     1 }] is used by node 'kq_soft_max-20' (SOFT_MAX)
llama_graph_n_input_tensors: input tensor '                attn_inp_kq_mask' [f32, ne = {   512,   452,     1,     1 }] is used by node 'kq_soft_max-21' (SOFT_MAX)
llama_graph_n_input_tensors: input tensor '                attn_inp_kq_mask' [f32, ne = {   512,   452,     1,     1 }] is used by node 'kq_soft_max-22' (SOFT_MAX)
llama_graph_n_input_tensors: input tensor '                attn_inp_kq_mask' [f32, ne = {   512,   452,     1,     1 }] is used by node 'kq_soft_max-24' (SOFT_MAX)
llama_graph_n_input_tensors: input tensor '                attn_inp_kq_mask' [f32, ne = {   512,   452,     1,     1 }] is used by node 'kq_soft_max-25' (SOFT_MAX)
llama_graph_n_input_tensors: input tensor '                attn_inp_kq_mask' [f32, ne = {   512,   452,     1,     1 }] is used by node 'kq_soft_max-26' (SOFT_MAX)
llama_graph_n_input_tensors: input tensor '                attn_inp_kq_mask' [f32, ne = {   512,   452,     1,     1 }] is used by node 'kq_soft_max-27' (SOFT_MAX)
llama_graph_n_input_tensors: input tensor '                attn_inp_kq_mask' [f32, ne = {   512,   452,     1,     1 }] is used by node 'kq_soft_max-28' (SOFT_MAX)
llama_graph_n_input_tensors: input tensor '                attn_inp_kq_mask' [f32, ne = {   512,   452,     1,     1 }] is used by node 'kq_soft_max-30' (SOFT_MAX)
llama_graph_n_input_tensors: input tensor '                attn_inp_kq_mask' [f32, ne = {   512,   452,     1,     1 }] is used by node 'kq_soft_max-31' (SOFT_MAX)
llama_graph_n_input_tensors: input tensor '                attn_inp_kq_mask' [f32, ne = {   512,   452,     1,     1 }] is used by node 'kq_soft_max-32' (SOFT_MAX)
llama_graph_n_input_tensors: input tensor '                attn_inp_kq_mask' [f32, ne = {   512,   452,     1,     1 }] is used by node 'kq_soft_max-33' (SOFT_MAX)
llama_graph_n_input_tensors: input tensor '                attn_inp_kq_mask' [f32, ne = {   512,   452,     1,     1 }] is used by node 'kq_soft_max-34' (SOFT_MAX)
llama_graph_n_input_tensors: input tensor '                attn_inp_kq_mask' [f32, ne = {   512,   452,     1,     1 }] is used by node 'kq_soft_max-36' (SOFT_MAX)
llama_graph_n_input_tensors: input tensor '                attn_inp_kq_mask' [f32, ne = {   512,   452,     1,     1 }] is used by node 'kq_soft_max-37' (SOFT_MAX)
llama_graph_n_input_tensors: input tensor '                attn_inp_kq_mask' [f32, ne = {   512,   452,     1,     1 }] is used by node 'kq_soft_max-38' (SOFT_MAX)
llama_graph_n_input_tensors: input tensor '                attn_inp_kq_mask' [f32, ne = {   512,   452,     1,     1 }] is used by node 'kq_soft_max-39' (SOFT_MAX)
llama_graph_n_input_tensors: input tensor '                attn_inp_kq_mask' [f32, ne = {   512,   452,     1,     1 }] is used by node 'kq_soft_max-40' (SOFT_MAX)
llama_graph_n_input_tensors: input tensor '                 attn_inp_v_idxs' [i64, ne = { 462848,     1,     1,     1 }] is used by node 'cache_v_l0 (reshaped) (view)' (SET_ROWS)
llama_graph_n_input_tensors: input tensor '                 attn_inp_v_idxs' [i64, ne = { 462848,     1,     1,     1 }] is used by node 'cache_v_l1 (reshaped) (view)' (SET_ROWS)
llama_graph_n_input_tensors: input tensor '                 attn_inp_v_idxs' [i64, ne = { 462848,     1,     1,     1 }] is used by node 'cache_v_l2 (reshaped) (view)' (SET_ROWS)
llama_graph_n_input_tensors: input tensor '                 attn_inp_v_idxs' [i64, ne = { 462848,     1,     1,     1 }] is used by node 'cache_v_l3 (reshaped) (view)' (SET_ROWS)
llama_graph_n_input_tensors: input tensor '                 attn_inp_v_idxs' [i64, ne = { 462848,     1,     1,     1 }] is used by node 'cache_v_l4 (reshaped) (view)' (SET_ROWS)
llama_graph_n_input_tensors: input tensor '                 attn_inp_v_idxs' [i64, ne = { 462848,     1,     1,     1 }] is used by node 'cache_v_l6 (reshaped) (view)' (SET_ROWS)
llama_graph_n_input_tensors: input tensor '                 attn_inp_v_idxs' [i64, ne = { 462848,     1,     1,     1 }] is used by node 'cache_v_l7 (reshaped) (view)' (SET_ROWS)
llama_graph_n_input_tensors: input tensor '                 attn_inp_v_idxs' [i64, ne = { 462848,     1,     1,     1 }] is used by node 'cache_v_l8 (reshaped) (view)' (SET_ROWS)
llama_graph_n_input_tensors: input tensor '                 attn_inp_v_idxs' [i64, ne = { 462848,     1,     1,     1 }] is used by node 'cache_v_l9 (reshaped) (view)' (SET_ROWS)
llama_graph_n_input_tensors: input tensor '                 attn_inp_v_idxs' [i64, ne = { 462848,     1,     1,     1 }] is used by node 'cache_v_l10 (reshaped) (view)' (SET_ROWS)
llama_graph_n_input_tensors: input tensor '                 attn_inp_v_idxs' [i64, ne = { 462848,     1,     1,     1 }] is used by node 'cache_v_l12 (reshaped) (view)' (SET_ROWS)
llama_graph_n_input_tensors: input tensor '                 attn_inp_v_idxs' [i64, ne = { 462848,     1,     1,     1 }] is used by node 'cache_v_l13 (reshaped) (view)' (SET_ROWS)
llama_graph_n_input_tensors: input tensor '                 attn_inp_v_idxs' [i64, ne = { 462848,     1,     1,     1 }] is used by node 'cache_v_l14 (reshaped) (view)' (SET_ROWS)
llama_graph_n_input_tensors: input tensor '                 attn_inp_v_idxs' [i64, ne = { 462848,     1,     1,     1 }] is used by node 'cache_v_l15 (reshaped) (view)' (SET_ROWS)
llama_graph_n_input_tensors: input tensor '                 attn_inp_v_idxs' [i64, ne = { 462848,     1,     1,     1 }] is used by node 'cache_v_l16 (reshaped) (view)' (SET_ROWS)
llama_graph_n_input_tensors: input tensor '                 attn_inp_v_idxs' [i64, ne = { 462848,     1,     1,     1 }] is used by node 'cache_v_l18 (reshaped) (view)' (SET_ROWS)
llama_graph_n_input_tensors: input tensor '                 attn_inp_v_idxs' [i64, ne = { 462848,     1,     1,     1 }] is used by node 'cache_v_l19 (reshaped) (view)' (SET_ROWS)
llama_graph_n_input_tensors: input tensor '                 attn_inp_v_idxs' [i64, ne = { 462848,     1,     1,     1 }] is used by node 'cache_v_l20 (reshaped) (view)' (SET_ROWS)
llama_graph_n_input_tensors: input tensor '                 attn_inp_v_idxs' [i64, ne = { 462848,     1,     1,     1 }] is used by node 'cache_v_l21 (reshaped) (view)' (SET_ROWS)
llama_graph_n_input_tensors: input tensor '                 attn_inp_v_idxs' [i64, ne = { 462848,     1,     1,     1 }] is used by node 'cache_v_l22 (reshaped) (view)' (SET_ROWS)
llama_graph_n_input_tensors: input tensor '                 attn_inp_k_idxs' [i64, ne = {   452,     1,     1,     1 }] is used by node 'cache_k_l0 (view)' (SET_ROWS)
llama_graph_n_input_tensors: input tensor '                 attn_inp_k_idxs' [i64, ne = {   452,     1,     1,     1 }] is used by node 'cache_k_l1 (view)' (SET_ROWS)
llama_graph_n_input_tensors: input tensor '                 attn_inp_k_idxs' [i64, ne = {   452,     1,     1,     1 }] is used by node 'cache_k_l2 (view)' (SET_ROWS)
llama_graph_n_input_tensors: input tensor '                 attn_inp_k_idxs' [i64, ne = {   452,     1,     1,     1 }] is used by node 'cache_k_l3 (view)' (SET_ROWS)
llama_graph_n_input_tensors: input tensor '                 attn_inp_k_idxs' [i64, ne = {   452,     1,     1,     1 }] is used by node 'cache_k_l4 (view)' (SET_ROWS)
llama_graph_n_input_tensors: input tensor '                 attn_inp_k_idxs' [i64, ne = {   452,     1,     1,     1 }] is used by node 'cache_k_l6 (view)' (SET_ROWS)
llama_graph_n_input_tensors: input tensor '                 attn_inp_k_idxs' [i64, ne = {   452,     1,     1,     1 }] is used by node 'cache_k_l7 (view)' (SET_ROWS)
llama_graph_n_input_tensors: input tensor '                 attn_inp_k_idxs' [i64, ne = {   452,     1,     1,     1 }] is used by node 'cache_k_l8 (view)' (SET_ROWS)
llama_graph_n_input_tensors: input tensor '                 attn_inp_k_idxs' [i64, ne = {   452,     1,     1,     1 }] is used by node 'cache_k_l9 (view)' (SET_ROWS)
llama_graph_n_input_tensors: input tensor '                 attn_inp_k_idxs' [i64, ne = {   452,     1,     1,     1 }] is used by node 'cache_k_l10 (view)' (SET_ROWS)
llama_graph_n_input_tensors: input tensor '                 attn_inp_k_idxs' [i64, ne = {   452,     1,     1,     1 }] is used by node 'cache_k_l12 (view)' (SET_ROWS)
llama_graph_n_input_tensors: input tensor '                 attn_inp_k_idxs' [i64, ne = {   452,     1,     1,     1 }] is used by node 'cache_k_l13 (view)' (SET_ROWS)
llama_graph_n_input_tensors: input tensor '                 attn_inp_k_idxs' [i64, ne = {   452,     1,     1,     1 }] is used by node 'cache_k_l14 (view)' (SET_ROWS)
llama_graph_n_input_tensors: input tensor '                 attn_inp_k_idxs' [i64, ne = {   452,     1,     1,     1 }] is used by node 'cache_k_l15 (view)' (SET_ROWS)
llama_graph_n_input_tensors: input tensor '                 attn_inp_k_idxs' [i64, ne = {   452,     1,     1,     1 }] is used by node 'cache_k_l16 (view)' (SET_ROWS)
llama_graph_n_input_tensors: input tensor '                 attn_inp_k_idxs' [i64, ne = {   452,     1,     1,     1 }] is used by node 'cache_k_l18 (view)' (SET_ROWS)
llama_graph_n_input_tensors: input tensor '                 attn_inp_k_idxs' [i64, ne = {   452,     1,     1,     1 }] is used by node 'cache_k_l19 (view)' (SET_ROWS)
llama_graph_n_input_tensors: input tensor '                 attn_inp_k_idxs' [i64, ne = {   452,     1,     1,     1 }] is used by node 'cache_k_l20 (view)' (SET_ROWS)
llama_graph_n_input_tensors: input tensor '                 attn_inp_k_idxs' [i64, ne = {   452,     1,     1,     1 }] is used by node 'cache_k_l21 (view)' (SET_ROWS)
llama_graph_n_input_tensors: input tensor '                 attn_inp_k_idxs' [i64, ne = {   452,     1,     1,     1 }] is used by node 'cache_k_l22 (view)' (SET_ROWS)
llama_graph_n_input_tensors: input tensor '                         inp_pos' [i32, ne = {   452,     1,     1,     1 }] is used by node 'Qcur_pos-0' (ROPE)
llama_graph_n_input_tensors: input tensor '                         inp_pos' [i32, ne = {   452,     1,     1,     1 }] is used by node 'Kcur_pos-0' (ROPE)
llama_graph_n_input_tensors: input tensor '                         inp_pos' [i32, ne = {   452,     1,     1,     1 }] is used by node 'Qcur_pos-1' (ROPE)
llama_graph_n_input_tensors: input tensor '                         inp_pos' [i32, ne = {   452,     1,     1,     1 }] is used by node 'Kcur_pos-1' (ROPE)
llama_graph_n_input_tensors: input tensor '                         inp_pos' [i32, ne = {   452,     1,     1,     1 }] is used by node 'Qcur_pos-2' (ROPE)
llama_graph_n_input_tensors: input tensor '                         inp_pos' [i32, ne = {   452,     1,     1,     1 }] is used by node 'Kcur_pos-2' (ROPE)
llama_graph_n_input_tensors: input tensor '                         inp_pos' [i32, ne = {   452,     1,     1,     1 }] is used by node 'Qcur_pos-3' (ROPE)
llama_graph_n_input_tensors: input tensor '                         inp_pos' [i32, ne = {   452,     1,     1,     1 }] is used by node 'Kcur_pos-3' (ROPE)
llama_graph_n_input_tensors: input tensor '                         inp_pos' [i32, ne = {   452,     1,     1,     1 }] is used by node 'Qcur_pos-4' (ROPE)
llama_graph_n_input_tensors: input tensor '                         inp_pos' [i32, ne = {   452,     1,     1,     1 }] is used by node 'Kcur_pos-4' (ROPE)
llama_graph_n_input_tensors: input tensor '                         inp_pos' [i32, ne = {   452,     1,     1,     1 }] is used by node 'Qcur_pos-5' (ROPE)
llama_graph_n_input_tensors: input tensor '                         inp_pos' [i32, ne = {   452,     1,     1,     1 }] is used by node 'Kcur_pos-5' (ROPE)
llama_graph_n_input_tensors: input tensor '                         inp_pos' [i32, ne = {   452,     1,     1,     1 }] is used by node 'Qcur_pos-6' (ROPE)
llama_graph_n_input_tensors: input tensor '                         inp_pos' [i32, ne = {   452,     1,     1,     1 }] is used by node 'Kcur_pos-6' (ROPE)
llama_graph_n_input_tensors: input tensor '                         inp_pos' [i32, ne = {   452,     1,     1,     1 }] is used by node 'Qcur_pos-7' (ROPE)
llama_graph_n_input_tensors: input tensor '                         inp_pos' [i32, ne = {   452,     1,     1,     1 }] is used by node 'Kcur_pos-7' (ROPE)
llama_graph_n_input_tensors: input tensor '                         inp_pos' [i32, ne = {   452,     1,     1,     1 }] is used by node 'Qcur_pos-8' (ROPE)
llama_graph_n_input_tensors: input tensor '                         inp_pos' [i32, ne = {   452,     1,     1,     1 }] is used by node 'Kcur_pos-8' (ROPE)
llama_graph_n_input_tensors: input tensor '                         inp_pos' [i32, ne = {   452,     1,     1,     1 }] is used by node 'Qcur_pos-9' (ROPE)
llama_graph_n_input_tensors: input tensor '                         inp_pos' [i32, ne = {   452,     1,     1,     1 }] is used by node 'Kcur_pos-9' (ROPE)
llama_graph_n_input_tensors: input tensor '                         inp_pos' [i32, ne = {   452,     1,     1,     1 }] is used by node 'Qcur_pos-10' (ROPE)
llama_graph_n_input_tensors: input tensor '                         inp_pos' [i32, ne = {   452,     1,     1,     1 }] is used by node 'Kcur_pos-10' (ROPE)
llama_graph_n_input_tensors: input tensor '                         inp_pos' [i32, ne = {   452,     1,     1,     1 }] is used by node 'Qcur_pos-11' (ROPE)
llama_graph_n_input_tensors: input tensor '                         inp_pos' [i32, ne = {   452,     1,     1,     1 }] is used by node 'Kcur_pos-11' (ROPE)
llama_graph_n_input_tensors: input tensor '                         inp_pos' [i32, ne = {   452,     1,     1,     1 }] is used by node 'Qcur_pos-12' (ROPE)
llama_graph_n_input_tensors: input tensor '                         inp_pos' [i32, ne = {   452,     1,     1,     1 }] is used by node 'Kcur_pos-12' (ROPE)
llama_graph_n_input_tensors: input tensor '                         inp_pos' [i32, ne = {   452,     1,     1,     1 }] is used by node 'Qcur_pos-13' (ROPE)
llama_graph_n_input_tensors: input tensor '                         inp_pos' [i32, ne = {   452,     1,     1,     1 }] is used by node 'Kcur_pos-13' (ROPE)
llama_graph_n_input_tensors: input tensor '                         inp_pos' [i32, ne = {   452,     1,     1,     1 }] is used by node 'Qcur_pos-14' (ROPE)
llama_graph_n_input_tensors: input tensor '                         inp_pos' [i32, ne = {   452,     1,     1,     1 }] is used by node 'Kcur_pos-14' (ROPE)
llama_graph_n_input_tensors: input tensor '                         inp_pos' [i32, ne = {   452,     1,     1,     1 }] is used by node 'Qcur_pos-15' (ROPE)
llama_graph_n_input_tensors: input tensor '                         inp_pos' [i32, ne = {   452,     1,     1,     1 }] is used by node 'Kcur_pos-15' (ROPE)
llama_graph_n_input_tensors: input tensor '                         inp_pos' [i32, ne = {   452,     1,     1,     1 }] is used by node 'Qcur_pos-16' (ROPE)
llama_graph_n_input_tensors: input tensor '                         inp_pos' [i32, ne = {   452,     1,     1,     1 }] is used by node 'Kcur_pos-16' (ROPE)
llama_graph_n_input_tensors: input tensor '                         inp_pos' [i32, ne = {   452,     1,     1,     1 }] is used by node 'Qcur_pos-17' (ROPE)
llama_graph_n_input_tensors: input tensor '                         inp_pos' [i32, ne = {   452,     1,     1,     1 }] is used by node 'Kcur_pos-17' (ROPE)
llama_graph_n_input_tensors: input tensor '                         inp_pos' [i32, ne = {   452,     1,     1,     1 }] is used by node 'Qcur_pos-18' (ROPE)
llama_graph_n_input_tensors: input tensor '                         inp_pos' [i32, ne = {   452,     1,     1,     1 }] is used by node 'Kcur_pos-18' (ROPE)
llama_graph_n_input_tensors: input tensor '                         inp_pos' [i32, ne = {   452,     1,     1,     1 }] is used by node 'Qcur_pos-19' (ROPE)
llama_graph_n_input_tensors: input tensor '                         inp_pos' [i32, ne = {   452,     1,     1,     1 }] is used by node 'Kcur_pos-19' (ROPE)
llama_graph_n_input_tensors: input tensor '                         inp_pos' [i32, ne = {   452,     1,     1,     1 }] is used by node 'Qcur_pos-20' (ROPE)
llama_graph_n_input_tensors: input tensor '                         inp_pos' [i32, ne = {   452,     1,     1,     1 }] is used by node 'Kcur_pos-20' (ROPE)
llama_graph_n_input_tensors: input tensor '                         inp_pos' [i32, ne = {   452,     1,     1,     1 }] is used by node 'Qcur_pos-21' (ROPE)
llama_graph_n_input_tensors: input tensor '                         inp_pos' [i32, ne = {   452,     1,     1,     1 }] is used by node 'Kcur_pos-21' (ROPE)
llama_graph_n_input_tensors: input tensor '                         inp_pos' [i32, ne = {   452,     1,     1,     1 }] is used by node 'Qcur_pos-22' (ROPE)
llama_graph_n_input_tensors: input tensor '                         inp_pos' [i32, ne = {   452,     1,     1,     1 }] is used by node 'Kcur_pos-22' (ROPE)
llama_graph_n_input_tensors: input tensor '                         inp_pos' [i32, ne = {   452,     1,     1,     1 }] is used by node 'Qcur_pos-23' (ROPE)
llama_graph_n_input_tensors: input tensor '                         inp_pos' [i32, ne = {   452,     1,     1,     1 }] is used by node 'Kcur_pos-23' (ROPE)
llama_graph_n_input_tensors: input tensor '                         inp_pos' [i32, ne = {   452,     1,     1,     1 }] is used by node 'Qcur_pos-24' (ROPE)
llama_graph_n_input_tensors: input tensor '                         inp_pos' [i32, ne = {   452,     1,     1,     1 }] is used by node 'Qcur_pos-25' (ROPE)
llama_graph_n_input_tensors: input tensor '                         inp_pos' [i32, ne = {   452,     1,     1,     1 }] is used by node 'Qcur_pos-26' (ROPE)
llama_graph_n_input_tensors: input tensor '                         inp_pos' [i32, ne = {   452,     1,     1,     1 }] is used by node 'Qcur_pos-27' (ROPE)
llama_graph_n_input_tensors: input tensor '                         inp_pos' [i32, ne = {   452,     1,     1,     1 }] is used by node 'Qcur_pos-28' (ROPE)
llama_graph_n_input_tensors: input tensor '                         inp_pos' [i32, ne = {   452,     1,     1,     1 }] is used by node 'Qcur_pos-29' (ROPE)
llama_graph_n_input_tensors: input tensor '                         inp_pos' [i32, ne = {   452,     1,     1,     1 }] is used by node 'Qcur_pos-30' (ROPE)
llama_graph_n_input_tensors: input tensor '                         inp_pos' [i32, ne = {   452,     1,     1,     1 }] is used by node 'Qcur_pos-31' (ROPE)
llama_graph_n_input_tensors: input tensor '                         inp_pos' [i32, ne = {   452,     1,     1,     1 }] is used by node 'Qcur_pos-32' (ROPE)
llama_graph_n_input_tensors: input tensor '                         inp_pos' [i32, ne = {   452,     1,     1,     1 }] is used by node 'Qcur_pos-33' (ROPE)
llama_graph_n_input_tensors: input tensor '                         inp_pos' [i32, ne = {   452,     1,     1,     1 }] is used by node 'Qcur_pos-34' (ROPE)
llama_graph_n_input_tensors: input tensor '                         inp_pos' [i32, ne = {   452,     1,     1,     1 }] is used by node 'Qcur_pos-35' (ROPE)
llama_graph_n_input_tensors: input tensor '                         inp_pos' [i32, ne = {   452,     1,     1,     1 }] is used by node 'Qcur_pos-36' (ROPE)
llama_graph_n_input_tensors: input tensor '                         inp_pos' [i32, ne = {   452,     1,     1,     1 }] is used by node 'Qcur_pos-37' (ROPE)
llama_graph_n_input_tensors: input tensor '                         inp_pos' [i32, ne = {   452,     1,     1,     1 }] is used by node 'Qcur_pos-38' (ROPE)
llama_graph_n_input_tensors: input tensor '                         inp_pos' [i32, ne = {   452,     1,     1,     1 }] is used by node 'Qcur_pos-39' (ROPE)
llama_graph_n_input_tensors: input tensor '                         inp_pos' [i32, ne = {   452,     1,     1,     1 }] is used by node 'Qcur_pos-40' (ROPE)
llama_graph_n_input_tensors: input tensor '                         inp_pos' [i32, ne = {   452,     1,     1,     1 }] is used by node 'Qcur_pos-41' (ROPE)
llama_graph_n_input_tensors: input tensor '                          leaf_4' [i32, ne = {   452,     1,     1,     1 }] is used by node 'node_1' (GET_ROWS)
llama_graph_n_input_tensors: input tensor '                      inp_tokens' [i32, ne = {   452,     1,     1,     1 }] is used by node 'embd' (GET_ROWS)
sched_reserve:      CUDA0 compute buffer size =   460.83 MiB
sched_reserve:  CUDA_Host compute buffer size =    13.26 MiB
sched_reserve: graph: nodes = 2057, splits = 1, input objects = 5, input tensors = 10
sched_reserve: reserve took 16.54 ms, sched copies = 1
~llama_context:      CUDA0 compute buffer size is 460.8281 MiB, matches expectation of 460.8281 MiB
~llama_context:  CUDA_Host compute buffer size is  13.2560 MiB, matches expectation of  13.2560 MiB
before=144 image_tokens=300 after=7 positions=451 embedding_width=2560 answers=4
answer_0 id=236776 logit=27.755928
answer_1 id=236799 logit=28.7806473
answer_2 id=236780 logit=28.0145874
answer_3 id=236796 logit=21.8301868
